ais_event_id,vessel_id,mmsi,vessel_name,vessel_type,vessel_group,is_military,flag_country,timestamp_utc,latitude,longitude,speed_knots,course_deg,course_change_deg,ais_status,ais_gap_minutes,maritime_zone,zone_risk_level,sensitive_zone_name,sensitive_zone_distance_km,near_sensitive_zone,nearest_vessel_distance_nm,nearby_vessel_count,route_pattern,signal_quality,behavior_label,behavior_flags,simulation_seed
AIS-0053-01,VES-0053,710935746,NORD-395,Porte-conteneurs,civil,False,Norway,2026-05-11T21:02:23.041705+00:00,26.12066,56.75007,11.46,95.4,13.7,Actif,0,Détroit d'Ormuz,Critical,Détroit d'Ormuz,76.12,False,13.2,0,transit regulier,0.964,normal,aucun,20260513
AIS-0027-01,VES-0027,614911621,TRADE-798,Porte-conteneurs,civil,False,Panama,2026-05-11T21:18:32.688876+00:00,35.15133,31.81536,18.22,137.4,2.8,Actif,0,Méditerranée orientale,High,Méditerranée orientale,129.14,False,8.44,1,transit regulier,0.847,normal,aucun,20260513
AIS-0008-01,VES-0008,516265884,OCEAN-476,Navire civil,civil,False,Marshall Islands,2026-05-11T21:30:50.085499+00:00,19.68473,40.07462,0.37,228.8,138.1,Actif,0,Mer Rouge,High,Mer Rouge,149.68,False,1.16,5,loitering,0.99,suspect,proximite autre navire; variation cap forte,20260513
AIS-0053-03,VES-0053,710935746,NORD-395,Porte-conteneurs,civil,False,Norway,2026-05-11T21:38:23.041705+00:00,26.10316,56.80808,15.69,110.0,16.0,Actif,0,Détroit d'Ormuz,Critical,Détroit d'Ormuz,81.54,False,18.46,1,approche portuaire,0.99,normal,aucun,20260513
AIS-0053-02,VES-0053,710935746,NORD-395,Porte-conteneurs,civil,False,Norway,2026-05-11T21:58:23.041705+00:00,26.0792,56.85343,15.78,106.0,10.8,Actif,0,Détroit d'Ormuz,Critical,Détroit d'Ormuz,85.72,False,27.82,0,transit regulier,0.99,normal,aucun,20260513
AIS-0027-05,VES-0027,614911621,TRADE-798,Porte-conteneurs,civil,False,Panama,2026-05-11T22:30:32.688876+00:00,35.06985,31.95792,19.18,132.1,7.5,Actif,0,Méditerranée orientale,High,Méditerranée orientale,114.72,False,10.6,0,transit regulier,0.872,normal,aucun,20260513
AIS-0027-02,VES-0027,614911621,TRADE-798,Porte-conteneurs,civil,False,Panama,2026-05-11T22:37:32.688876+00:00,35.12503,31.86046,18.54,152.1,31.5,Actif,0,Méditerranée orientale,High,Méditerranée orientale,124.53,False,24.87,0,transit regulier,0.899,normal,aucun,20260513
AIS-0008-02,VES-0008,516265884,OCEAN-476,Navire civil,civil,False,Marshall Islands,2026-05-11T22:48:50.085499+00:00,19.63515,39.91474,19.23,266.1,13.5,Actif,0,Mer Rouge,High,Mer Rouge,133.6,False,3.63,4,rendez-vous probable,0.899,suspect,vitesse atypique,20260513
AIS-0027-03,VES-0027,614911621,TRADE-798,Porte-conteneurs,civil,False,Panama,2026-05-11T22:56:32.688876+00:00,35.11826,31.8394,12.63,149.4,7.6,Actif,0,Méditerranée orientale,High,Méditerranée orientale,126.27,False,10.79,2,transit regulier,0.99,normal,aucun,20260513
AIS-0008-03,VES-0008,516265884,OCEAN-476,Navire civil,civil,False,Marshall Islands,2026-05-11T23:14:50.085499+00:00,19.64088,39.93819,19.83,232.7,69.8,Actif,0,Mer Rouge,High,Mer Rouge,135.82,False,3.16,3,rendez-vous probable,0.919,suspect,vitesse atypique,20260513
AIS-0009-01,VES-0009,314055579,NORD-750,Cargo,civil,False,Liberia,2026-05-11T23:22:48.551489+00:00,26.93115,56.72325,9.25,72.4,25.9,Actif,0,Détroit d'Ormuz,Critical,Détroit d'Ormuz,126.11,False,18.85,0,approche portuaire,0.854,normal,aucun,20260513
AIS-0050-01,VES-0050,407063508,ATL-108,Pétrolier,civil,False,Greece,2026-05-11T23:24:39.806795+00:00,33.74913,32.48375,12.72,62.4,13.6,Actif,0,Méditerranée orientale,High,Méditerranée orientale,143.88,False,16.45,1,transit regulier,0.979,normal,aucun,20260513
AIS-0011-01,VES-0011,308561057,ATL-344,Cargo,civil,False,Greece,2026-05-11T23:33:15.305483+00:00,24.33958,120.4318,10.32,109.7,28.6,Actif,0,Détroit de Taïwan,Critical,Détroit de Taïwan,70.07,False,3.29,4,rendez-vous probable,0.773,normal,aucun,20260513
AIS-0062-01,VES-0062,414242640,TRADE-483,Cargo,civil,False,Greece,2026-05-12T00:15:09.960142+00:00,26.59724,56.66374,16.91,224.1,11.5,Actif,0,Détroit d'Ormuz,Critical,Détroit d'Ormuz,93.74,False,1.1,4,rendez-vous probable,0.957,suspect,proximite autre navire,20260513
AIS-0011-02,VES-0011,308561057,ATL-344,Cargo,civil,False,Greece,2026-05-12T00:30:15.305483+00:00,24.24945,120.51224,1.0,139.2,80.3,Actif,0,Détroit de Taïwan,Critical,Détroit de Taïwan,70.33,False,1.5,1,variation de cap,0.972,suspect,proximite autre navire; variation cap forte,20260513
AIS-0050-02,VES-0050,407063508,ATL-108,Pétrolier,civil,False,Greece,2026-05-12T00:30:39.806795+00:00,33.78208,32.5459,9.16,56.0,37.9,Actif,0,Méditerranée orientale,High,Méditerranée orientale,138.05,False,10.84,0,transit regulier,0.99,normal,aucun,20260513
AIS-0008-04,VES-0008,516265884,OCEAN-476,Navire civil,civil,False,Marshall Islands,2026-05-12T00:48:50.085499+00:00,19.57814,39.92159,0.77,250.9,8.8,Actif,0,Mer Rouge,High,Mer Rouge,129.82,False,2.56,2,variation de cap,0.822,normal,aucun,20260513
AIS-0008-05,VES-0008,516265884,OCEAN-476,Navire civil,civil,False,Marshall Islands,2026-05-12T00:54:50.085499+00:00,19.61278,39.78276,9.98,255.8,8.0,Actif,0,Mer Rouge,High,Mer Rouge,122.16,False,2.45,4,variation de cap,0.972,normal,aucun,20260513
AIS-0076-01,VES-0076,381167275,MER-530,Pétrolier,civil,False,Liberia,2026-05-12T00:56:24.655296+00:00,26.94608,55.68526,8.88,242.7,14.5,Actif,0,Détroit d'Ormuz,Critical,Détroit d'Ormuz,109.77,False,17.25,1,approche portuaire,0.99,normal,aucun,20260513
AIS-0009-02,VES-0009,314055579,NORD-750,Cargo,civil,False,Liberia,2026-05-12T00:56:48.551489+00:00,26.92885,56.78593,9.21,108.5,19.7,Actif,0,Détroit d'Ormuz,Critical,Détroit d'Ormuz,129.57,False,7.82,0,patrouille declaree,0.776,normal,aucun,20260513
AIS-0053-04,VES-0053,710935746,NORD-395,Porte-conteneurs,civil,False,Norway,2026-05-12T01:08:23.041705+00:00,26.01153,57.08247,14.02,107.1,22.4,Actif,0,Détroit d'Ormuz,Critical,Détroit d'Ormuz,108.19,False,12.17,1,transit regulier,0.937,normal,aucun,20260513
AIS-0062-02,VES-0062,414242640,TRADE-483,Cargo,civil,False,Greece,2026-05-12T01:10:09.960142+00:00,26.58732,56.64929,14.53,197.2,114.4,Actif,0,Détroit d'Ormuz,Critical,Détroit d'Ormuz,91.95,False,2.3,1,loitering,0.99,suspect,variation cap forte,20260513
AIS-0062-03,VES-0062,414242640,TRADE-483,Cargo,civil,False,Greece,2026-05-12T01:17:09.960142+00:00,26.43466,56.51113,8.62,244.8,109.7,Actif,0,Détroit d'Ormuz,Critical,Détroit d'Ormuz,70.25,False,2.8,4,loitering,0.799,suspect,variation cap forte,20260513
AIS-0006-01,VES-0006,206612062,ATL-563,Pétrolier,civil,False,France,2026-05-12T01:28:56.453809+00:00,24.44652,120.26675,11.28,27.6,20.5,Actif,0,Détroit de Taïwan,Critical,Détroit de Taïwan,79.33,False,24.98,0,transit regulier,0.716,normal,aucun,20260513
AIS-0027-04,VES-0027,614911621,TRADE-798,Porte-conteneurs,civil,False,Panama,2026-05-12T01:33:32.688876+00:00,35.06477,32.0734,13.2,125.8,10.8,Actif,0,Méditerranée orientale,High,Méditerranée orientale,104.26,False,13.71,1,transit regulier,0.94,normal,aucun,20260513
AIS-0011-03,VES-0011,308561057,ATL-344,Cargo,civil,False,Greece,2026-05-12T01:41:15.305483+00:00,24.20916,120.62866,12.88,138.2,2.0,Interrompu,90,Détroit de Taïwan,Critical,Détroit de Taïwan,66.27,False,0.16,3,reapparition tardive,0.536,suspect,coupure AIS; proximite autre navire,20260513
AIS-0009-05,VES-0009,314055579,NORD-750,Cargo,civil,False,Liberia,2026-05-12T01:46:48.551489+00:00,26.95325,56.95427,14.41,75.9,14.1,Actif,0,Détroit d'Ormuz,Critical,Détroit d'Ormuz,142.32,False,17.4,2,transit regulier,0.898,normal,aucun,20260513
AIS-0076-02,VES-0076,381167275,MER-530,Pétrolier,civil,False,Liberia,2026-05-12T01:49:24.655296+00:00,26.92864,55.66894,14.78,239.9,16.1,Actif,0,Détroit d'Ormuz,Critical,Détroit d'Ormuz,108.39,False,20.26,0,transit regulier,0.99,normal,aucun,20260513
AIS-0009-04,VES-0009,314055579,NORD-750,Cargo,civil,False,Liberia,2026-05-12T01:52:48.551489+00:00,26.98232,56.99727,10.49,87.0,16.6,Actif,0,Détroit d'Ormuz,Critical,Détroit d'Ormuz,147.58,False,17.54,0,transit regulier,0.99,normal,aucun,20260513
AIS-0062-05,VES-0062,414242640,TRADE-483,Cargo,civil,False,Greece,2026-05-12T01:59:09.960142+00:00,26.25585,56.39857,9.89,248.4,115.6,Actif,0,Détroit d'Ormuz,Critical,Détroit d'Ormuz,48.91,False,2.9,5,loitering,0.789,suspect,variation cap forte,20260513
AIS-0050-03,VES-0050,407063508,ATL-108,Pétrolier,civil,False,Greece,2026-05-12T02:02:39.806795+00:00,33.76952,32.59836,11.94,87.5,32.3,Actif,0,Méditerranée orientale,High,Méditerranée orientale,137.31,False,14.61,0,transit regulier,0.859,normal,aucun,20260513
AIS-0009-03,VES-0009,314055579,NORD-750,Cargo,civil,False,Liberia,2026-05-12T02:08:48.551489+00:00,26.98486,56.93187,12.46,84.4,29.0,Actif,0,Détroit d'Ormuz,Critical,Détroit d'Ormuz,143.5,False,14.15,0,transit regulier,0.99,normal,aucun,20260513
AIS-0003-01,VES-0003,665786496,MN-805,Destroyer,combat_strategique,True,France,2026-05-12T02:11:42.884454+00:00,34.41826,32.52278,27.56,144.1,15.3,Actif,0,Méditerranée orientale,High,Méditerranée orientale,81.89,False,12.32,2,patrouille declaree,0.836,normal,aucun,20260513
AIS-0006-02,VES-0006,206612062,ATL-563,Pétrolier,civil,False,France,2026-05-12T02:20:56.453809+00:00,24.55231,120.27304,14.86,322.0,24.1,Actif,0,Détroit de Taïwan,Critical,Détroit de Taïwan,75.29,False,22.7,2,transit regulier,0.646,normal,aucun,20260513
AIS-0061-01,VES-0061,436542994,MN-706,Corvette,combat,True,Panama,2026-05-12T02:23:39.981602+00:00,19.29934,38.05803,1.4,47.0,25.0,Actif,0,Mer Rouge,High,Mer Rouge,113.51,False,3.25,1,loitering,0.698,normal,aucun,20260513
AIS-0053-05,VES-0053,710935746,NORD-395,Porte-conteneurs,civil,False,Norway,2026-05-12T02:26:23.041705+00:00,26.08355,56.81184,16.58,140.0,9.1,Actif,0,Détroit d'Ormuz,Critical,Détroit d'Ormuz,81.64,False,5.65,0,transit regulier,0.99,normal,aucun,20260513
AIS-0006-03,VES-0006,206612062,ATL-563,Pétrolier,civil,False,France,2026-05-12T02:28:56.453809+00:00,24.59651,120.29427,6.41,353.9,4.1,Actif,0,Détroit de Taïwan,Critical,Détroit de Taïwan,72.25,False,24.84,0,approche portuaire,0.684,normal,aucun,20260513
AIS-0050-04,VES-0050,407063508,ATL-108,Pétrolier,civil,False,Greece,2026-05-12T03:18:39.806795+00:00,33.89596,32.81088,13.73,24.3,20.5,Actif,0,Méditerranée orientale,High,Méditerranée orientale,117.21,False,26.37,0,transit regulier,0.99,normal,aucun,20260513
AIS-0003-02,VES-0003,665786496,MN-805,Destroyer,combat_strategique,True,France,2026-05-12T03:27:42.884454+00:00,34.3299,32.57181,24.95,190.3,29.0,Actif,0,Méditerranée orientale,High,Méditerranée orientale,85.58,False,11.18,0,transit regulier,0.99,normal,aucun,20260513
AIS-0006-04,VES-0006,206612062,ATL-563,Pétrolier,civil,False,France,2026-05-12T03:31:56.453809+00:00,24.81192,120.33426,12.4,339.1,0.8,Actif,0,Détroit de Taïwan,Critical,Détroit de Taïwan,68.37,False,22.2,0,transit regulier,0.99,normal,aucun,20260513
AIS-0065-01,VES-0065,341484128,MN-204,Croiseur,combat_strategique,True,France,2026-05-12T03:32:04.289022+00:00,25.94369,56.81841,12.09,48.5,23.5,Actif,0,Détroit d'Ormuz,Critical,Détroit d'Ormuz,82.05,False,17.17,1,transit regulier,0.885,normal,aucun,20260513
AIS-0076-04,VES-0076,381167275,MER-530,Pétrolier,civil,False,Liberia,2026-05-12T03:32:24.655296+00:00,26.77964,55.34954,13.08,201.9,17.2,Actif,0,Détroit d'Ormuz,Critical,Détroit d'Ormuz,108.23,False,15.3,2,approche portuaire,0.925,normal,aucun,20260513
AIS-0011-05,VES-0011,308561057,ATL-344,Cargo,civil,False,Greece,2026-05-12T03:33:15.305483+00:00,24.27671,120.53196,13.79,128.2,19.4,Interrompu,180,Détroit de Taïwan,Critical,Détroit de Taïwan,66.77,False,3.31,5,coupure AIS,0.413,suspect,coupure AIS,20260513
AIS-0011-04,VES-0011,308561057,ATL-344,Cargo,civil,False,Greece,2026-05-12T03:45:15.305483+00:00,24.14325,120.81606,14.07,145.3,26.7,Interrompu,180,Détroit de Taïwan,Critical,Détroit de Taïwan,64.65,False,1.61,3,route sombre,0.474,suspect,coupure AIS; proximite autre navire,20260513
AIS-0076-03,VES-0076,381167275,MER-530,Pétrolier,civil,False,Liberia,2026-05-12T03:48:24.655296+00:00,26.88184,55.54725,14.71,257.3,11.1,Actif,0,Détroit d'Ormuz,Critical,Détroit d'Ormuz,107.92,False,25.49,0,transit regulier,0.929,normal,aucun,20260513
AIS-0061-02,VES-0061,436542994,MN-706,Corvette,combat,True,Panama,2026-05-12T03:52:39.981602+00:00,19.35654,38.21666,12.43,122.7,119.0,Actif,0,Mer Rouge,High,Mer Rouge,102.99,False,3.73,1,loitering,0.959,suspect,variation cap forte,20260513
AIS-0061-04,VES-0061,436542994,MN-706,Corvette,combat,True,Panama,2026-05-12T03:53:39.981602+00:00,19.38396,38.24873,28.9,67.3,11.3,Actif,0,Mer Rouge,High,Mer Rouge,102.22,False,0.56,1,variation de cap,0.871,suspect,proximite autre navire; vitesse atypique,20260513
AIS-0065-02,VES-0065,341484128,MN-204,Croiseur,combat_strategique,True,France,2026-05-12T03:56:04.289022+00:00,25.97905,56.91677,19.07,57.1,24.2,Actif,0,Détroit d'Ormuz,Critical,Détroit d'Ormuz,91.66,False,25.28,2,transit regulier,0.848,normal,aucun,20260513
AIS-0003-03,VES-0003,665786496,MN-805,Destroyer,combat_strategique,True,France,2026-05-12T04:25:42.884454+00:00,34.24614,32.56611,12.79,177.7,12.8,Actif,0,Méditerranée orientale,High,Méditerranée orientale,93.03,False,27.14,1,patrouille declaree,0.897,normal,aucun,20260513
AIS-0003-05,VES-0003,665786496,MN-805,Destroyer,combat_strategique,True,France,2026-05-12T04:27:42.884454+00:00,34.18622,32.57492,24.46,175.0,14.9,Actif,0,Méditerranée orientale,High,Méditerranée orientale,97.86,False,5.2,0,transit regulier,0.885,normal,aucun,20260513
AIS-0031-01,VES-0031,388206819,OCEAN-300,Pétrolier,civil,False,China,2026-05-12T04:41:26.701672+00:00,34.07154,31.19372,8.17,92.1,26.9,Actif,0,Méditerranée orientale,High,Méditerranée orientale,205.66,False,19.62,0,transit regulier,0.79,normal,aucun,20260513
AIS-0061-03,VES-0061,436542994,MN-706,Corvette,combat,True,Panama,2026-05-12T04:41:39.981602+00:00,19.39036,38.2727,18.64,95.5,20.2,Actif,0,Mer Rouge,High,Mer Rouge,100.74,False,1.5,4,loitering,0.825,suspect,proximite autre navire,20260513
AIS-0062-04,VES-0062,414242640,TRADE-483,Cargo,civil,False,Greece,2026-05-12T04:54:09.960142+00:00,26.42162,56.45684,0.45,201.3,137.2,Actif,0,Détroit d'Ormuz,Critical,Détroit d'Ormuz,65.38,False,3.24,1,loitering,0.825,suspect,variation cap forte,20260513
AIS-0014-01,VES-0014,566487148,ATL-212,Porte-conteneurs,civil,False,Singapore,2026-05-12T04:56:25.418615+00:00,25.00841,120.66191,10.4,192.5,36.1,Actif,0,Détroit de Taïwan,Critical,Détroit de Taïwan,48.37,False,4.77,2,transit regulier,0.676,normal,aucun,20260513
AIS-0024-01,VES-0024,414384704,ATL-236,Cargo,civil,False,China,2026-05-12T05:03:39.974249+00:00,44.55498,32.68976,2.15,303.9,83.9,Actif,0,Mer Noire,High,Mer Noire,64.37,False,1.14,5,loitering,0.99,suspect,proximite autre navire; variation cap forte,20260513
AIS-0076-05,VES-0076,381167275,MER-530,Pétrolier,civil,False,Liberia,2026-05-12T05:12:24.655296+00:00,26.83207,55.51777,11.59,231.6,20.8,Actif,0,Détroit d'Ormuz,Critical,Détroit d'Ormuz,104.24,False,10.68,0,patrouille declaree,0.928,normal,aucun,20260513
AIS-0003-04,VES-0003,665786496,MN-805,Destroyer,combat_strategique,True,France,2026-05-12T05:14:42.884454+00:00,34.29028,32.56251,16.87,172.2,9.1,Actif,0,Méditerranée orientale,High,Méditerranée orientale,89.45,False,18.26,0,transit regulier,0.896,normal,aucun,20260513
AIS-0065-03,VES-0065,341484128,MN-204,Croiseur,combat_strategique,True,France,2026-05-12T05:26:04.289022+00:00,26.01609,57.01519,21.66,72.5,14.2,Actif,0,Détroit d'Ormuz,Critical,Détroit d'Ormuz,101.47,False,3.75,1,approche portuaire,0.937,normal,aucun,20260513
AIS-0007-01,VES-0007,378503552,MER-359,Cargo,civil,False,Greece,2026-05-12T05:26:33.455730+00:00,44.50587,32.99236,15.06,212.9,7.9,Actif,0,Mer Noire,High,Mer Noire,41.56,True,12.38,1,transit regulier,0.81,normal,aucun,20260513
AIS-0050-05,VES-0050,407063508,ATL-108,Pétrolier,civil,False,Greece,2026-05-12T05:28:39.806795+00:00,33.86982,32.7994,7.46,50.5,5.0,Actif,0,Méditerranée orientale,High,Méditerranée orientale,120.3,False,23.82,1,patrouille declaree,0.926,normal,aucun,20260513
AIS-0024-02,VES-0024,414384704,ATL-236,Cargo,civil,False,China,2026-05-12T05:35:39.974249+00:00,44.50535,32.66037,10.14,326.3,168.8,Actif,0,Mer Noire,High,Mer Noire,67.36,False,1.51,2,rendez-vous probable,0.801,suspect,proximite autre navire; variation cap forte,20260513
AIS-0046-01,VES-0046,240150663,OCEAN-268,Cargo,civil,False,Singapore,2026-05-12T05:41:39.720673+00:00,26.11169,56.06383,15.6,236.1,31.9,Actif,0,Détroit d'Ormuz,Critical,Détroit d'Ormuz,13.96,True,15.81,2,patrouille declaree,0.695,normal,aucun,20260513
AIS-0016-01,VES-0016,667176357,TRADE-845,Pétrolier,civil,False,Liberia,2026-05-12T05:43:15.389530+00:00,42.40999,35.1142,10.95,65.3,11.5,Actif,0,Mer Noire,High,Mer Noire,276.12,False,3.58,1,loitering,0.813,normal,aucun,20260513
AIS-0031-02,VES-0031,388206819,OCEAN-300,Pétrolier,civil,False,China,2026-05-12T05:43:26.701672+00:00,34.07253,31.26935,13.3,90.1,22.6,Actif,0,Méditerranée orientale,High,Méditerranée orientale,199.44,False,22.55,0,transit regulier,0.913,normal,aucun,20260513
AIS-0014-04,VES-0014,566487148,ATL-212,Porte-conteneurs,civil,False,Singapore,2026-05-12T05:53:25.418615+00:00,24.80151,120.62686,14.54,197.1,21.0,Interrompu,240,Détroit de Taïwan,Critical,Détroit de Taïwan,39.33,True,4.98,1,route sombre,0.599,suspect,coupure AIS,20260513
AIS-0014-02,VES-0014,566487148,ATL-212,Porte-conteneurs,civil,False,Singapore,2026-05-12T05:58:25.418615+00:00,24.9933,120.66471,12.63,228.3,18.7,Actif,0,Détroit de Taïwan,Critical,Détroit de Taïwan,46.99,False,21.13,1,approche portuaire,0.99,normal,aucun,20260513
AIS-0045-01,VES-0045,582721425,MN-104,Corvette,combat,True,Turkey,2026-05-12T05:59:12.754917+00:00,25.15489,120.30925,23.63,68.5,12.7,Actif,0,Détroit de Taïwan,Critical,Détroit de Taïwan,86.08,False,19.13,0,approche portuaire,0.915,normal,aucun,20260513
AIS-0031-04,VES-0031,388206819,OCEAN-300,Pétrolier,civil,False,China,2026-05-12T06:02:26.701672+00:00,34.05194,31.4578,9.24,96.0,28.2,Actif,0,Méditerranée orientale,High,Méditerranée orientale,185.46,False,15.07,2,approche portuaire,0.677,normal,aucun,20260513
AIS-0007-02,VES-0007,378503552,MER-359,Cargo,civil,False,Greece,2026-05-12T06:04:33.455730+00:00,44.41588,32.83502,10.03,233.5,15.1,Actif,0,Mer Noire,High,Mer Noire,56.57,True,11.46,1,transit regulier,0.745,normal,aucun,20260513
AIS-0006-05,VES-0006,206612062,ATL-563,Pétrolier,civil,False,France,2026-05-12T06:04:56.453809+00:00,24.88987,120.3878,9.58,26.1,11.1,Actif,0,Détroit de Taïwan,Critical,Détroit de Taïwan,65.31,False,24.58,1,transit regulier,0.962,normal,aucun,20260513
AIS-0016-02,VES-0016,667176357,TRADE-845,Pétrolier,civil,False,Liberia,2026-05-12T06:13:15.389530+00:00,42.47414,35.27119,13.83,85.6,156.8,Actif,0,Mer Noire,High,Mer Noire,276.14,False,3.68,3,loitering,0.944,suspect,variation cap forte,20260513
AIS-0024-03,VES-0024,414384704,ATL-236,Cargo,civil,False,China,2026-05-12T06:17:39.974249+00:00,44.61035,32.51997,1.48,10.2,20.9,Actif,0,Mer Noire,High,Mer Noire,77.59,False,3.45,5,variation de cap,0.812,normal,aucun,20260513
AIS-0039-01,VES-0039,261939875,NORD-810,Cargo,civil,False,Marshall Islands,2026-05-12T06:25:32.980532+00:00,19.54423,39.95784,13.87,2.2,15.2,Actif,0,Mer Rouge,High,Mer Rouge,130.26,False,9.58,2,transit regulier,0.873,normal,aucun,20260513
AIS-0045-02,VES-0045,582721425,MN-104,Corvette,combat,True,Turkey,2026-05-12T06:34:12.754917+00:00,25.19308,120.36888,21.12,85.9,6.0,Actif,0,Détroit de Taïwan,Critical,Détroit de Taïwan,83.99,False,14.12,1,approche portuaire,0.834,normal,aucun,20260513
AIS-0024-04,VES-0024,414384704,ATL-236,Cargo,civil,False,China,2026-05-12T06:36:39.974249+00:00,44.66924,32.38371,0.53,343.4,74.4,Actif,0,Mer Noire,High,Mer Noire,88.66,False,2.09,2,loitering,0.839,suspect,variation cap forte,20260513
AIS-0007-03,VES-0007,378503552,MER-359,Cargo,civil,False,Greece,2026-05-12T06:52:33.455730+00:00,44.41886,32.85516,11.85,193.0,4.2,Actif,0,Mer Noire,High,Mer Noire,54.96,True,15.08,1,patrouille declaree,0.948,normal,aucun,20260513
AIS-0031-03,VES-0031,388206819,OCEAN-300,Pétrolier,civil,False,China,2026-05-12T06:53:26.701672+00:00,34.04954,31.29556,9.92,118.6,14.7,Actif,0,Méditerranée orientale,High,Méditerranée orientale,198.54,False,6.76,1,approche portuaire,0.965,normal,aucun,20260513
AIS-0073-01,VES-0073,576747216,MN-856,Frégate,combat,True,France,2026-05-12T07:03:18.983944+00:00,24.81528,120.60884,24.26,338.4,11.9,Actif,0,Détroit de Taïwan,Critical,Détroit de Taïwan,41.53,True,25.6,0,transit regulier,0.853,normal,aucun,20260513
AIS-0046-02,VES-0046,240150663,OCEAN-268,Cargo,civil,False,Singapore,2026-05-12T07:06:39.720673+00:00,26.05326,56.04313,14.07,233.6,15.8,Actif,0,Détroit d'Ormuz,Critical,Détroit d'Ormuz,7.32,True,9.14,0,approche portuaire,0.949,normal,aucun,20260513
AIS-0014-05,VES-0014,566487148,ATL-212,Porte-conteneurs,civil,False,Singapore,2026-05-12T07:08:25.418615+00:00,24.56131,120.57307,18.46,222.0,30.4,Interrompu,45,Détroit de Taïwan,Critical,Détroit de Taïwan,45.83,False,3.88,1,coupure AIS,0.575,suspect,coupure AIS,20260513
AIS-0046-05,VES-0046,240150663,OCEAN-268,Cargo,civil,False,Singapore,2026-05-12T07:09:39.720673+00:00,26.03867,56.0153,8.13,246.0,8.8,Interrompu,360,Détroit d'Ormuz,Critical,Détroit d'Ormuz,4.56,True,14.56,1,coupure AIS,0.348,suspect,coupure AIS,20260513
AIS-0001-01,VES-0001,500249526,TRADE-369,Pétrolier,civil,False,Taiwan,2026-05-12T07:18:48.987822+00:00,25.96471,56.15137,11.18,27.0,5.5,Actif,0,Détroit d'Ormuz,Critical,Détroit d'Ormuz,15.63,True,3.07,2,rendez-vous probable,0.848,suspect,proximite zone sensible,20260513
AIS-0045-03,VES-0045,582721425,MN-104,Corvette,combat,True,Turkey,2026-05-12T07:19:12.754917+00:00,25.20723,120.40848,16.14,61.2,19.1,Actif,0,Détroit de Taïwan,Critical,Détroit de Taïwan,82.08,False,13.7,1,approche portuaire,0.814,normal,aucun,20260513
AIS-0014-03,VES-0014,566487148,ATL-212,Porte-conteneurs,civil,False,Singapore,2026-05-12T07:22:25.418615+00:00,24.81091,120.61744,17.93,221.8,18.3,Interrompu,90,Détroit de Taïwan,Critical,Détroit de Taïwan,40.55,True,13.01,1,route sombre,0.453,suspect,coupure AIS,20260513
AIS-0065-04,VES-0065,341484128,MN-204,Croiseur,combat_strategique,True,France,2026-05-12T07:47:04.289022+00:00,26.06682,57.05863,14.65,83.8,20.9,Actif,0,Détroit d'Ormuz,Critical,Détroit d'Ormuz,106.03,False,27.45,0,patrouille declaree,0.99,normal,aucun,20260513
AIS-0073-02,VES-0073,576747216,MN-856,Frégate,combat,True,France,2026-05-12T07:50:18.983944+00:00,24.90154,120.50425,19.61,323.7,7.7,Actif,0,Détroit de Taïwan,Critical,Détroit de Taïwan,54.83,False,23.74,0,transit regulier,0.891,normal,aucun,20260513
AIS-0039-02,VES-0039,261939875,NORD-810,Cargo,civil,False,Marshall Islands,2026-05-12T07:52:32.980532+00:00,19.56339,39.95961,9.5,341.4,18.2,Actif,0,Mer Rouge,High,Mer Rouge,131.76,False,14.16,0,patrouille declaree,0.656,normal,aucun,20260513
AIS-0039-03,VES-0039,261939875,NORD-810,Cargo,civil,False,Marshall Islands,2026-05-12T07:53:32.980532+00:00,19.74928,39.90041,8.21,42.7,15.8,Actif,0,Mer Rouge,High,Mer Rouge,141.68,False,16.65,1,transit regulier,0.969,normal,aucun,20260513
AIS-0046-03,VES-0046,240150663,OCEAN-268,Cargo,civil,False,Singapore,2026-05-12T07:59:39.720673+00:00,26.00555,55.97347,17.56,222.1,13.2,Interrompu,30,Détroit d'Ormuz,Critical,Détroit d'Ormuz,2.72,True,5.27,0,coupure AIS,0.502,suspect,coupure AIS,20260513
AIS-0061-05,VES-0061,436542994,MN-706,Corvette,combat,True,Panama,2026-05-12T07:59:39.981602+00:00,19.33889,38.63348,18.21,127.4,128.1,Actif,0,Mer Rouge,High,Mer Rouge,71.23,False,0.77,5,loitering,0.799,suspect,proximite autre navire; variation cap forte,20260513
AIS-0001-02,VES-0001,500249526,TRADE-369,Pétrolier,civil,False,Taiwan,2026-05-12T08:19:48.987822+00:00,25.98961,56.23409,20.19,353.2,16.2,Actif,0,Détroit d'Ormuz,Critical,Détroit d'Ormuz,23.42,True,1.07,4,loitering,0.99,suspect,proximite zone sensible; proximite autre navire; vitesse atypique,20260513
AIS-0045-04,VES-0045,582721425,MN-104,Corvette,combat,True,Turkey,2026-05-12T08:26:12.754917+00:00,25.24691,120.45933,18.45,69.9,6.8,Actif,0,Détroit de Taïwan,Critical,Détroit de Taïwan,81.66,False,12.08,2,transit regulier,0.99,normal,aucun,20260513
AIS-0065-05,VES-0065,341484128,MN-204,Croiseur,combat_strategique,True,France,2026-05-12T08:28:04.289022+00:00,26.17502,57.29154,15.77,91.8,11.1,Actif,0,Détroit d'Ormuz,Critical,Détroit d'Ormuz,130.44,False,25.8,1,patrouille declaree,0.857,normal,aucun,20260513
AIS-0016-03,VES-0016,667176357,TRADE-845,Pétrolier,civil,False,Liberia,2026-05-12T08:33:15.389530+00:00,42.42638,35.24272,19.32,67.8,89.6,Actif,0,Mer Noire,High,Mer Noire,279.57,False,0.97,3,variation de cap,0.948,suspect,proximite autre navire; variation cap forte; vitesse atypique,20260513
AIS-0001-03,VES-0001,500249526,TRADE-369,Pétrolier,civil,False,Taiwan,2026-05-12T08:40:48.987822+00:00,26.07324,56.23614,20.6,18.3,15.6,Actif,0,Détroit d'Ormuz,Critical,Détroit d'Ormuz,24.96,True,3.74,1,variation de cap,0.803,suspect,proximite zone sensible; vitesse atypique,20260513
AIS-0031-05,VES-0031,388206819,OCEAN-300,Pétrolier,civil,False,China,2026-05-12T08:49:26.701672+00:00,34.05089,31.34148,8.67,67.2,15.2,Actif,0,Méditerranée orientale,High,Méditerranée orientale,194.77,False,25.46,0,transit regulier,0.898,normal,aucun,20260513
AIS-0025-01,VES-0025,425685029,NORD-792,Chalutier,civil,False,France,2026-05-12T08:51:16.732437+00:00,26.33339,55.55788,8.8,348.8,14.4,Actif,0,Détroit d'Ormuz,Critical,Détroit d'Ormuz,57.63,False,18.92,0,transit regulier,0.742,normal,aucun,20260513
AIS-0073-03,VES-0073,576747216,MN-856,Frégate,combat,True,France,2026-05-12T08:59:18.983944+00:00,24.87268,120.49154,18.9,312.3,15.8,Actif,0,Détroit de Taïwan,Critical,Détroit de Taïwan,54.8,False,11.08,2,transit regulier,0.939,normal,aucun,20260513
AIS-0007-04,VES-0007,378503552,MER-359,Cargo,civil,False,Greece,2026-05-12T08:59:33.455730+00:00,44.3207,32.55477,15.41,217.7,2.0,Actif,0,Mer Noire,High,Mer Noire,81.19,False,25.02,1,transit regulier,0.99,normal,aucun,20260513
AIS-0058-01,VES-0058,549300522,MN-807,Navire de soutien,soutien_ou_amphibie,True,France,2026-05-12T09:09:58.454684+00:00,24.08291,120.78132,17.62,313.8,15.1,Actif,0,Détroit de Taïwan,Critical,Détroit de Taïwan,72.1,False,27.03,0,approche portuaire,0.881,normal,aucun,20260513
AIS-0016-04,VES-0016,667176357,TRADE-845,Pétrolier,civil,False,Liberia,2026-05-12T09:10:15.389530+00:00,42.44161,35.30626,7.0,12.8,1.1,Actif,0,Mer Noire,High,Mer Noire,280.72,False,1.65,2,loitering,0.868,suspect,proximite autre navire,20260513
AIS-0073-05,VES-0073,576747216,MN-856,Frégate,combat,True,France,2026-05-12T09:23:18.983944+00:00,25.01743,120.33643,20.67,344.7,12.3,Actif,0,Détroit de Taïwan,Critical,Détroit de Taïwan,75.68,False,23.96,1,approche portuaire,0.99,normal,aucun,20260513
AIS-0025-03,VES-0025,425685029,NORD-792,Chalutier,civil,False,France,2026-05-12T09:39:16.732437+00:00,26.47627,55.6305,2.86,9.7,5.2,Actif,0,Détroit d'Ormuz,Critical,Détroit d'Ormuz,64.52,False,22.18,0,transit regulier,0.758,normal,aucun,20260513
AIS-0063-01,VES-0063,564902011,MN-878,Bâtiment de débarquement,soutien_ou_amphibie,True,France,2026-05-12T09:41:43.402990+00:00,34.97321,32.19595,15.94,340.9,8.1,Actif,0,Méditerranée orientale,High,Méditerranée orientale,91.89,False,2.15,1,loitering,0.909,normal,aucun,20260513
AIS-0025-02,VES-0025,425685029,NORD-792,Chalutier,civil,False,France,2026-05-12T09:49:16.732437+00:00,26.32983,55.59768,8.9,14.1,9.7,Actif,0,Détroit d'Ormuz,Critical,Détroit d'Ormuz,54.38,False,7.12,1,transit regulier,0.669,normal,aucun,20260513
AIS-0016-05,VES-0016,667176357,TRADE-845,Pétrolier,civil,False,Liberia,2026-05-12T09:59:15.389530+00:00,42.65408,35.5573,20.59,67.1,30.5,Actif,0,Mer Noire,High,Mer Noire,272.45,False,2.37,3,variation de cap,0.68,suspect,vitesse atypique,20260513
AIS-0058-02,VES-0058,549300522,MN-807,Navire de soutien,soutien_ou_amphibie,True,France,2026-05-12T10:08:58.454684+00:00,24.13958,120.77959,10.89,333.4,21.5,Actif,0,Détroit de Taïwan,Critical,Détroit de Taïwan,66.19,False,4.83,0,transit regulier,0.849,normal,aucun,20260513
AIS-0039-05,VES-0039,261939875,NORD-810,Cargo,civil,False,Marshall Islands,2026-05-12T10:09:32.980532+00:00,19.65036,39.90278,17.63,335.3,16.0,Actif,0,Mer Rouge,High,Mer Rouge,133.88,False,27.29,1,patrouille declaree,0.582,normal,aucun,20260513
AIS-0024-05,VES-0024,414384704,ATL-236,Cargo,civil,False,China,2026-05-12T10:11:39.974249+00:00,44.60677,32.22169,10.36,295.8,23.3,Actif,0,Mer Noire,High,Mer Noire,101.2,False,3.32,1,loitering,0.79,normal,aucun,20260513
AIS-0072-01,VES-0072,255382206,MER-200,Cargo,civil,False,Norway,2026-05-12T10:12:00.690957+00:00,23.49432,120.99402,17.09,151.3,17.3,Actif,0,Détroit de Taïwan,Critical,Détroit de Taïwan,134.07,False,20.45,2,approche portuaire,0.99,normal,aucun,20260513
AIS-0046-04,VES-0046,240150663,OCEAN-268,Cargo,civil,False,Singapore,2026-05-12T10:14:39.720673+00:00,25.86439,55.90688,9.82,200.1,12.1,Interrompu,45,Détroit d'Ormuz,Critical,Détroit d'Ormuz,17.72,True,16.97,0,reapparition tardive,0.343,suspect,coupure AIS,20260513
AIS-0039-04,VES-0039,261939875,NORD-810,Cargo,civil,False,Marshall Islands,2026-05-12T10:22:32.980532+00:00,19.71541,39.89908,14.21,35.5,28.2,Actif,0,Mer Rouge,High,Mer Rouge,138.81,False,12.23,2,transit regulier,0.913,normal,aucun,20260513
AIS-0063-03,VES-0063,564902011,MN-878,Bâtiment de débarquement,soutien_ou_amphibie,True,France,2026-05-12T10:23:43.402990+00:00,35.11291,32.18247,17.02,28.8,24.7,Interrompu,45,Méditerranée orientale,High,Méditerranée orientale,95.65,False,2.41,5,route sombre,0.434,suspect,coupure AIS,20260513
AIS-0007-05,VES-0007,378503552,MER-359,Cargo,civil,False,Greece,2026-05-12T10:30:33.455730+00:00,44.40393,32.73402,8.55,214.8,28.5,Actif,0,Mer Noire,High,Mer Noire,64.54,False,4.96,0,transit regulier,0.817,normal,aucun,20260513
AIS-0072-02,VES-0072,255382206,MER-200,Cargo,civil,False,Norway,2026-05-12T10:33:00.690957+00:00,23.44357,121.01222,11.21,136.8,19.8,Actif,0,Détroit de Taïwan,Critical,Détroit de Taïwan,139.71,False,19.03,0,transit regulier,0.963,normal,aucun,20260513
AIS-0001-04,VES-0001,500249526,TRADE-369,Pétrolier,civil,False,Taiwan,2026-05-12T10:33:48.987822+00:00,26.0955,56.33462,9.71,69.1,126.0,Actif,0,Détroit d'Ormuz,Critical,Détroit d'Ormuz,35.07,True,1.48,5,loitering,0.746,suspect,proximite zone sensible; proximite autre navire; variation cap forte,20260513
AIS-0045-05,VES-0045,582721425,MN-104,Corvette,combat,True,Turkey,2026-05-12T10:35:12.754917+00:00,25.34581,120.79051,14.28,38.5,10.3,Actif,0,Détroit de Taïwan,Critical,Détroit de Taïwan,74.85,False,16.18,1,transit regulier,0.825,normal,aucun,20260513
AIS-0063-02,VES-0063,564902011,MN-878,Bâtiment de débarquement,soutien_ou_amphibie,True,France,2026-05-12T10:47:43.402990+00:00,34.98067,32.21208,11.06,351.5,12.6,Actif,0,Méditerranée orientale,High,Méditerranée orientale,90.5,False,3.46,1,rendez-vous probable,0.764,normal,aucun,20260513
AIS-0023-01,VES-0023,341613475,MN-295,Sous-marin,combat_strategique,True,Liberia,2026-05-12T11:12:27.194258+00:00,23.99472,120.31617,7.92,346.6,98.8,Actif,0,Détroit de Taïwan,Critical,Détroit de Taïwan,104.64,False,0.87,2,loitering,0.954,suspect,proximite autre navire; variation cap forte,20260513
AIS-0073-04,VES-0073,576747216,MN-856,Frégate,combat,True,France,2026-05-12T11:15:18.983944+00:00,24.84617,120.51126,17.75,286.4,15.0,Actif,0,Détroit de Taïwan,Critical,Détroit de Taïwan,51.95,False,13.63,0,patrouille declaree,0.681,normal,aucun,20260513
AIS-0033-01,VES-0033,472710380,MER-327,Cargo,civil,False,China,2026-05-12T11:17:31.265221+00:00,43.01917,34.11082,10.98,304.3,11.5,Actif,0,Mer Noire,High,Mer Noire,182.48,False,0.53,2,loitering,0.617,suspect,proximite autre navire,20260513
AIS-0064-01,VES-0064,592425568,MN-395,Bâtiment de débarquement,soutien_ou_amphibie,True,Taiwan,2026-05-12T11:28:33.949339+00:00,20.05752,39.76066,20.91,18.1,77.2,Actif,0,Mer Rouge,High,Mer Rouge,160.98,False,0.19,1,loitering,0.798,suspect,proximite autre navire; variation cap forte; vitesse atypique,20260513
AIS-0005-01,VES-0005,228173090,NORD-701,Cargo,civil,False,Marshall Islands,2026-05-12T11:49:22.308716+00:00,34.79907,31.43949,1.56,236.4,14.5,Actif,0,Méditerranée orientale,High,Méditerranée orientale,161.04,False,1.84,4,rendez-vous probable,0.891,suspect,proximite autre navire,20260513
AIS-0018-01,VES-0018,206147429,TRADE-610,Cargo,civil,False,India,2026-05-12T11:50:52.053981+00:00,18.1341,38.15927,23.97,226.7,145.7,Actif,0,Mer Rouge,High,Mer Rouge,115.52,False,2.59,2,loitering,0.958,suspect,variation cap forte; vitesse atypique,20260513
AIS-0023-03,VES-0023,341613475,MN-295,Sous-marin,combat_strategique,True,Liberia,2026-05-12T11:52:27.194258+00:00,24.09872,120.23483,4.11,340.9,72.3,Interrompu,240,Détroit de Taïwan,Critical,Détroit de Taïwan,102.34,False,1.68,3,coupure AIS,0.445,suspect,coupure AIS; proximite autre navire; variation cap forte,20260513
AIS-0058-03,VES-0058,549300522,MN-807,Navire de soutien,soutien_ou_amphibie,True,France,2026-05-12T12:01:58.454684+00:00,24.30805,120.72745,10.99,335.8,9.4,Actif,0,Détroit de Taïwan,Critical,Détroit de Taïwan,51.57,False,22.22,0,transit regulier,0.99,normal,aucun,20260513
AIS-0001-05,VES-0001,500249526,TRADE-369,Pétrolier,civil,False,Taiwan,2026-05-12T12:02:48.987822+00:00,26.2791,56.45447,6.72,46.8,104.5,Actif,0,Détroit d'Ormuz,Critical,Détroit d'Ormuz,54.97,False,2.08,3,loitering,0.693,suspect,variation cap forte,20260513
AIS-0064-02,VES-0064,592425568,MN-395,Bâtiment de débarquement,soutien_ou_amphibie,True,Taiwan,2026-05-12T12:10:33.949339+00:00,20.14833,39.76069,16.02,349.0,6.5,Actif,0,Mer Rouge,High,Mer Rouge,169.82,False,0.42,3,rendez-vous probable,0.827,suspect,proximite autre navire,20260513
AIS-0023-02,VES-0023,341613475,MN-295,Sous-marin,combat_strategique,True,Liberia,2026-05-12T12:11:27.194258+00:00,24.06028,120.27539,0.72,355.1,8.0,Actif,0,Détroit de Taïwan,Critical,Détroit de Taïwan,102.2,False,1.79,4,variation de cap,0.919,suspect,proximite autre navire,20260513
AIS-0018-02,VES-0018,206147429,TRADE-610,Cargo,civil,False,India,2026-05-12T12:12:52.053981+00:00,18.10612,38.11639,22.54,263.2,85.7,Actif,0,Mer Rouge,High,Mer Rouge,120.99,False,0.52,2,loitering,0.867,suspect,proximite autre navire; variation cap forte; vitesse atypique,20260513
AIS-0058-04,VES-0058,549300522,MN-807,Navire de soutien,soutien_ou_amphibie,True,France,2026-05-12T12:21:58.454684+00:00,24.37831,120.67647,11.34,1.3,26.7,Actif,0,Détroit de Taïwan,Critical,Détroit de Taïwan,48.48,False,4.33,2,transit regulier,0.985,normal,aucun,20260513
AIS-0072-03,VES-0072,255382206,MER-200,Cargo,civil,False,Norway,2026-05-12T12:22:00.690957+00:00,23.266,121.04116,11.02,172.9,21.0,Actif,0,Détroit de Taïwan,Critical,Détroit de Taïwan,159.51,False,8.15,0,patrouille declaree,0.836,normal,aucun,20260513
AIS-0044-01,VES-0044,695979634,TRADE-156,Chalutier,civil,False,China,2026-05-12T12:25:30.966065+00:00,42.37521,32.31961,4.23,261.1,15.6,Actif,0,Mer Noire,High,Mer Noire,265.07,False,19.89,2,transit regulier,0.99,normal,aucun,20260513
AIS-0072-04,VES-0072,255382206,MER-200,Cargo,civil,False,Norway,2026-05-12T12:27:00.690957+00:00,23.40157,121.00733,12.4,155.0,11.3,Actif,0,Détroit de Taïwan,Critical,Détroit de Taïwan,144.38,False,17.18,0,transit regulier,0.887,normal,aucun,20260513
AIS-0033-02,VES-0033,472710380,MER-327,Cargo,civil,False,China,2026-05-12T12:27:31.265221+00:00,43.0838,34.08546,23.37,305.3,15.2,Actif,0,Mer Noire,High,Mer Noire,175.01,False,1.28,5,loitering,0.99,suspect,proximite autre navire; vitesse atypique,20260513
AIS-0033-05,VES-0033,472710380,MER-327,Cargo,civil,False,China,2026-05-12T12:29:31.265221+00:00,43.23272,33.79133,15.58,304.6,100.0,Actif,0,Mer Noire,High,Mer Noire,153.81,False,2.82,2,variation de cap,0.99,suspect,variation cap forte,20260513
AIS-0058-05,VES-0058,549300522,MN-807,Navire de soutien,soutien_ou_amphibie,True,France,2026-05-12T12:29:58.454684+00:00,24.22194,120.72729,10.74,347.8,9.6,Actif,0,Détroit de Taïwan,Critical,Détroit de Taïwan,59.9,False,19.31,0,transit regulier,0.853,normal,aucun,20260513
AIS-0005-02,VES-0005,228173090,NORD-701,Cargo,civil,False,Marshall Islands,2026-05-12T12:35:22.308716+00:00,34.78948,31.37746,16.05,267.5,19.7,Actif,0,Méditerranée orientale,High,Méditerranée orientale,166.77,False,3.11,1,variation de cap,0.99,normal,aucun,20260513
AIS-0049-01,VES-0049,509890299,OCEAN-950,Porte-conteneurs,civil,False,Singapore,2026-05-12T12:42:58.933861+00:00,26.55381,55.42831,14.75,170.7,19.3,Actif,0,Détroit d'Ormuz,Critical,Détroit d'Ormuz,83.91,False,2.56,5,loitering,0.806,normal,aucun,20260513
AIS-0033-04,VES-0033,472710380,MER-327,Cargo,civil,False,China,2026-05-12T12:44:31.265221+00:00,43.14799,33.97408,14.88,300.6,119.2,Actif,0,Mer Noire,High,Mer Noire,165.87,False,0.28,5,loitering,0.84,suspect,proximite autre navire; variation cap forte,20260513
AIS-0018-03,VES-0018,206147429,TRADE-610,Cargo,civil,False,India,2026-05-12T12:48:52.053981+00:00,18.13611,38.08233,15.61,186.4,23.4,Actif,0,Mer Rouge,High,Mer Rouge,121.72,False,1.51,4,rendez-vous probable,0.961,suspect,proximite autre navire,20260513
AIS-0025-04,VES-0025,425685029,NORD-792,Chalutier,civil,False,France,2026-05-12T12:57:16.732437+00:00,26.40994,55.60216,1.4,71.8,18.1,Actif,0,Détroit d'Ormuz,Critical,Détroit d'Ormuz,60.44,False,20.64,2,transit regulier,0.937,normal,aucun,20260513
AIS-0023-04,VES-0023,341613475,MN-295,Sous-marin,combat_strategique,True,Liberia,2026-05-12T13:12:27.194258+00:00,24.16375,120.17928,3.74,296.2,25.7,Interrompu,120,Détroit de Taïwan,Critical,Détroit de Taïwan,102.27,False,3.23,5,coupure AIS,0.595,suspect,coupure AIS,20260513
AIS-0044-02,VES-0044,695979634,TRADE-156,Chalutier,civil,False,China,2026-05-12T13:33:30.966065+00:00,42.33406,32.18751,7.33,206.7,14.3,Actif,0,Mer Noire,High,Mer Noire,273.31,False,15.58,0,transit regulier,0.899,normal,aucun,20260513
AIS-0005-04,VES-0005,228173090,NORD-701,Cargo,civil,False,Marshall Islands,2026-05-12T13:46:22.308716+00:00,34.78605,31.21488,14.81,312.6,1.9,Actif,0,Méditerranée orientale,High,Méditerranée orientale,181.6,False,0.61,5,rendez-vous probable,0.948,suspect,proximite autre navire,20260513
AIS-0018-05,VES-0018,206147429,TRADE-610,Cargo,civil,False,India,2026-05-12T13:50:52.053981+00:00,18.08087,38.05508,10.97,241.0,108.7,Actif,0,Mer Rouge,High,Mer Rouge,127.79,False,0.61,2,loitering,0.742,suspect,proximite autre navire; variation cap forte,20260513
AIS-0057-01,VES-0057,482970316,MER-110,Navire civil,civil,False,Norway,2026-05-12T13:57:36.836197+00:00,24.79596,121.67133,12.89,275.7,22.8,Actif,0,Détroit de Taïwan,Critical,Détroit de Taïwan,68.63,False,19.93,1,transit regulier,0.891,normal,aucun,20260513
AIS-0071-01,VES-0071,626618110,MN-963,Destroyer,combat_strategique,True,Singapore,2026-05-12T14:00:15.557630+00:00,24.4929,120.81927,18.36,168.4,27.2,Actif,0,Détroit de Taïwan,Critical,Détroit de Taïwan,29.4,True,9.57,1,approche portuaire,0.84,normal,aucun,20260513
AIS-0030-01,VES-0030,306873966,ATL-886,Cargo,civil,False,France,2026-05-12T14:00:54.757766+00:00,25.89799,56.29817,10.21,210.5,72.9,Actif,0,Détroit d'Ormuz,Critical,Détroit d'Ormuz,31.9,True,2.55,4,rendez-vous probable,0.927,suspect,proximite zone sensible; variation cap forte,20260513
AIS-0033-03,VES-0033,472710380,MER-327,Cargo,civil,False,China,2026-05-12T14:03:31.265221+00:00,43.13732,34.06042,10.58,304.0,11.4,Actif,0,Mer Noire,High,Mer Noire,168.73,False,1.35,2,rendez-vous probable,0.969,suspect,proximite autre navire,20260513
AIS-0017-01,VES-0017,389563468,NORD-998,Chalutier,civil,False,China,2026-05-12T14:03:45.578385+00:00,25.31504,121.11818,1.45,83.5,14.6,Actif,0,Détroit de Taïwan,Critical,Détroit de Taïwan,69.42,False,17.88,2,transit regulier,0.947,normal,aucun,20260513
AIS-0032-01,VES-0032,589364355,MN-405,Sous-marin,combat_strategique,True,France,2026-05-12T14:05:34.967091+00:00,25.60509,56.34508,23.25,170.6,157.3,Actif,0,Détroit d'Ormuz,Critical,Détroit d'Ormuz,55.87,False,1.19,1,variation de cap,0.99,suspect,proximite autre navire; variation cap forte; vitesse atypique,20260513
AIS-0063-04,VES-0063,564902011,MN-878,Bâtiment de débarquement,soutien_ou_amphibie,True,France,2026-05-12T14:05:43.402990+00:00,35.25098,32.18454,13.28,336.1,13.3,Interrompu,240,Méditerranée orientale,High,Méditerranée orientale,100.31,False,0.5,3,reapparition tardive,0.392,suspect,coupure AIS; proximite autre navire,20260513
AIS-0072-05,VES-0072,255382206,MER-200,Cargo,civil,False,Norway,2026-05-12T14:08:00.690957+00:00,23.04362,121.14683,9.21,187.0,13.5,Actif,0,Détroit de Taïwan,Critical,Détroit de Taïwan,184.78,False,12.74,2,transit regulier,0.99,normal,aucun,20260513
AIS-0049-02,VES-0049,509890299,OCEAN-950,Porte-conteneurs,civil,False,Singapore,2026-05-12T14:09:58.933861+00:00,26.50663,55.47145,28.41,134.4,2.1,Actif,0,Détroit d'Ormuz,Critical,Détroit d'Ormuz,77.15,False,2.39,4,loitering,0.942,suspect,vitesse atypique,20260513
AIS-0015-01,VES-0015,559178434,OCEAN-623,Cargo,civil,False,China,2026-05-12T14:11:01.967937+00:00,27.04802,56.533,0.56,13.8,140.4,Actif,0,Détroit d'Ormuz,Critical,Détroit d'Ormuz,128.03,False,1.19,4,loitering,0.747,suspect,proximite autre navire; variation cap forte,20260513
AIS-0064-03,VES-0064,592425568,MN-395,Bâtiment de débarquement,soutien_ou_amphibie,True,Taiwan,2026-05-12T14:12:33.949339+00:00,20.07791,39.73651,0.56,10.7,13.5,Interrompu,240,Mer Rouge,High,Mer Rouge,161.73,False,3.22,5,coupure AIS,0.466,suspect,coupure AIS,20260513
AIS-0064-04,VES-0064,592425568,MN-395,Bâtiment de débarquement,soutien_ou_amphibie,True,Taiwan,2026-05-12T14:19:33.949339+00:00,20.36472,39.79065,1.04,25.0,7.9,Interrompu,120,Mer Rouge,High,Mer Rouge,192.7,False,2.79,5,coupure AIS,0.452,suspect,coupure AIS,20260513
AIS-0030-02,VES-0030,306873966,ATL-886,Cargo,civil,False,France,2026-05-12T14:29:54.757766+00:00,25.80567,56.30622,14.22,275.5,140.2,Actif,0,Détroit d'Ormuz,Critical,Détroit d'Ormuz,37.48,True,0.91,1,rendez-vous probable,0.953,suspect,proximite zone sensible; proximite autre navire; variation cap forte,20260513
AIS-0017-02,VES-0017,389563468,NORD-998,Chalutier,civil,False,China,2026-05-12T14:30:45.578385+00:00,25.33064,121.17521,6.1,62.5,21.1,Actif,0,Détroit de Taïwan,Critical,Détroit de Taïwan,72.31,False,12.68,2,patrouille declaree,0.979,normal,aucun,20260513
AIS-0005-03,VES-0005,228173090,NORD-701,Cargo,civil,False,Marshall Islands,2026-05-12T14:35:22.308716+00:00,34.79117,31.33829,9.99,295.5,119.3,Actif,0,Méditerranée orientale,High,Méditerranée orientale,170.32,False,2.69,5,loitering,0.915,suspect,variation cap forte,20260513
AIS-0049-05,VES-0049,509890299,OCEAN-950,Porte-conteneurs,civil,False,Singapore,2026-05-12T14:38:58.933861+00:00,26.39783,55.48143,10.94,160.9,104.1,Actif,0,Détroit d'Ormuz,Critical,Détroit d'Ormuz,68.07,False,1.21,1,variation de cap,0.914,suspect,proximite autre navire; variation cap forte,20260513
AIS-0018-04,VES-0018,206147429,TRADE-610,Cargo,civil,False,India,2026-05-12T14:41:52.053981+00:00,18.13071,38.10693,21.05,229.1,102.3,Actif,0,Mer Rouge,High,Mer Rouge,120.04,False,0.68,2,rendez-vous probable,0.797,suspect,proximite autre navire; variation cap forte; vitesse atypique,20260513
AIS-0070-01,VES-0070,671654693,MN-333,Bâtiment de débarquement,soutien_ou_amphibie,True,Marshall Islands,2026-05-12T14:45:58.215216+00:00,42.55527,34.00811,9.22,348.9,10.1,Actif,0,Mer Noire,High,Mer Noire,231.02,False,21.51,2,transit regulier,0.858,normal,aucun,20260513
AIS-0049-04,VES-0049,509890299,OCEAN-950,Porte-conteneurs,civil,False,Singapore,2026-05-12T14:48:58.933861+00:00,26.40628,55.49346,11.16,165.0,146.2,Actif,0,Détroit d'Ormuz,Critical,Détroit d'Ormuz,67.78,False,1.31,4,rendez-vous probable,0.643,suspect,proximite autre navire; variation cap forte,20260513
AIS-0004-01,VES-0004,403142509,MER-342,Cargo,civil,False,Taiwan,2026-05-12T14:54:01.089854+00:00,18.64405,39.05367,10.31,229.9,15.8,Actif,0,Mer Rouge,High,Mer Rouge,18.24,True,2.48,2,rendez-vous probable,0.931,suspect,proximite zone sensible,20260513
AIS-0015-02,VES-0015,559178434,OCEAN-623,Cargo,civil,False,China,2026-05-12T14:54:01.967937+00:00,27.08853,56.50825,23.83,31.5,133.4,Actif,0,Détroit d'Ormuz,Critical,Détroit d'Ormuz,131.17,False,2.97,1,rendez-vous probable,0.932,suspect,variation cap forte; vitesse atypique,20260513
AIS-0025-05,VES-0025,425685029,NORD-792,Chalutier,civil,False,France,2026-05-12T14:59:16.732437+00:00,26.69667,55.76736,7.18,57.4,1.6,Actif,0,Détroit d'Ormuz,Critical,Détroit d'Ormuz,80.86,False,15.41,2,transit regulier,0.731,normal,aucun,20260513
AIS-0044-03,VES-0044,695979634,TRADE-156,Chalutier,civil,False,China,2026-05-12T14:59:30.966065+00:00,42.23422,32.09516,4.68,251.2,7.2,Actif,0,Mer Noire,High,Mer Noire,286.48,False,25.44,2,approche portuaire,0.817,normal,aucun,20260513
AIS-0049-03,VES-0049,509890299,OCEAN-950,Porte-conteneurs,civil,False,Singapore,2026-05-12T15:00:58.933861+00:00,26.3882,55.46011,14.18,168.0,141.7,Actif,0,Détroit d'Ormuz,Critical,Détroit d'Ormuz,69.03,False,1.22,1,loitering,0.792,suspect,proximite autre navire; variation cap forte,20260513
AIS-0071-02,VES-0071,626618110,MN-963,Destroyer,combat_strategique,True,Singapore,2026-05-12T15:02:15.557630+00:00,24.40835,120.82289,23.0,195.9,0.4,Actif,0,Détroit de Taïwan,Critical,Détroit de Taïwan,37.05,True,4.21,2,transit regulier,0.855,normal,aucun,20260513
AIS-0015-03,VES-0015,559178434,OCEAN-623,Cargo,civil,False,China,2026-05-12T15:03:01.967937+00:00,27.14648,56.53037,10.89,355.0,19.2,Interrompu,360,Détroit d'Ormuz,Critical,Détroit d'Ormuz,137.96,False,1.37,1,coupure AIS,0.535,suspect,coupure AIS; proximite autre navire,20260513
AIS-0070-02,VES-0070,671654693,MN-333,Bâtiment de débarquement,soutien_ou_amphibie,True,Marshall Islands,2026-05-12T15:04:58.215216+00:00,42.65207,33.9651,13.43,318.7,10.0,Actif,0,Mer Noire,High,Mer Noire,219.81,False,5.39,1,transit regulier,0.854,normal,aucun,20260513
AIS-0029-01,VES-0029,453737930,MN-810,Navire de soutien,soutien_ou_amphibie,True,China,2026-05-12T15:05:48.690340+00:00,19.26705,39.0203,16.84,155.5,30.7,Actif,0,Mer Rouge,High,Mer Rouge,51.98,True,19.14,1,patrouille declaree,0.932,normal,aucun,20260513
AIS-0023-05,VES-0023,341613475,MN-295,Sous-marin,combat_strategique,True,Liberia,2026-05-12T15:08:27.194258+00:00,24.31095,120.14683,22.15,317.9,19.4,Interrompu,90,Détroit de Taïwan,Critical,Détroit de Taïwan,96.56,False,2.4,1,route sombre,0.479,suspect,coupure AIS; vitesse atypique,20260513
AIS-0063-05,VES-0063,564902011,MN-878,Bâtiment de débarquement,soutien_ou_amphibie,True,France,2026-05-12T15:09:43.402990+00:00,35.11101,32.2154,14.89,24.5,69.2,Interrompu,180,Méditerranée orientale,High,Méditerranée orientale,92.7,False,0.27,4,reapparition tardive,0.559,suspect,coupure AIS; proximite autre navire,20260513
AIS-0044-04,VES-0044,695979634,TRADE-156,Chalutier,civil,False,China,2026-05-12T15:10:30.966065+00:00,42.24159,32.01784,3.48,233.9,14.4,Actif,0,Mer Noire,High,Mer Noire,288.26,False,10.06,1,transit regulier,0.932,normal,aucun,20260513
AIS-0030-04,VES-0030,306873966,ATL-886,Cargo,civil,False,France,2026-05-12T15:12:54.757766+00:00,25.66575,56.2049,14.58,230.7,74.6,Actif,0,Détroit d'Ormuz,Critical,Détroit d'Ormuz,42.45,True,1.43,1,loitering,0.99,suspect,proximite zone sensible; proximite autre navire; variation cap forte,20260513
AIS-0017-04,VES-0017,389563468,NORD-998,Chalutier,civil,False,China,2026-05-12T15:15:45.578385+00:00,25.34839,121.458,2.86,77.1,16.0,Actif,0,Détroit de Taïwan,Critical,Détroit de Taïwan,85.6,False,8.89,0,patrouille declaree,0.98,normal,aucun,20260513
AIS-0012-01,VES-0012,378725769,MER-409,Porte-conteneurs,civil,False,Singapore,2026-05-12T15:20:01.104309+00:00,34.02536,33.02294,14.98,255.5,0.0,Actif,0,Méditerranée orientale,High,Méditerranée orientale,98.6,False,18.84,0,approche portuaire,0.789,normal,aucun,20260513
AIS-0032-02,VES-0032,589364355,MN-405,Sous-marin,combat_strategique,True,France,2026-05-12T15:24:34.967091+00:00,25.54567,56.37603,0.64,214.7,84.6,Actif,0,Détroit d'Ormuz,Critical,Détroit d'Ormuz,63.01,False,0.39,5,loitering,0.934,suspect,proximite autre navire; variation cap forte,20260513
AIS-0057-02,VES-0057,482970316,MER-110,Navire civil,civil,False,Norway,2026-05-12T15:26:36.836197+00:00,24.80291,121.54305,11.11,262.4,18.8,Actif,0,Détroit de Taïwan,Critical,Détroit de Taïwan,56.02,False,14.83,0,transit regulier,0.99,normal,aucun,20260513
AIS-0052-01,VES-0052,438415121,MN-865,Sous-marin,combat_strategique,True,Marshall Islands,2026-05-12T15:31:17.264527+00:00,26.58387,56.79404,10.08,104.1,22.8,Actif,0,Détroit d'Ormuz,Critical,Détroit d'Ormuz,102.38,False,14.16,1,transit regulier,0.927,normal,aucun,20260513
AIS-0064-05,VES-0064,592425568,MN-395,Bâtiment de débarquement,soutien_ou_amphibie,True,Taiwan,2026-05-12T15:32:33.949339+00:00,20.24251,39.76426,8.17,342.9,15.9,Interrompu,30,Mer Rouge,High,Mer Rouge,179.28,False,2.21,1,coupure AIS,0.671,suspect,coupure AIS,20260513
AIS-0005-05,VES-0005,228173090,NORD-701,Cargo,civil,False,Marshall Islands,2026-05-12T15:41:22.308716+00:00,34.81812,31.26415,22.52,309.6,174.6,Actif,0,Méditerranée orientale,High,Méditerranée orientale,176.86,False,3.46,4,variation de cap,0.89,suspect,variation cap forte; vitesse atypique,20260513
AIS-0004-02,VES-0004,403142509,MER-342,Cargo,civil,False,Taiwan,2026-05-12T16:05:01.089854+00:00,18.56632,38.99028,23.89,201.1,16.7,Actif,0,Mer Rouge,High,Mer Rouge,26.0,True,1.37,1,loitering,0.833,suspect,proximite zone sensible; proximite autre navire; vitesse atypique,20260513
AIS-0044-05,VES-0044,695979634,TRADE-156,Chalutier,civil,False,China,2026-05-12T16:09:30.966065+00:00,42.09779,31.84087,5.49,248.0,3.2,Actif,0,Mer Noire,High,Mer Noire,308.87,False,3.82,0,transit regulier,0.846,normal,aucun,20260513
AIS-0035-01,VES-0035,488815547,MER-475,Cargo,civil,False,France,2026-05-12T16:12:29.520130+00:00,41.88321,34.76108,12.38,13.9,18.5,Actif,0,Mer Noire,High,Mer Noire,318.89,False,6.9,0,approche portuaire,0.823,normal,aucun,20260513
AIS-0057-05,VES-0057,482970316,MER-110,Navire civil,civil,False,Norway,2026-05-12T16:17:36.836197+00:00,24.81333,121.5658,8.45,270.3,8.4,Actif,0,Détroit de Taïwan,Critical,Détroit de Taïwan,58.51,False,8.92,0,transit regulier,0.99,normal,aucun,20260513
AIS-0017-03,VES-0017,389563468,NORD-998,Chalutier,civil,False,China,2026-05-12T16:17:45.578385+00:00,25.34442,121.31206,1.65,47.8,23.7,Actif,0,Détroit de Taïwan,Critical,Détroit de Taïwan,78.25,False,20.47,0,patrouille declaree,0.558,normal,aucun,20260513
AIS-0004-03,VES-0004,403142509,MER-342,Cargo,civil,False,Taiwan,2026-05-12T16:18:01.089854+00:00,18.58485,39.04451,25.48,276.2,174.6,Actif,0,Mer Rouge,High,Mer Rouge,24.38,True,1.56,2,rendez-vous probable,0.99,suspect,proximite zone sensible; proximite autre navire; variation cap forte; vitesse atypique,20260513
AIS-0004-04,VES-0004,403142509,MER-342,Cargo,civil,False,Taiwan,2026-05-12T16:21:01.089854+00:00,18.40641,38.85541,10.56,228.1,29.0,Actif,0,Mer Rouge,High,Mer Rouge,46.34,True,2.55,1,loitering,0.974,suspect,proximite zone sensible,20260513
AIS-0032-03,VES-0032,589364355,MN-405,Sous-marin,combat_strategique,True,France,2026-05-12T16:21:34.967091+00:00,25.37786,56.3938,21.13,214.6,141.5,Actif,0,Détroit d'Ormuz,Critical,Détroit d'Ormuz,79.64,False,0.43,4,rendez-vous probable,0.979,suspect,proximite autre navire; variation cap forte; vitesse atypique,20260513
AIS-0029-02,VES-0029,453737930,MN-810,Navire de soutien,soutien_ou_amphibie,True,China,2026-05-12T16:28:48.690340+00:00,19.23869,39.07535,15.6,124.1,11.4,Actif,0,Mer Rouge,High,Mer Rouge,49.42,True,4.13,2,transit regulier,0.728,normal,aucun,20260513
AIS-0052-02,VES-0052,438415121,MN-865,Sous-marin,combat_strategique,True,Marshall Islands,2026-05-12T16:31:17.264527+00:00,26.6142,56.92189,13.8,90.8,18.9,Actif,0,Détroit d'Ormuz,Critical,Détroit d'Ormuz,114.49,False,5.58,0,patrouille declaree,0.828,normal,aucun,20260513
AIS-0057-03,VES-0057,482970316,MER-110,Navire civil,civil,False,Norway,2026-05-12T16:31:36.836197+00:00,24.83011,121.53875,10.61,260.4,23.2,Actif,0,Détroit de Taïwan,Critical,Détroit de Taïwan,56.29,False,19.89,2,transit regulier,0.738,normal,aucun,20260513
AIS-0057-04,VES-0057,482970316,MER-110,Navire civil,civil,False,Norway,2026-05-12T16:33:36.836197+00:00,24.84474,121.34212,6.57,300.2,27.6,Actif,0,Détroit de Taïwan,Critical,Détroit de Taïwan,38.11,True,13.21,0,transit regulier,0.847,normal,aucun,20260513
AIS-0012-02,VES-0012,378725769,MER-409,Porte-conteneurs,civil,False,Singapore,2026-05-12T16:47:01.104309+00:00,34.03893,32.99112,17.28,216.7,7.4,Actif,0,Méditerranée orientale,High,Méditerranée orientale,97.64,False,23.05,1,approche portuaire,0.674,normal,aucun,20260513
AIS-0071-04,VES-0071,626618110,MN-963,Destroyer,combat_strategique,True,Singapore,2026-05-12T16:48:15.557630+00:00,24.17828,120.78679,24.48,184.1,8.3,Interrompu,180,Détroit de Taïwan,Critical,Détroit de Taïwan,61.9,False,14.56,1,route sombre,0.702,suspect,coupure AIS,20260513
AIS-0029-05,VES-0029,453737930,MN-810,Navire de soutien,soutien_ou_amphibie,True,China,2026-05-12T16:49:48.690340+00:00,18.90927,39.24521,17.95,163.5,19.8,Interrompu,45,Mer Rouge,High,Mer Rouge,28.52,True,4.43,2,coupure AIS,0.613,suspect,coupure AIS,20260513
AIS-0070-05,VES-0070,671654693,MN-333,Bâtiment de débarquement,soutien_ou_amphibie,True,Marshall Islands,2026-05-12T16:53:58.215216+00:00,42.6861,33.9363,10.15,310.6,18.7,Actif,0,Mer Noire,High,Mer Noire,215.69,False,23.33,1,patrouille declaree,0.96,normal,aucun,20260513
AIS-0030-03,VES-0030,306873966,ATL-886,Cargo,civil,False,France,2026-05-12T16:54:54.757766+00:00,25.74711,56.29591,13.24,199.1,14.1,Actif,0,Détroit d'Ormuz,Critical,Détroit d'Ormuz,40.83,True,3.68,1,loitering,0.744,suspect,proximite zone sensible,20260513
AIS-0030-05,VES-0030,306873966,ATL-886,Cargo,civil,False,France,2026-05-12T16:56:54.757766+00:00,25.80661,56.28541,8.26,230.7,106.0,Actif,0,Détroit d'Ormuz,Critical,Détroit d'Ormuz,35.74,True,3.58,5,variation de cap,0.882,suspect,proximite zone sensible; variation cap forte,20260513
AIS-0026-01,VES-0026,514601478,NORD-425,Chalutier,civil,False,Panama,2026-05-12T16:58:16.496656+00:00,27.18612,56.70706,3.41,289.6,20.9,Actif,0,Détroit d'Ormuz,Critical,Détroit d'Ormuz,149.46,False,8.75,1,transit regulier,0.99,normal,aucun,20260513
AIS-0029-04,VES-0029,453737930,MN-810,Navire de soutien,soutien_ou_amphibie,True,China,2026-05-12T16:59:48.690340+00:00,19.08923,39.1555,12.71,169.2,8.1,Interrompu,30,Mer Rouge,High,Mer Rouge,36.08,True,17.33,0,coupure AIS,0.611,suspect,coupure AIS,20260513
AIS-0070-03,VES-0070,671654693,MN-333,Bâtiment de débarquement,soutien_ou_amphibie,True,Marshall Islands,2026-05-12T16:59:58.215216+00:00,42.80613,33.91846,14.19,324.4,8.5,Actif,0,Mer Noire,High,Mer Noire,202.29,False,7.38,1,approche portuaire,0.99,normal,aucun,20260513
AIS-0048-01,VES-0048,364099457,TRADE-725,Chalutier,civil,False,Turkey,2026-05-12T17:04:09.963993+00:00,24.54193,119.8841,1.88,116.5,15.7,Actif,0,Détroit de Taïwan,Critical,Détroit de Taïwan,114.16,False,3.59,2,approche portuaire,0.959,normal,aucun,20260513
AIS-0071-03,VES-0071,626618110,MN-963,Destroyer,combat_strategique,True,Singapore,2026-05-12T17:08:15.557630+00:00,24.27615,120.79079,23.37,189.1,3.4,Interrompu,120,Détroit de Taïwan,Critical,Détroit de Taïwan,51.67,False,27.97,1,reapparition tardive,0.667,suspect,coupure AIS,20260513
AIS-0015-04,VES-0015,559178434,OCEAN-623,Cargo,civil,False,China,2026-05-12T17:11:01.967937+00:00,27.14387,56.59249,12.07,38.1,22.6,Interrompu,120,Détroit d'Ormuz,Critical,Détroit d'Ormuz,140.18,False,3.24,5,reapparition tardive,0.703,suspect,coupure AIS,20260513
AIS-0004-05,VES-0004,403142509,MER-342,Cargo,civil,False,Taiwan,2026-05-12T17:30:01.089854+00:00,18.27804,38.7543,8.14,272.6,150.7,Actif,0,Mer Rouge,High,Mer Rouge,63.56,False,0.33,2,loitering,0.921,suspect,proximite autre navire; variation cap forte,20260513
AIS-0026-02,VES-0026,514601478,NORD-425,Chalutier,civil,False,Panama,2026-05-12T17:35:16.496656+00:00,27.20284,56.61088,8.02,286.8,9.3,Actif,0,Détroit d'Ormuz,Critical,Détroit d'Ormuz,146.89,False,11.96,1,approche portuaire,0.801,normal,aucun,20260513
AIS-0035-02,VES-0035,488815547,MER-475,Cargo,civil,False,France,2026-05-12T17:36:29.520130+00:00,41.96737,34.71794,13.53,342.7,31.2,Actif,0,Mer Noire,High,Mer Noire,308.88,False,10.89,0,approche portuaire,0.915,normal,aucun,20260513
AIS-0029-03,VES-0029,453737930,MN-810,Navire de soutien,soutien_ou_amphibie,True,China,2026-05-12T17:43:48.690340+00:00,19.23227,39.09029,7.78,152.1,6.2,Interrompu,90,Mer Rouge,High,Mer Rouge,48.99,True,15.91,2,coupure AIS,0.46,suspect,coupure AIS,20260513
AIS-0017-05,VES-0017,389563468,NORD-998,Chalutier,civil,False,China,2026-05-12T17:47:45.578385+00:00,25.3811,121.42599,5.8,66.3,16.1,Actif,0,Détroit de Taïwan,Critical,Détroit de Taïwan,87.05,False,6.68,0,transit regulier,0.785,normal,aucun,20260513
AIS-0032-05,VES-0032,589364355,MN-405,Sous-marin,combat_strategique,True,France,2026-05-12T17:49:34.967091+00:00,25.38359,56.39037,13.69,212.3,109.6,Actif,0,Détroit d'Ormuz,Critical,Détroit d'Ormuz,78.92,False,3.27,5,variation de cap,0.99,suspect,variation cap forte,20260513
AIS-0032-04,VES-0032,589364355,MN-405,Sous-marin,combat_strategique,True,France,2026-05-12T17:50:34.967091+00:00,25.33787,56.48089,3.82,116.6,1.4,Actif,0,Détroit d'Ormuz,Critical,Détroit d'Ormuz,88.0,False,3.6,3,rendez-vous probable,0.99,normal,aucun,20260513
AIS-0070-04,VES-0070,671654693,MN-333,Bâtiment de débarquement,soutien_ou_amphibie,True,Marshall Islands,2026-05-12T17:54:58.215216+00:00,42.70578,33.95477,17.25,334.0,29.4,Actif,0,Mer Noire,High,Mer Noire,213.78,False,27.54,1,patrouille declaree,0.82,normal,aucun,20260513
AIS-0012-03,VES-0012,378725769,MER-409,Porte-conteneurs,civil,False,Singapore,2026-05-12T17:56:01.104309+00:00,33.98532,32.85435,11.95,236.9,14.2,Actif,0,Méditerranée orientale,High,Méditerranée orientale,106.53,False,15.35,0,transit regulier,0.926,normal,aucun,20260513
AIS-0026-03,VES-0026,514601478,NORD-425,Chalutier,civil,False,Panama,2026-05-12T18:02:16.496656+00:00,27.22728,56.59579,5.03,322.8,4.9,Actif,0,Détroit d'Ormuz,Critical,Détroit d'Ormuz,148.77,False,4.49,2,transit regulier,0.886,normal,aucun,20260513
AIS-0002-01,VES-0002,668796756,MN-923,Croiseur,combat_strategique,True,France,2026-05-12T18:03:57.818511+00:00,26.89375,56.15621,13.16,118.8,17.4,Actif,0,Détroit d'Ormuz,Critical,Détroit d'Ormuz,100.59,False,10.1,0,patrouille declaree,0.792,normal,aucun,20260513
AIS-0052-03,VES-0052,438415121,MN-865,Sous-marin,combat_strategique,True,Marshall Islands,2026-05-12T18:07:17.264527+00:00,26.60825,56.87755,6.16,111.3,19.9,Actif,0,Détroit d'Ormuz,Critical,Détroit d'Ormuz,110.57,False,21.7,0,transit regulier,0.887,normal,aucun,20260513
AIS-0047-01,VES-0047,710227377,MN-687,Corvette,combat,True,France,2026-05-12T18:08:16.289305+00:00,20.17431,39.06552,19.01,79.0,9.8,Actif,0,Mer Rouge,High,Mer Rouge,152.97,False,2.82,1,loitering,0.621,normal,aucun,20260513
AIS-0028-01,VES-0028,270533675,NORD-632,Cargo,civil,False,Panama,2026-05-12T18:17:50.558206+00:00,20.66407,38.22131,9.61,254.2,14.3,Actif,0,Mer Rouge,High,Mer Rouge,222.72,False,15.98,0,approche portuaire,0.885,normal,aucun,20260513
AIS-0015-05,VES-0015,559178434,OCEAN-623,Cargo,civil,False,China,2026-05-12T18:23:01.967937+00:00,27.42437,56.53543,10.87,325.2,18.6,Interrompu,90,Détroit d'Ormuz,Critical,Détroit d'Ormuz,167.07,False,0.43,1,reapparition tardive,0.588,suspect,coupure AIS; proximite autre navire,20260513
AIS-0020-01,VES-0020,393786524,MER-977,Cargo,civil,False,Turkey,2026-05-12T18:26:50.985322+00:00,26.70301,55.70686,13.24,209.4,0.9,Actif,0,Détroit d'Ormuz,Critical,Détroit d'Ormuz,83.45,False,19.33,0,transit regulier,0.846,normal,aucun,20260513
AIS-0048-02,VES-0048,364099457,TRADE-725,Chalutier,civil,False,Turkey,2026-05-12T18:34:09.963993+00:00,24.53019,119.97835,1.97,103.3,14.5,Actif,0,Détroit de Taïwan,Critical,Détroit de Taïwan,104.99,False,22.45,1,transit regulier,0.99,normal,aucun,20260513
AIS-0002-02,VES-0002,668796756,MN-923,Croiseur,combat_strategique,True,France,2026-05-12T18:47:57.818511+00:00,26.89942,56.24552,25.84,93.9,4.4,Actif,0,Détroit d'Ormuz,Critical,Détroit d'Ormuz,102.95,False,26.45,0,transit regulier,0.99,normal,aucun,20260513
AIS-0052-04,VES-0052,438415121,MN-865,Sous-marin,combat_strategique,True,Marshall Islands,2026-05-12T18:49:17.264527+00:00,26.60886,56.97893,3.73,111.1,11.7,Actif,0,Détroit d'Ormuz,Critical,Détroit d'Ormuz,118.77,False,27.13,1,transit regulier,0.99,normal,aucun,20260513
AIS-0012-04,VES-0012,378725769,MER-409,Porte-conteneurs,civil,False,Singapore,2026-05-12T18:50:01.104309+00:00,34.03404,32.89214,17.26,306.7,1.0,Actif,0,Méditerranée orientale,High,Méditerranée orientale,100.34,False,9.13,0,transit regulier,0.84,normal,aucun,20260513
AIS-0037-01,VES-0037,526949390,MN-816,Croiseur,combat_strategique,True,France,2026-05-12T18:51:01.934380+00:00,24.66686,120.64246,22.08,317.2,66.8,Actif,0,Détroit de Taïwan,Critical,Détroit de Taïwan,36.31,True,0.38,4,rendez-vous probable,0.923,suspect,proximite zone sensible; proximite autre navire,20260513
AIS-0051-01,VES-0051,511766476,ATL-807,Pétrolier,civil,False,Panama,2026-05-12T18:52:55.001721+00:00,33.46928,33.24242,6.18,72.4,9.8,Actif,0,Méditerranée orientale,High,Méditerranée orientale,159.14,False,1.95,4,variation de cap,0.748,suspect,proximite autre navire,20260513
AIS-0071-05,VES-0071,626618110,MN-963,Destroyer,combat_strategique,True,Singapore,2026-05-12T19:00:15.557630+00:00,24.23688,120.79527,14.37,225.4,1.3,Interrompu,30,Détroit de Taïwan,Critical,Détroit de Taïwan,55.51,False,19.26,1,coupure AIS,0.742,suspect,coupure AIS,20260513
AIS-0013-01,VES-0013,389066016,TRADE-123,Chalutier,civil,False,Greece,2026-05-12T19:02:30.549376+00:00,24.54293,119.95289,0.36,268.5,16.0,Actif,0,Détroit de Taïwan,Critical,Détroit de Taïwan,107.28,False,0.75,3,variation de cap,0.923,suspect,proximite autre navire,20260513
AIS-0020-02,VES-0020,393786524,MER-977,Cargo,civil,False,Turkey,2026-05-12T19:04:50.985322+00:00,26.63482,55.663,13.7,203.7,25.4,Actif,0,Détroit d'Ormuz,Critical,Détroit d'Ormuz,78.17,False,27.77,1,approche portuaire,0.767,normal,aucun,20260513
AIS-0047-03,VES-0047,710227377,MN-687,Corvette,combat,True,France,2026-05-12T19:12:16.289305+00:00,20.299,39.08296,18.4,29.1,5.8,Actif,0,Mer Rouge,High,Mer Rouge,166.91,False,0.96,2,variation de cap,0.847,suspect,proximite autre navire,20260513
AIS-0035-03,VES-0035,488815547,MER-475,Cargo,civil,False,France,2026-05-12T19:18:29.520130+00:00,42.01613,34.72198,8.26,340.9,11.7,Actif,0,Mer Noire,High,Mer Noire,303.84,False,8.44,0,transit regulier,0.881,normal,aucun,20260513
AIS-0047-02,VES-0047,710227377,MN-687,Corvette,combat,True,France,2026-05-12T19:35:16.289305+00:00,20.28485,39.10803,1.43,66.9,167.0,Actif,0,Mer Rouge,High,Mer Rouge,165.5,False,3.51,5,loitering,0.831,suspect,variation cap forte,20260513
AIS-0020-04,VES-0020,393786524,MER-977,Cargo,civil,False,Turkey,2026-05-12T19:38:50.985322+00:00,26.54685,55.65287,13.95,180.3,9.7,Interrompu,120,Détroit d'Ormuz,Critical,Détroit d'Ormuz,69.97,False,27.78,2,route sombre,0.659,suspect,coupure AIS,20260513
AIS-0013-02,VES-0013,389066016,TRADE-123,Chalutier,civil,False,Greece,2026-05-12T19:39:30.549376+00:00,24.49167,119.83718,13.65,275.8,116.0,Actif,0,Détroit de Taïwan,Critical,Détroit de Taïwan,119.83,False,2.73,3,variation de cap,0.989,suspect,variation cap forte; vitesse atypique,20260513
AIS-0028-02,VES-0028,270533675,NORD-632,Cargo,civil,False,Panama,2026-05-12T19:46:50.558206+00:00,20.6368,38.1383,9.48,248.7,2.1,Actif,0,Mer Rouge,High,Mer Rouge,223.27,False,19.02,2,patrouille declaree,0.829,normal,aucun,20260513
AIS-0012-05,VES-0012,378725769,MER-409,Porte-conteneurs,civil,False,Singapore,2026-05-12T19:48:01.104309+00:00,33.98231,32.82816,16.37,243.4,4.9,Actif,0,Méditerranée orientale,High,Méditerranée orientale,107.59,False,26.8,1,transit regulier,0.8,normal,aucun,20260513
AIS-0037-04,VES-0037,526949390,MN-816,Croiseur,combat_strategique,True,France,2026-05-12T19:48:01.934380+00:00,24.81039,120.57563,19.21,342.3,142.0,Interrompu,120,Détroit de Taïwan,Critical,Détroit de Taïwan,44.57,True,2.04,2,coupure AIS,0.56,suspect,coupure AIS; proximite zone sensible; variation cap forte,20260513
AIS-0022-01,VES-0022,604518286,NORD-217,Navire civil,civil,False,Taiwan,2026-05-12T19:48:20.856303+00:00,42.22341,32.95056,16.98,126.0,30.7,Actif,0,Mer Noire,High,Mer Noire,267.96,False,24.01,2,approche portuaire,0.837,normal,aucun,20260513
AIS-0052-05,VES-0052,438415121,MN-865,Sous-marin,combat_strategique,True,Marshall Islands,2026-05-12T19:55:17.264527+00:00,26.63033,57.29873,14.82,123.6,21.0,Actif,0,Détroit d'Ormuz,Critical,Détroit d'Ormuz,147.2,False,16.08,0,transit regulier,0.91,normal,aucun,20260513
AIS-0002-04,VES-0002,668796756,MN-923,Croiseur,combat_strategique,True,France,2026-05-12T19:57:57.818511+00:00,26.85966,56.54299,24.17,108.4,30.8,Actif,0,Détroit d'Ormuz,Critical,Détroit d'Ormuz,109.82,False,7.66,0,transit regulier,0.939,normal,aucun,20260513
AIS-0037-02,VES-0037,526949390,MN-816,Croiseur,combat_strategique,True,France,2026-05-12T19:59:01.934380+00:00,24.678,120.62103,20.67,325.3,79.2,Actif,0,Détroit de Taïwan,Critical,Détroit de Taïwan,38.37,True,0.56,3,variation de cap,0.757,suspect,proximite zone sensible; proximite autre navire; variation cap forte,20260513
AIS-0077-01,VES-0077,511102537,NORD-281,Porte-conteneurs,civil,False,Singapore,2026-05-12T19:59:23.182979+00:00,23.90038,119.99397,10.12,19.5,25.0,Actif,0,Détroit de Taïwan,Critical,Détroit de Taïwan,135.28,False,9.9,0,transit regulier,0.719,normal,aucun,20260513
AIS-0051-04,VES-0051,511766476,ATL-807,Pétrolier,civil,False,Panama,2026-05-12T20:01:55.001721+00:00,33.53283,33.50327,13.16,120.8,84.4,Actif,0,Méditerranée orientale,High,Méditerranée orientale,154.56,False,0.87,3,variation de cap,0.99,suspect,proximite autre navire; variation cap forte,20260513
AIS-0028-05,VES-0028,270533675,NORD-632,Cargo,civil,False,Panama,2026-05-12T20:05:50.558206+00:00,20.53418,37.97074,8.4,216.4,10.9,Actif,0,Mer Rouge,High,Mer Rouge,220.9,False,20.08,1,transit regulier,0.684,normal,aucun,20260513
AIS-0051-02,VES-0051,511766476,ATL-807,Pétrolier,civil,False,Panama,2026-05-12T20:06:55.001721+00:00,33.53222,33.27965,0.38,29.2,9.1,Actif,0,Méditerranée orientale,High,Méditerranée orientale,152.27,False,3.38,2,variation de cap,0.829,normal,aucun,20260513
AIS-0048-03,VES-0048,364099457,TRADE-725,Chalutier,civil,False,Turkey,2026-05-12T20:10:09.963993+00:00,24.49437,119.97699,2.2,116.2,14.8,Actif,0,Détroit de Taïwan,Critical,Détroit de Taïwan,105.93,False,24.55,0,transit regulier,0.756,normal,aucun,20260513
AIS-0028-03,VES-0028,270533675,NORD-632,Cargo,civil,False,Panama,2026-05-12T20:11:50.558206+00:00,20.61825,38.17719,17.42,231.3,20.7,Actif,0,Mer Rouge,High,Mer Rouge,219.76,False,8.87,0,patrouille declaree,0.898,normal,aucun,20260513
AIS-0035-04,VES-0035,488815547,MER-475,Cargo,civil,False,France,2026-05-12T20:12:29.520130+00:00,42.25448,34.56136,9.23,33.5,12.2,Actif,0,Mer Noire,High,Mer Noire,274.53,False,23.43,2,transit regulier,0.966,normal,aucun,20260513
AIS-0037-03,VES-0037,526949390,MN-816,Croiseur,combat_strategique,True,France,2026-05-12T20:17:01.934380+00:00,24.69751,120.62979,1.75,3.1,16.3,Interrompu,120,Détroit de Taïwan,Critical,Détroit de Taïwan,37.4,True,2.27,3,route sombre,0.501,suspect,coupure AIS; proximite zone sensible; stationnement lent,20260513
AIS-0020-05,VES-0020,393786524,MER-977,Cargo,civil,False,Turkey,2026-05-12T20:18:50.985322+00:00,26.31381,55.50214,10.49,222.3,3.2,Interrompu,90,Détroit d'Ormuz,Critical,Détroit d'Ormuz,60.72,False,19.96,1,route sombre,0.581,suspect,coupure AIS,20260513
AIS-0020-03,VES-0020,393786524,MER-977,Cargo,civil,False,Turkey,2026-05-12T20:22:50.985322+00:00,26.61321,55.65914,11.99,245.1,23.4,Interrompu,240,Détroit d'Ormuz,Critical,Détroit d'Ormuz,76.18,False,17.63,1,route sombre,0.507,suspect,coupure AIS,20260513
AIS-0022-02,VES-0022,604518286,NORD-217,Navire civil,civil,False,Taiwan,2026-05-12T20:27:20.856303+00:00,42.17112,33.06476,11.93,87.2,10.1,Actif,0,Mer Noire,High,Mer Noire,272.36,False,9.66,1,transit regulier,0.99,normal,aucun,20260513
AIS-0078-01,VES-0078,629803471,MN-261,Sous-marin,combat_strategique,True,Marshall Islands,2026-05-12T20:30:55.566127+00:00,26.91197,56.85822,9.61,222.4,0.1,Actif,0,Détroit d'Ormuz,Critical,Détroit d'Ormuz,132.6,False,8.67,2,patrouille declaree,0.65,normal,aucun,20260513
AIS-0077-02,VES-0077,511102537,NORD-281,Porte-conteneurs,civil,False,Singapore,2026-05-12T20:35:23.182979+00:00,23.95616,120.00786,15.15,33.6,15.7,Actif,0,Détroit de Taïwan,Critical,Détroit de Taïwan,130.18,False,15.43,1,transit regulier,0.985,normal,aucun,20260513
AIS-0002-03,VES-0002,668796756,MN-923,Croiseur,combat_strategique,True,France,2026-05-12T20:41:57.818511+00:00,26.88716,56.2854,13.94,98.5,21.7,Actif,0,Détroit d'Ormuz,Critical,Détroit d'Ormuz,102.66,False,5.32,1,approche portuaire,0.99,normal,aucun,20260513
AIS-0026-04,VES-0026,514601478,NORD-425,Chalutier,civil,False,Panama,2026-05-12T20:46:16.496656+00:00,27.36447,56.35319,6.66,312.7,7.0,Actif,0,Détroit d'Ormuz,Critical,Détroit d'Ormuz,155.73,False,14.39,0,patrouille declaree,0.951,normal,aucun,20260513
AIS-0067-01,VES-0067,582536372,MER-206,Chalutier,civil,False,Singapore,2026-05-12T20:51:32.341912+00:00,24.30726,119.86569,2.73,75.9,7.5,Actif,0,Détroit de Taïwan,Critical,Détroit de Taïwan,122.8,False,13.66,2,transit regulier,0.741,normal,aucun,20260513
AIS-0077-04,VES-0077,511102537,NORD-281,Porte-conteneurs,civil,False,Singapore,2026-05-12T20:59:23.182979+00:00,24.1007,120.0578,14.67,18.8,31.1,Actif,0,Détroit de Taïwan,Critical,Détroit de Taïwan,116.38,False,7.41,0,transit regulier,0.858,normal,aucun,20260513
AIS-0013-04,VES-0013,389066016,TRADE-123,Chalutier,civil,False,Greece,2026-05-12T21:26:30.549376+00:00,24.49282,119.80447,1.21,229.5,99.3,Actif,0,Détroit de Taïwan,Critical,Détroit de Taïwan,123.05,False,1.09,2,variation de cap,0.841,suspect,proximite autre navire; variation cap forte,20260513
AIS-0055-01,VES-0055,555869539,ATL-491,Navire civil,civil,False,China,2026-05-12T21:30:31.716021+00:00,25.99603,56.95831,11.29,336.8,29.9,Actif,0,Détroit d'Ormuz,Critical,Détroit d'Ormuz,95.78,False,6.6,0,patrouille declaree,0.915,normal,aucun,20260513
AIS-0078-03,VES-0078,629803471,MN-261,Sous-marin,combat_strategique,True,Marshall Islands,2026-05-12T21:30:55.566127+00:00,26.85601,56.7066,9.83,254.7,26.9,Actif,0,Détroit d'Ormuz,Critical,Détroit d'Ormuz,118.36,False,24.28,2,transit regulier,0.833,normal,aucun,20260513
AIS-0013-03,VES-0013,389066016,TRADE-123,Chalutier,civil,False,Greece,2026-05-12T21:32:30.549376+00:00,24.48299,119.8478,16.66,314.2,83.0,Actif,0,Détroit de Taïwan,Critical,Détroit de Taïwan,118.97,False,2.5,4,variation de cap,0.732,suspect,variation cap forte; vitesse atypique,20260513
AIS-0048-04,VES-0048,364099457,TRADE-725,Chalutier,civil,False,Turkey,2026-05-12T21:37:09.963993+00:00,24.48736,120.06322,1.51,126.5,7.9,Actif,0,Détroit de Taïwan,Critical,Détroit de Taïwan,97.62,False,23.44,2,transit regulier,0.823,normal,aucun,20260513
AIS-0028-04,VES-0028,270533675,NORD-632,Cargo,civil,False,Panama,2026-05-12T21:38:50.558206+00:00,20.54899,38.03311,12.82,231.5,15.3,Actif,0,Mer Rouge,High,Mer Rouge,219.25,False,15.1,0,approche portuaire,0.88,normal,aucun,20260513
AIS-0078-02,VES-0078,629803471,MN-261,Sous-marin,combat_strategique,True,Marshall Islands,2026-05-12T21:42:55.566127+00:00,26.9249,56.81794,6.77,272.0,13.3,Actif,0,Détroit d'Ormuz,Critical,Détroit d'Ormuz,131.17,False,6.11,2,approche portuaire,0.918,normal,aucun,20260513
AIS-0067-02,VES-0067,582536372,MER-206,Chalutier,civil,False,Singapore,2026-05-12T21:45:32.341912+00:00,24.32996,119.96626,8.04,96.5,27.6,Actif,0,Détroit de Taïwan,Critical,Détroit de Taïwan,112.39,False,6.95,2,transit regulier,0.654,normal,aucun,20260513
AIS-0035-05,VES-0035,488815547,MER-475,Cargo,civil,False,France,2026-05-12T21:48:29.520130+00:00,42.20372,34.59801,10.47,321.9,0.8,Actif,0,Mer Noire,High,Mer Noire,280.82,False,22.99,2,transit regulier,0.91,normal,aucun,20260513
AIS-0042-01,VES-0042,460472118,MER-113,Pétrolier,civil,False,Norway,2026-05-12T21:53:26.423597+00:00,27.10248,56.1372,9.2,256.2,14.4,Actif,0,Détroit d'Ormuz,Critical,Détroit d'Ormuz,123.35,False,1.49,4,loitering,0.9,suspect,proximite autre navire,20260513
AIS-0051-03,VES-0051,511766476,ATL-807,Pétrolier,civil,False,Panama,2026-05-12T21:56:55.001721+00:00,33.46675,33.29889,18.05,74.5,36.4,Actif,0,Méditerranée orientale,High,Méditerranée orientale,159.63,False,2.33,1,variation de cap,0.732,suspect,vitesse atypique,20260513
AIS-0022-03,VES-0022,604518286,NORD-217,Navire civil,civil,False,Taiwan,2026-05-12T22:14:20.856303+00:00,42.18267,33.09025,9.53,134.0,20.7,Actif,0,Mer Noire,High,Mer Noire,270.83,False,27.95,0,transit regulier,0.735,normal,aucun,20260513
AIS-0077-03,VES-0077,511102537,NORD-281,Porte-conteneurs,civil,False,Singapore,2026-05-12T22:29:23.182979+00:00,24.12056,120.0876,13.76,10.0,25.2,Actif,0,Détroit de Taïwan,Critical,Détroit de Taïwan,112.63,False,15.37,0,approche portuaire,0.99,normal,aucun,20260513
AIS-0055-02,VES-0055,555869539,ATL-491,Navire civil,civil,False,China,2026-05-12T22:29:31.716021+00:00,26.0449,56.93358,11.5,349.9,1.8,Actif,0,Détroit d'Ormuz,Critical,Détroit d'Ormuz,93.42,False,24.85,2,transit regulier,0.814,normal,aucun,20260513
AIS-0026-05,VES-0026,514601478,NORD-425,Chalutier,civil,False,Panama,2026-05-12T22:34:16.496656+00:00,27.37157,56.28388,2.04,350.8,39.7,Actif,0,Détroit d'Ormuz,Critical,Détroit d'Ormuz,155.1,False,19.82,1,transit regulier,0.99,normal,aucun,20260513
AIS-0042-02,VES-0042,460472118,MER-113,Pétrolier,civil,False,Norway,2026-05-12T22:34:26.423597+00:00,27.08072,56.05076,6.42,322.0,19.0,Actif,0,Détroit d'Ormuz,Critical,Détroit d'Ormuz,120.28,False,2.54,3,rendez-vous probable,0.918,normal,aucun,20260513
AIS-0019-01,VES-0019,621262831,MN-716,Sous-marin,combat_strategique,True,France,2026-05-12T22:36:29.401784+00:00,43.21866,34.10226,17.91,95.1,20.1,Actif,0,Mer Noire,High,Mer Noire,161.0,False,1.68,4,variation de cap,0.86,suspect,proximite autre navire; vitesse atypique,20260513
AIS-0040-01,VES-0040,487317097,ATL-145,Porte-conteneurs,civil,False,Liberia,2026-05-12T22:36:40.112953+00:00,44.51305,33.35351,15.95,257.5,15.2,Actif,0,Mer Noire,High,Mer Noire,15.11,True,17.98,1,transit regulier,0.877,normal,aucun,20260513
AIS-0078-04,VES-0078,629803471,MN-261,Sous-marin,combat_strategique,True,Marshall Islands,2026-05-12T22:39:55.566127+00:00,26.77446,56.57871,12.03,239.8,12.3,Actif,0,Détroit d'Ormuz,Critical,Détroit d'Ormuz,103.63,False,5.56,0,transit regulier,0.704,normal,aucun,20260513
AIS-0047-04,VES-0047,710227377,MN-687,Corvette,combat,True,France,2026-05-12T22:44:16.289305+00:00,20.30463,39.26741,30.96,52.1,11.5,Actif,0,Mer Rouge,High,Mer Rouge,169.64,False,3.19,1,variation de cap,0.716,suspect,vitesse atypique,20260513
AIS-0013-05,VES-0013,389066016,TRADE-123,Chalutier,civil,False,Greece,2026-05-12T22:54:30.549376+00:00,24.43071,119.68504,8.4,253.1,3.8,Actif,0,Détroit de Taïwan,Critical,Détroit de Taïwan,136.31,False,1.62,4,variation de cap,0.878,suspect,proximite autre navire,20260513
AIS-0019-02,VES-0019,621262831,MN-716,Sous-marin,combat_strategique,True,France,2026-05-12T22:58:29.401784+00:00,43.25232,34.27912,20.93,107.4,146.8,Actif,0,Mer Noire,High,Mer Noire,162.32,False,1.87,3,rendez-vous probable,0.867,suspect,proximite autre navire; variation cap forte; vitesse atypique,20260513
AIS-0055-03,VES-0055,555869539,ATL-491,Navire civil,civil,False,China,2026-05-12T23:00:31.716021+00:00,26.19011,56.80544,13.78,321.0,8.4,Actif,0,Détroit d'Ormuz,Critical,Détroit d'Ormuz,83.16,False,12.57,0,transit regulier,0.952,normal,aucun,20260513
AIS-0078-05,VES-0078,629803471,MN-261,Sous-marin,combat_strategique,True,Marshall Islands,2026-05-12T23:06:55.566127+00:00,26.7489,56.43975,7.14,247.4,20.7,Actif,0,Détroit d'Ormuz,Critical,Détroit d'Ormuz,94.09,False,11.0,0,transit regulier,0.9,normal,aucun,20260513
AIS-0037-05,VES-0037,526949390,MN-816,Croiseur,combat_strategique,True,France,2026-05-12T23:11:01.934380+00:00,24.95637,120.44412,1.63,7.7,16.6,Interrompu,90,Détroit de Taïwan,Critical,Détroit de Taïwan,62.93,False,3.73,3,coupure AIS,0.65,suspect,coupure AIS,20260513
AIS-0067-03,VES-0067,582536372,MER-206,Chalutier,civil,False,Singapore,2026-05-12T23:11:32.341912+00:00,24.3725,120.06876,5.11,107.6,0.8,Actif,0,Détroit de Taïwan,Critical,Détroit de Taïwan,100.99,False,8.97,1,transit regulier,0.99,normal,aucun,20260513
AIS-0047-05,VES-0047,710227377,MN-687,Corvette,combat,True,France,2026-05-12T23:12:16.289305+00:00,20.40707,39.26672,32.05,55.9,126.1,Actif,0,Mer Rouge,High,Mer Rouge,180.87,False,2.75,5,loitering,0.99,suspect,variation cap forte; vitesse atypique,20260513
AIS-0048-05,VES-0048,364099457,TRADE-725,Chalutier,civil,False,Turkey,2026-05-12T23:16:09.963993+00:00,24.47199,120.13488,5.88,136.1,16.1,Actif,0,Détroit de Taïwan,Critical,Détroit de Taïwan,91.08,False,9.94,0,patrouille declaree,0.99,normal,aucun,20260513
AIS-0077-05,VES-0077,511102537,NORD-281,Porte-conteneurs,civil,False,Singapore,2026-05-12T23:35:23.182979+00:00,24.25624,120.14609,13.68,33.9,23.4,Actif,0,Détroit de Taïwan,Critical,Détroit de Taïwan,99.51,False,14.86,1,transit regulier,0.99,normal,aucun,20260513
AIS-0022-04,VES-0022,604518286,NORD-217,Navire civil,civil,False,Taiwan,2026-05-12T23:36:20.856303+00:00,42.06893,33.38802,8.28,131.0,23.3,Actif,0,Mer Noire,High,Mer Noire,281.59,False,4.49,0,transit regulier,0.721,normal,aucun,20260513
AIS-0040-03,VES-0040,487317097,ATL-145,Porte-conteneurs,civil,False,Liberia,2026-05-12T23:36:40.112953+00:00,44.49687,33.08533,13.65,280.2,34.1,Actif,0,Mer Noire,High,Mer Noire,34.8,True,25.84,1,transit regulier,0.99,normal,aucun,20260513
AIS-0040-02,VES-0040,487317097,ATL-145,Porte-conteneurs,civil,False,Liberia,2026-05-12T23:46:40.112953+00:00,44.52763,33.23481,19.01,295.5,17.4,Actif,0,Mer Noire,High,Mer Noire,22.5,True,18.71,0,transit regulier,0.613,normal,aucun,20260513
AIS-0051-05,VES-0051,511766476,ATL-807,Pétrolier,civil,False,Panama,2026-05-12T23:56:55.001721+00:00,33.57833,33.65041,13.96,71.0,2.1,Actif,0,Méditerranée orientale,High,Méditerranée orientale,152.68,False,2.92,4,variation de cap,0.769,normal,aucun,20260513
AIS-0043-01,VES-0043,559914990,NORD-431,Chalutier,civil,False,Taiwan,2026-05-13T00:07:24.512359+00:00,33.35704,32.53845,0.93,119.8,76.0,Actif,0,Méditerranée orientale,High,Méditerranée orientale,182.05,False,0.89,5,rendez-vous probable,0.811,suspect,proximite autre navire; variation cap forte,20260513
AIS-0042-03,VES-0042,460472118,MER-113,Pétrolier,civil,False,Norway,2026-05-13T00:09:26.423597+00:00,27.11306,55.94095,6.87,316.6,112.6,Interrompu,120,Détroit d'Ormuz,Critical,Détroit d'Ormuz,123.91,False,0.93,1,coupure AIS,0.643,suspect,coupure AIS; proximite autre navire; variation cap forte,20260513
AIS-0002-05,VES-0002,668796756,MN-923,Croiseur,combat_strategique,True,France,2026-05-13T00:11:57.818511+00:00,26.85025,56.64745,25.35,108.9,19.8,Actif,0,Détroit d'Ormuz,Critical,Détroit d'Ormuz,114.43,False,24.13,0,approche portuaire,0.865,normal,aucun,20260513
AIS-0067-04,VES-0067,582536372,MER-206,Chalutier,civil,False,Singapore,2026-05-13T00:24:32.341912+00:00,24.4388,120.23679,4.02,80.2,23.3,Actif,0,Détroit de Taïwan,Critical,Détroit de Taïwan,82.46,False,3.51,1,approche portuaire,0.545,normal,aucun,20260513
AIS-0042-04,VES-0042,460472118,MER-113,Pétrolier,civil,False,Norway,2026-05-13T00:29:26.423597+00:00,27.14903,56.02481,12.44,288.1,20.6,Interrompu,120,Détroit d'Ormuz,Critical,Détroit d'Ormuz,127.79,False,2.53,5,coupure AIS,0.654,suspect,coupure AIS,20260513
AIS-0067-05,VES-0067,582536372,MER-206,Chalutier,civil,False,Singapore,2026-05-13T00:31:32.341912+00:00,24.36566,120.02941,6.69,58.2,30.9,Actif,0,Détroit de Taïwan,Critical,Détroit de Taïwan,104.98,False,4.2,1,patrouille declaree,0.957,normal,aucun,20260513
AIS-0019-03,VES-0019,621262831,MN-716,Sous-marin,combat_strategique,True,France,2026-05-13T00:38:29.401784+00:00,43.25888,34.26588,5.7,81.9,25.3,Actif,0,Mer Noire,High,Mer Noire,161.24,False,2.97,2,loitering,0.99,normal,aucun,20260513
AIS-0056-01,VES-0056,544352491,MN-712,Bâtiment de débarquement,soutien_ou_amphibie,True,Greece,2026-05-13T00:39:50.247412+00:00,42.77783,36.1576,16.74,328.3,10.8,Actif,0,Mer Noire,High,Mer Noire,294.44,False,22.77,1,patrouille declaree,0.92,normal,aucun,20260513
AIS-0036-01,VES-0036,725904269,NORD-928,Cargo,civil,False,Taiwan,2026-05-13T00:43:33.828013+00:00,24.32028,120.47607,8.98,52.1,5.8,Actif,0,Détroit de Taïwan,Critical,Détroit de Taïwan,67.77,False,10.31,1,transit regulier,0.86,normal,aucun,20260513
AIS-0056-02,VES-0056,544352491,MN-712,Bâtiment de débarquement,soutien_ou_amphibie,True,Greece,2026-05-13T01:00:50.247412+00:00,42.86432,36.06861,12.72,318.7,1.1,Actif,0,Mer Noire,High,Mer Noire,282.53,False,12.89,0,approche portuaire,0.99,normal,aucun,20260513
AIS-0019-05,VES-0019,621262831,MN-716,Sous-marin,combat_strategique,True,France,2026-05-13T01:08:29.401784+00:00,43.29003,34.29447,10.95,88.3,121.8,Actif,0,Mer Noire,High,Mer Noire,158.94,False,3.06,2,rendez-vous probable,0.908,suspect,variation cap forte,20260513
AIS-0075-01,VES-0075,341671175,MN-590,Corvette,combat,True,France,2026-05-13T01:08:31.790178+00:00,20.01361,39.46885,20.2,165.4,33.5,Actif,0,Mer Rouge,High,Mer Rouge,143.63,False,14.48,0,transit regulier,0.89,normal,aucun,20260513
AIS-0010-01,VES-0010,620701583,OCEAN-796,Cargo,civil,False,India,2026-05-13T01:20:02.728332+00:00,26.21135,55.85207,8.16,105.5,9.6,Actif,0,Détroit d'Ormuz,Critical,Détroit d'Ormuz,27.76,True,25.96,2,patrouille declaree,0.721,normal,aucun,20260513
AIS-0043-02,VES-0043,559914990,NORD-431,Chalutier,civil,False,Taiwan,2026-05-13T01:21:24.512359+00:00,33.25646,32.7206,17.75,109.9,25.4,Actif,0,Méditerranée orientale,High,Méditerranée orientale,188.01,False,0.76,4,loitering,0.874,suspect,proximite autre navire; vitesse atypique,20260513
AIS-0055-04,VES-0055,555869539,ATL-491,Navire civil,civil,False,China,2026-05-13T01:24:31.716021+00:00,26.10819,56.9223,13.66,337.9,12.2,Actif,0,Détroit d'Ormuz,Critical,Détroit d'Ormuz,92.92,False,9.26,2,transit regulier,0.99,normal,aucun,20260513
AIS-0040-05,VES-0040,487317097,ATL-145,Porte-conteneurs,civil,False,Liberia,2026-05-13T01:24:40.112953+00:00,44.48557,32.99894,14.74,259.5,18.0,Actif,0,Mer Noire,High,Mer Noire,41.7,True,17.14,0,transit regulier,0.852,normal,aucun,20260513
AIS-0022-05,VES-0022,604518286,NORD-217,Navire civil,civil,False,Taiwan,2026-05-13T01:32:20.856303+00:00,42.06262,33.55992,14.29,100.1,3.7,Actif,0,Mer Noire,High,Mer Noire,282.19,False,23.55,1,approche portuaire,0.696,normal,aucun,20260513
AIS-0019-04,VES-0019,621262831,MN-716,Sous-marin,combat_strategique,True,France,2026-05-13T01:39:29.401784+00:00,43.3187,34.47886,0.23,74.0,115.3,Actif,0,Mer Noire,High,Mer Noire,162.59,False,3.22,1,rendez-vous probable,0.793,suspect,variation cap forte,20260513
AIS-0056-04,VES-0056,544352491,MN-712,Bâtiment de débarquement,soutien_ou_amphibie,True,Greece,2026-05-13T01:39:50.247412+00:00,42.89352,36.03074,16.15,326.0,3.3,Actif,0,Mer Noire,High,Mer Noire,278.06,False,14.9,0,approche portuaire,0.918,normal,aucun,20260513
AIS-0056-03,VES-0056,544352491,MN-712,Bâtiment de débarquement,soutien_ou_amphibie,True,Greece,2026-05-13T01:41:50.247412+00:00,42.88401,36.06887,17.38,349.3,1.0,Actif,0,Mer Noire,High,Mer Noire,281.03,False,4.11,0,transit regulier,0.99,normal,aucun,20260513
AIS-0075-02,VES-0075,341671175,MN-590,Corvette,combat,True,France,2026-05-13T01:47:31.790178+00:00,19.92871,39.51763,11.04,146.2,10.3,Actif,0,Mer Rouge,High,Mer Rouge,136.75,False,14.02,2,approche portuaire,0.766,normal,aucun,20260513
AIS-0056-05,VES-0056,544352491,MN-712,Bâtiment de débarquement,soutien_ou_amphibie,True,Greece,2026-05-13T02:03:50.247412+00:00,42.86516,36.03592,16.49,9.2,15.2,Actif,0,Mer Noire,High,Mer Noire,280.56,False,16.84,2,patrouille declaree,0.99,normal,aucun,20260513
AIS-0021-01,VES-0021,593777293,OCEAN-224,Porte-conteneurs,civil,False,China,2026-05-13T02:05:50.269918+00:00,20.58458,38.66396,12.54,349.9,4.5,Actif,0,Mer Rouge,High,Mer Rouge,201.53,False,10.49,1,transit regulier,0.965,normal,aucun,20260513
AIS-0075-04,VES-0075,341671175,MN-590,Corvette,combat,True,France,2026-05-13T02:11:31.790178+00:00,19.79194,39.64123,21.55,147.7,21.5,Actif,0,Mer Rouge,High,Mer Rouge,129.21,False,21.24,0,transit regulier,0.725,normal,aucun,20260513
AIS-0036-02,VES-0036,725904269,NORD-928,Cargo,civil,False,Taiwan,2026-05-13T02:11:33.828013+00:00,24.39836,120.58349,11.37,68.4,8.3,Actif,0,Détroit de Taïwan,Critical,Détroit de Taïwan,53.85,False,3.96,1,patrouille declaree,0.745,normal,aucun,20260513
AIS-0010-02,VES-0010,620701583,OCEAN-796,Cargo,civil,False,India,2026-05-13T02:12:02.728332+00:00,26.17855,55.88277,8.74,136.1,10.9,Actif,0,Détroit d'Ormuz,Critical,Détroit d'Ormuz,23.05,True,19.0,1,approche portuaire,0.85,normal,aucun,20260513
AIS-0069-01,VES-0069,539833389,ATL-295,Cargo,civil,False,France,2026-05-13T02:20:42.657228+00:00,33.99784,32.02275,11.23,260.9,13.3,Actif,0,Méditerranée orientale,High,Méditerranée orientale,147.36,False,16.47,1,transit regulier,0.765,normal,aucun,20260513
AIS-0059-01,VES-0059,636068708,NORD-351,Pétrolier,civil,False,Turkey,2026-05-13T02:24:50.856142+00:00,34.82696,33.03034,14.31,202.8,30.4,Actif,0,Méditerranée orientale,High,Méditerranée orientale,17.48,True,5.13,0,patrouille declaree,0.785,normal,aucun,20260513
AIS-0021-02,VES-0021,593777293,OCEAN-224,Porte-conteneurs,civil,False,China,2026-05-13T02:28:50.269918+00:00,20.67754,38.72313,16.32,355.5,13.3,Actif,0,Mer Rouge,High,Mer Rouge,210.77,False,6.51,1,transit regulier,0.926,normal,aucun,20260513
AIS-0042-05,VES-0042,460472118,MER-113,Pétrolier,civil,False,Norway,2026-05-13T02:37:26.423597+00:00,27.22152,55.79758,14.75,325.2,146.9,Interrompu,30,Détroit d'Ormuz,Critical,Détroit d'Ormuz,137.31,False,0.45,5,route sombre,0.819,suspect,coupure AIS; proximite autre navire; variation cap forte,20260513
AIS-0043-05,VES-0043,559914990,NORD-431,Chalutier,civil,False,Taiwan,2026-05-13T02:59:24.512359+00:00,33.18846,33.12708,0.29,49.5,79.1,Actif,0,Méditerranée orientale,High,Méditerranée orientale,190.43,False,0.85,4,rendez-vous probable,0.667,suspect,proximite autre navire; variation cap forte,20260513
AIS-0040-04,VES-0040,487317097,ATL-145,Porte-conteneurs,civil,False,Liberia,2026-05-13T03:03:40.112953+00:00,44.50093,33.11394,17.55,232.1,13.5,Actif,0,Mer Noire,High,Mer Noire,32.51,True,19.4,2,approche portuaire,0.682,normal,aucun,20260513
AIS-0059-02,VES-0059,636068708,NORD-351,Pétrolier,civil,False,Turkey,2026-05-13T03:04:50.856142+00:00,34.76258,32.95689,6.54,232.2,19.1,Actif,0,Méditerranée orientale,High,Méditerranée orientale,26.94,True,24.53,1,approche portuaire,0.721,normal,aucun,20260513
AIS-0043-03,VES-0043,559914990,NORD-431,Chalutier,civil,False,Taiwan,2026-05-13T03:09:24.512359+00:00,33.29176,32.88434,1.89,120.5,9.3,Actif,0,Méditerranée orientale,High,Méditerranée orientale,181.17,False,1.73,1,variation de cap,0.797,suspect,proximite autre navire,20260513
AIS-0043-04,VES-0043,559914990,NORD-431,Chalutier,civil,False,Taiwan,2026-05-13T03:10:24.512359+00:00,33.29732,32.72995,4.67,167.6,146.6,Actif,0,Méditerranée orientale,High,Méditerranée orientale,183.39,False,0.61,4,rendez-vous probable,0.866,suspect,proximite autre navire; variation cap forte,20260513
AIS-0055-05,VES-0055,555869539,ATL-491,Navire civil,civil,False,China,2026-05-13T03:26:31.716021+00:00,26.12517,56.86529,7.7,309.8,28.8,Actif,0,Détroit d'Ormuz,Critical,Détroit d'Ormuz,87.55,False,25.97,2,transit regulier,0.878,normal,aucun,20260513
AIS-0075-03,VES-0075,341671175,MN-590,Corvette,combat,True,France,2026-05-13T03:26:31.790178+00:00,19.91275,39.5833,23.69,126.7,3.8,Actif,0,Mer Rouge,High,Mer Rouge,138.04,False,11.48,0,transit regulier,0.99,normal,aucun,20260513
AIS-0069-03,VES-0069,539833389,ATL-295,Cargo,civil,False,France,2026-05-13T03:36:42.657228+00:00,33.96153,31.92132,9.76,304.9,12.7,Actif,0,Méditerranée orientale,High,Méditerranée orientale,156.98,False,9.58,0,patrouille declaree,0.868,normal,aucun,20260513
AIS-0059-04,VES-0059,636068708,NORD-351,Pétrolier,civil,False,Turkey,2026-05-13T03:36:50.856142+00:00,34.71612,32.9271,8.01,210.2,6.4,Actif,0,Méditerranée orientale,High,Méditerranée orientale,32.23,True,6.27,1,transit regulier,0.99,normal,aucun,20260513
AIS-0036-04,VES-0036,725904269,NORD-928,Cargo,civil,False,Taiwan,2026-05-13T03:37:33.828013+00:00,24.39894,120.70804,12.88,80.8,18.7,Actif,0,Détroit de Taïwan,Critical,Détroit de Taïwan,44.64,True,16.5,0,transit regulier,0.88,normal,aucun,20260513
AIS-0036-03,VES-0036,725904269,NORD-928,Cargo,civil,False,Taiwan,2026-05-13T03:41:33.828013+00:00,24.38759,120.72654,12.38,87.0,13.3,Actif,0,Détroit de Taïwan,Critical,Détroit de Taïwan,44.4,True,20.12,1,transit regulier,0.929,normal,aucun,20260513
AIS-0041-01,VES-0041,334472357,OCEAN-852,Cargo,civil,False,Norway,2026-05-13T03:44:24.772159+00:00,34.65395,32.87545,11.87,162.6,25.3,Actif,0,Méditerranée orientale,High,Méditerranée orientale,40.34,True,2.68,3,variation de cap,0.821,suspect,proximite zone sensible,20260513
AIS-0069-02,VES-0069,539833389,ATL-295,Cargo,civil,False,France,2026-05-13T03:48:42.657228+00:00,33.96115,31.87728,16.78,271.3,8.6,Actif,0,Méditerranée orientale,High,Méditerranée orientale,160.05,False,18.51,0,patrouille declaree,0.659,normal,aucun,20260513
AIS-0075-05,VES-0075,341671175,MN-590,Corvette,combat,True,France,2026-05-13T03:52:31.790178+00:00,19.64628,39.84553,23.34,134.5,4.8,Actif,0,Mer Rouge,High,Mer Rouge,129.37,False,19.1,0,transit regulier,0.83,normal,aucun,20260513
AIS-0038-01,VES-0038,323260499,NORD-494,Pétrolier,civil,False,Singapore,2026-05-13T03:58:50.148762+00:00,35.73817,32.5736,14.81,230.2,12.9,Actif,0,Méditerranée orientale,High,Méditerranée orientale,109.16,False,15.07,1,transit regulier,0.949,normal,aucun,20260513
AIS-0066-01,VES-0066,365778842,OCEAN-685,Cargo,civil,False,Panama,2026-05-13T03:59:24.878896+00:00,44.61272,32.90469,17.6,345.2,19.5,Actif,0,Mer Noire,High,Mer Noire,47.15,True,17.87,1,transit regulier,0.925,normal,aucun,20260513
AIS-0060-01,VES-0060,730549426,TRADE-816,Porte-conteneurs,civil,False,Panama,2026-05-13T04:01:36.813618+00:00,19.34563,39.39845,15.3,298.9,22.7,Actif,0,Mer Rouge,High,Mer Rouge,73.72,False,26.42,0,approche portuaire,0.99,normal,aucun,20260513
AIS-0010-05,VES-0010,620701583,OCEAN-796,Cargo,civil,False,India,2026-05-13T04:04:02.728332+00:00,26.14368,56.12024,15.65,125.2,9.1,Actif,0,Détroit d'Ormuz,Critical,Détroit d'Ormuz,19.99,True,23.42,1,approche portuaire,0.668,normal,aucun,20260513
AIS-0074-01,VES-0074,696998321,MN-584,Croiseur,combat_strategique,True,Liberia,2026-05-13T04:15:05.235085+00:00,25.04294,120.79313,23.92,173.7,35.1,Actif,0,Détroit de Taïwan,Critical,Détroit de Taïwan,43.47,True,23.95,1,transit regulier,0.864,normal,aucun,20260513
AIS-0010-03,VES-0010,620701583,OCEAN-796,Cargo,civil,False,India,2026-05-13T04:16:02.728332+00:00,26.18549,55.97836,12.94,112.9,14.6,Actif,0,Détroit d'Ormuz,Critical,Détroit d'Ormuz,20.74,True,11.71,1,transit regulier,0.931,normal,aucun,20260513
AIS-0066-02,VES-0066,365778842,OCEAN-685,Cargo,civil,False,Panama,2026-05-13T04:19:24.878896+00:00,44.64219,32.85058,8.08,353.2,22.7,Actif,0,Mer Noire,High,Mer Noire,51.61,True,25.47,2,patrouille declaree,0.658,normal,aucun,20260513
AIS-0060-02,VES-0060,730549426,TRADE-816,Porte-conteneurs,civil,False,Panama,2026-05-13T04:25:36.813618+00:00,19.42068,39.31578,15.58,316.5,3.5,Actif,0,Mer Rouge,High,Mer Rouge,76.58,False,10.98,2,transit regulier,0.769,normal,aucun,20260513
AIS-0021-03,VES-0021,593777293,OCEAN-224,Porte-conteneurs,civil,False,China,2026-05-13T04:25:50.269918+00:00,20.74205,38.70145,10.36,17.8,16.5,Interrompu,30,Mer Rouge,High,Mer Rouge,218.19,False,25.31,1,coupure AIS,0.527,suspect,coupure AIS,20260513
AIS-0069-04,VES-0069,539833389,ATL-295,Cargo,civil,False,France,2026-05-13T04:38:42.657228+00:00,33.96213,31.73961,17.75,264.0,21.3,Actif,0,Méditerranée orientale,High,Méditerranée orientale,169.75,False,8.6,1,transit regulier,0.92,normal,aucun,20260513
AIS-0036-05,VES-0036,725904269,NORD-928,Cargo,civil,False,Taiwan,2026-05-13T04:43:33.828013+00:00,24.45225,120.83845,10.66,65.3,19.9,Actif,0,Détroit de Taïwan,Critical,Détroit de Taïwan,32.03,True,25.26,1,transit regulier,0.65,normal,aucun,20260513
AIS-0068-01,VES-0068,719331344,MN-513,Corvette,combat,True,France,2026-05-13T04:51:32.308377+00:00,18.66485,37.75246,21.83,281.7,20.5,Actif,0,Mer Rouge,High,Mer Rouge,132.23,False,13.4,1,patrouille declaree,0.857,normal,aucun,20260513
AIS-0038-03,VES-0038,323260499,NORD-494,Pétrolier,civil,False,Singapore,2026-05-13T04:52:50.148762+00:00,35.63944,32.46425,10.74,259.9,2.2,Actif,0,Méditerranée orientale,High,Méditerranée orientale,105.93,False,8.75,1,transit regulier,0.783,normal,aucun,20260513
AIS-0074-02,VES-0074,696998321,MN-584,Croiseur,combat_strategique,True,Liberia,2026-05-13T05:00:05.235085+00:00,24.92282,120.79495,15.96,170.2,19.2,Actif,0,Détroit de Taïwan,Critical,Détroit de Taïwan,32.28,True,16.33,0,transit regulier,0.854,normal,aucun,20260513
AIS-0059-03,VES-0059,636068708,NORD-351,Pétrolier,civil,False,Turkey,2026-05-13T05:00:50.856142+00:00,34.75507,32.99165,13.19,231.5,11.2,Actif,0,Méditerranée orientale,High,Méditerranée orientale,24.93,True,12.86,0,patrouille declaree,0.936,normal,aucun,20260513
AIS-0068-02,VES-0068,719331344,MN-513,Corvette,combat,True,France,2026-05-13T05:10:32.308377+00:00,18.68506,37.61851,22.99,243.2,1.7,Actif,0,Mer Rouge,High,Mer Rouge,146.03,False,26.61,0,approche portuaire,0.686,normal,aucun,20260513
AIS-0041-02,VES-0041,334472357,OCEAN-852,Cargo,civil,False,Norway,2026-05-13T05:14:24.772159+00:00,34.67795,32.94861,16.81,167.8,0.4,Actif,0,Méditerranée orientale,High,Méditerranée orientale,33.71,True,2.58,4,loitering,0.799,suspect,proximite zone sensible,20260513
AIS-0034-01,VES-0034,364355651,NORD-684,Navire civil,civil,False,Panama,2026-05-13T05:22:02.980501+00:00,25.86953,56.13025,13.71,67.2,9.5,Actif,0,Détroit d'Ormuz,Critical,Détroit d'Ormuz,19.5,True,13.72,0,patrouille declaree,0.788,normal,aucun,20260513
AIS-0041-03,VES-0041,334472357,OCEAN-852,Cargo,civil,False,Norway,2026-05-13T05:26:24.772159+00:00,34.58412,32.94526,1.0,136.9,14.6,Actif,0,Méditerranée orientale,High,Méditerranée orientale,42.14,True,1.78,4,variation de cap,0.697,suspect,proximite zone sensible; proximite autre navire; stationnement lent,20260513
AIS-0010-04,VES-0010,620701583,OCEAN-796,Cargo,civil,False,India,2026-05-13T05:29:02.728332+00:00,26.21468,55.96244,11.29,104.5,15.6,Actif,0,Détroit d'Ormuz,Critical,Détroit d'Ormuz,24.16,True,19.99,0,patrouille declaree,0.99,normal,aucun,20260513
AIS-0038-04,VES-0038,323260499,NORD-494,Pétrolier,civil,False,Singapore,2026-05-13T05:31:50.148762+00:00,35.65922,32.48829,7.34,257.2,9.4,Actif,0,Méditerranée orientale,High,Méditerranée orientale,106.3,False,15.17,2,transit regulier,0.897,normal,aucun,20260513
AIS-0054-01,VES-0054,666240177,MN-271,Croiseur,combat_strategique,True,France,2026-05-13T05:32:38.970870+00:00,42.3387,33.74497,24.03,29.1,13.9,Actif,0,Mer Noire,High,Mer Noire,252.22,False,11.68,2,patrouille declaree,0.805,normal,aucun,20260513
AIS-0038-02,VES-0038,323260499,NORD-494,Pétrolier,civil,False,Singapore,2026-05-13T05:32:50.148762+00:00,35.69008,32.48853,13.5,221.3,35.0,Actif,0,Méditerranée orientale,High,Méditerranée orientale,109.03,False,15.6,0,approche portuaire,0.907,normal,aucun,20260513
AIS-0066-03,VES-0066,365778842,OCEAN-685,Cargo,civil,False,Panama,2026-05-13T05:37:24.878896+00:00,44.81437,32.7871,17.44,350.9,14.0,Actif,0,Mer Noire,High,Mer Noire,61.17,False,17.25,0,transit regulier,0.688,normal,aucun,20260513
AIS-0021-04,VES-0021,593777293,OCEAN-224,Porte-conteneurs,civil,False,China,2026-05-13T05:50:50.269918+00:00,20.7329,38.7109,13.38,31.9,27.7,Interrompu,240,Mer Rouge,High,Mer Rouge,217.05,False,18.05,1,coupure AIS,0.519,suspect,coupure AIS,20260513
AIS-0034-02,VES-0034,364355651,NORD-684,Navire civil,civil,False,Panama,2026-05-13T06:15:02.980501+00:00,25.89202,56.1748,8.06,36.0,18.2,Actif,0,Détroit d'Ormuz,Critical,Détroit d'Ormuz,21.2,True,4.82,0,approche portuaire,0.71,normal,aucun,20260513
AIS-0068-03,VES-0068,719331344,MN-513,Corvette,combat,True,France,2026-05-13T06:19:32.308377+00:00,18.65606,37.54005,23.69,253.0,8.4,Actif,0,Mer Rouge,High,Mer Rouge,154.57,False,11.52,0,transit regulier,0.797,normal,aucun,20260513
AIS-0074-03,VES-0074,696998321,MN-584,Croiseur,combat_strategique,True,Liberia,2026-05-13T06:21:05.235085+00:00,24.88295,120.80578,18.5,154.4,10.4,Interrompu,180,Détroit de Taïwan,Critical,Détroit de Taïwan,28.25,True,14.74,1,coupure AIS,0.586,suspect,coupure AIS,20260513
AIS-0074-05,VES-0074,696998321,MN-584,Croiseur,combat_strategique,True,Liberia,2026-05-13T06:39:05.235085+00:00,24.69091,120.91123,14.77,161.7,17.2,Interrompu,240,Détroit de Taïwan,Critical,Détroit de Taïwan,9.02,True,24.59,0,reapparition tardive,0.58,suspect,coupure AIS,20260513
AIS-0068-04,VES-0068,719331344,MN-513,Corvette,combat,True,France,2026-05-13T06:39:32.308377+00:00,18.63848,37.47802,19.55,270.7,5.5,Actif,0,Mer Rouge,High,Mer Rouge,161.29,False,27.65,0,transit regulier,0.99,normal,aucun,20260513
AIS-0054-02,VES-0054,666240177,MN-271,Croiseur,combat_strategique,True,France,2026-05-13T06:47:38.970870+00:00,42.42881,33.83104,18.73,7.3,11.8,Actif,0,Mer Noire,High,Mer Noire,242.9,False,20.53,2,transit regulier,0.867,normal,aucun,20260513
AIS-0069-05,VES-0069,539833389,ATL-295,Cargo,civil,False,France,2026-05-13T06:48:42.657228+00:00,33.90152,31.48745,10.01,258.4,16.4,Actif,0,Méditerranée orientale,High,Méditerranée orientale,192.39,False,15.95,0,transit regulier,0.782,normal,aucun,20260513
AIS-0060-05,VES-0060,730549426,TRADE-816,Porte-conteneurs,civil,False,Panama,2026-05-13T06:53:36.813618+00:00,19.59754,39.02779,13.34,356.5,7.5,Actif,0,Mer Rouge,High,Mer Rouge,88.73,False,9.45,0,transit regulier,0.733,normal,aucun,20260513
AIS-0074-04,VES-0074,696998321,MN-584,Croiseur,combat_strategique,True,Liberia,2026-05-13T06:54:05.235085+00:00,24.86643,120.84369,18.42,196.3,17.1,Interrompu,240,Détroit de Taïwan,Critical,Détroit de Taïwan,24.32,True,22.91,1,reapparition tardive,0.438,suspect,coupure AIS,20260513
AIS-0068-05,VES-0068,719331344,MN-513,Corvette,combat,True,France,2026-05-13T06:59:32.308377+00:00,18.58893,37.22185,15.61,317.9,31.5,Actif,0,Mer Rouge,High,Mer Rouge,188.75,False,12.83,1,approche portuaire,0.575,normal,aucun,20260513
AIS-0060-03,VES-0060,730549426,TRADE-816,Porte-conteneurs,civil,False,Panama,2026-05-13T07:01:36.813618+00:00,19.44485,39.29071,14.94,307.2,14.7,Actif,0,Mer Rouge,High,Mer Rouge,77.94,False,23.8,2,approche portuaire,0.867,normal,aucun,20260513
AIS-0054-04,VES-0054,666240177,MN-271,Croiseur,combat_strategique,True,France,2026-05-13T07:02:38.970870+00:00,42.41232,33.84227,18.7,26.7,18.9,Actif,0,Mer Noire,High,Mer Noire,244.82,False,14.72,2,transit regulier,0.78,normal,aucun,20260513
AIS-0041-04,VES-0041,334472357,OCEAN-852,Cargo,civil,False,Norway,2026-05-13T07:05:24.772159+00:00,34.43902,33.17472,1.87,140.3,10.4,Actif,0,Méditerranée orientale,High,Méditerranée orientale,51.31,True,0.79,5,rendez-vous probable,0.75,suspect,proximite zone sensible; proximite autre navire; stationnement lent,20260513
AIS-0021-05,VES-0021,593777293,OCEAN-224,Porte-conteneurs,civil,False,China,2026-05-13T07:13:50.269918+00:00,20.70719,38.73222,10.78,48.1,26.5,Interrompu,120,Mer Rouge,High,Mer Rouge,213.91,False,16.44,0,coupure AIS,0.433,suspect,coupure AIS,20260513
AIS-0041-05,VES-0041,334472357,OCEAN-852,Cargo,civil,False,Norway,2026-05-13T07:16:24.772159+00:00,34.61804,32.98299,25.46,150.5,24.6,Actif,0,Méditerranée orientale,High,Méditerranée orientale,37.09,True,2.06,4,variation de cap,0.906,suspect,proximite zone sensible; vitesse atypique,20260513
AIS-0060-04,VES-0060,730549426,TRADE-816,Porte-conteneurs,civil,False,Panama,2026-05-13T07:43:36.813618+00:00,19.54538,39.10492,10.31,326.8,1.3,Actif,0,Mer Rouge,High,Mer Rouge,83.61,False,6.53,0,transit regulier,0.913,normal,aucun,20260513
AIS-0034-04,VES-0034,364355651,NORD-684,Navire civil,civil,False,Panama,2026-05-13T07:49:02.980501+00:00,26.03429,56.36528,16.95,66.2,25.6,Actif,0,Détroit d'Ormuz,Critical,Détroit d'Ormuz,36.7,True,10.97,1,approche portuaire,0.961,normal,aucun,20260513
AIS-0059-05,VES-0059,636068708,NORD-351,Pétrolier,civil,False,Turkey,2026-05-13T07:52:50.856142+00:00,34.58686,32.81527,11.86,236.6,29.6,Actif,0,Méditerranée orientale,High,Méditerranée orientale,49.48,True,4.37,0,transit regulier,0.99,normal,aucun,20260513
AIS-0066-04,VES-0066,365778842,OCEAN-685,Cargo,civil,False,Panama,2026-05-13T07:53:24.878896+00:00,44.86131,32.82225,10.76,308.8,10.6,Actif,0,Mer Noire,High,Mer Noire,60.91,False,5.93,1,transit regulier,0.749,normal,aucun,20260513
AIS-0054-05,VES-0054,666240177,MN-271,Croiseur,combat_strategique,True,France,2026-05-13T07:56:38.970870+00:00,42.64582,34.03764,19.13,17.0,3.0,Actif,0,Mer Noire,High,Mer Noire,221.56,False,22.89,1,approche portuaire,0.899,normal,aucun,20260513
AIS-0034-03,VES-0034,364355651,NORD-684,Navire civil,civil,False,Panama,2026-05-13T08:12:02.980501+00:00,25.95229,56.25273,6.18,79.5,12.4,Actif,0,Détroit d'Ormuz,Critical,Détroit d'Ormuz,25.81,True,13.28,0,transit regulier,0.938,normal,aucun,20260513
AIS-0054-03,VES-0054,666240177,MN-271,Croiseur,combat_strategique,True,France,2026-05-13T08:38:38.970870+00:00,42.41586,33.82095,24.94,49.5,15.9,Actif,0,Mer Noire,High,Mer Noire,244.24,False,3.53,0,patrouille declaree,0.893,normal,aucun,20260513
AIS-0066-05,VES-0066,365778842,OCEAN-685,Cargo,civil,False,Panama,2026-05-13T08:51:24.878896+00:00,44.84722,32.8225,13.83,341.6,21.4,Actif,0,Mer Noire,High,Mer Noire,60.17,False,22.43,2,transit regulier,0.644,normal,aucun,20260513
AIS-0038-05,VES-0038,323260499,NORD-494,Pétrolier,civil,False,Singapore,2026-05-13T10:02:50.148762+00:00,35.5991,32.32258,9.07,298.1,30.3,Actif,0,Méditerranée orientale,High,Méditerranée orientale,111.31,False,20.61,2,approche portuaire,0.99,normal,aucun,20260513
AIS-0034-05,VES-0034,364355651,NORD-684,Navire civil,civil,False,Panama,2026-05-13T11:06:02.980501+00:00,25.92433,56.19502,6.36,27.7,28.5,Actif,0,Détroit d'Ormuz,Critical,Détroit d'Ormuz,21.24,True,25.91,1,approche portuaire,0.791,normal,aucun,20260513
