detection_id,image_id,file_name,image_datetime,date_only,category,vessel_group,confidence,cloud_cover,adjusted_confidence,quality_score,quality_level,bbox,bbox_ratio,bbox_area_pct,bbox_inside_image,bbox_plausibility,classification_uncertainty_flag,zone_name,country,image_lat,image_lon,detection_risk_level,mil_risk_level,effective_risk_level,in_sensitive_military_zone,mil_zone_active,base_type,mil_density,nearest_sensitive_zone,nearest_sensitive_zone_distance_km,near_sensitive_zone_25km,same_image_detection_count,same_image_combat_count,same_image_civilian_count,same_zone_day_detection_count,same_zone_day_combat_count,same_zone_day_civilian_count,possible_co_presence_proxy,dense_activity_same_day,zone_observation_days,zone_observation_span_days,score_vessel,score_geo,score_context,score_confidence,score_anomaly,priority_score,alert_level,requires_human_review,review_reasons,scoring_version
DET-000-00001,IMG-000,satellite_000.jpg,2026-08-31 17:17:58+00:00,2026-08-31,Navire de guerre,combat,0.84,17.0,0.6971999999999999,77,Bonne,"0.3766847153545144,0.602830810224785,0.2798675218303956,0.06677135003212305",4.191431230546548,1.868713226276017,True,plausible,False,Base navale de Norfolk,USA,36.9,-76.3,High,,High,False,,,,Base navale de Rota,6076.454469459371,False,5,2,2,5,2,2,True,True,9,306,22,12,9,6,5,54,À examiner,False,navire de combat; zone à risque élevé; activité dense le même jour; co-présence potentielle à vérifier,v2.1-actionnable
DET-000-00002,IMG-000,satellite_000.jpg,2026-08-31 17:17:58+00:00,2026-08-31,Navire civil,civil,0.72,17.0,0.5975999999999999,70,Moyenne,"0.6730405409693083,0.37685587994514613,0.29411363227785164,0.23601876857461268",1.246145101315845,6.941633731122495,True,plausible,False,Base navale de Norfolk,USA,36.9,-76.3,High,,High,False,,,,Base navale de Rota,6076.454469459371,False,5,2,2,5,2,2,True,True,9,306,0,12,9,3,0,24,Veille,False,zone à risque élevé; activité dense le même jour; co-présence potentielle à vérifier,v2.1-actionnable
DET-000-00003,IMG-000,satellite_000.jpg,2026-08-31 17:17:58+00:00,2026-08-31,Bâtiment de débarquement,soutien_ou_amphibie,0.96,17.0,0.7968,84,Bonne,"0.3499607760017571,0.6063398574692226,0.2447065268620688,0.20174261872379287",1.2129639657205908,4.93677355479579,True,plausible,False,Base navale de Norfolk,USA,36.9,-76.3,High,,High,False,,,,Base navale de Rota,6076.454469459371,False,5,2,2,5,2,2,True,True,9,306,16,12,9,10,0,47,À examiner,False,navire de soutien/amphibie; zone à risque élevé; activité dense le même jour; co-présence potentielle à vérifier,v2.1-actionnable
DET-000-00004,IMG-000,satellite_000.jpg,2026-08-31 17:17:58+00:00,2026-08-31,Destroyer,combat_strategique,0.89,17.0,0.7387,80,Bonne,"0.6159782694606443,0.45954657746946426,0.2751740279853423,0.12683361651860597",2.1695669928719217,3.4901317141373034,True,plausible,False,Base navale de Norfolk,USA,36.9,-76.3,High,,High,False,,,,Base navale de Rota,6076.454469459371,False,5,2,2,5,2,2,True,True,9,306,30,12,9,6,5,62,Alerte analyste,True,navire de combat stratégique; zone à risque élevé; activité dense le même jour; co-présence potentielle à vérifier,v2.1-actionnable
DET-000-00005,IMG-000,satellite_000.jpg,2026-08-31 17:17:58+00:00,2026-08-31,Pétrolier,civil,0.9,17.0,0.747,80,Bonne,"0.7200515440830189,0.2160546184846373,0.13562516846762174,0.26083222366657327",0.5199709091197027,3.537541427656338,True,plausible,False,Base navale de Norfolk,USA,36.9,-76.3,High,,High,False,,,,Base navale de Rota,6076.454469459371,False,5,2,2,5,2,2,True,True,9,306,0,12,9,6,0,27,Veille,False,zone à risque élevé; activité dense le même jour; co-présence potentielle à vérifier,v2.1-actionnable
DET-001-00006,IMG-001,satellite_001.jpg,2026-04-17 04:54:56+00:00,2026-04-17,Destroyer,combat_strategique,0.94,39.0,0.5733999999999999,58,Moyenne,"0.5055362082682725,0.46515882941899167,0.23774061317578002,0.17542091261329637",1.3552581025493997,4.170467532853998,True,plausible,False,Base navale de Norfolk,USA,36.9,-76.3,High,,High,False,,,,Base navale de Rota,6076.454469459371,False,2,2,0,2,2,0,False,False,9,306,30,12,0,3,5,50,À examiner,False,navire de combat stratégique; zone à risque élevé,v2.1-actionnable
DET-001-00007,IMG-001,satellite_001.jpg,2026-04-17 04:54:56+00:00,2026-04-17,Navire de guerre,combat,0.82,39.0,0.5002,53,Moyenne,"0.3411762211653643,0.6161236185669328,0.047216533236275934,0.15767573297863702",0.2994533930130715,0.7444901486739978,True,plausible,False,Base navale de Norfolk,USA,36.9,-76.3,High,,High,False,,,,Base navale de Rota,6076.454469459371,False,2,2,0,2,2,0,False,False,9,306,22,12,0,3,5,42,À examiner,False,navire de combat; zone à risque élevé,v2.1-actionnable
DET-002-00008,IMG-002,satellite_002.jpg,2026-03-02 15:20:53+00:00,2026-03-02,Navire de soutien,soutien_ou_amphibie,0.92,25.6,0.68448,76,Bonne,"0.3570633336965961,0.16965770339366504,0.2623386580750606,0.2540788751004039",1.0325087356097304,6.665471113906089,True,plausible,False,Base navale de Yokosuka,Japan,35.4,139.7,High,,High,False,,,,Port de Busan,971.7284406546436,False,4,2,1,4,2,1,True,True,6,282,16,12,9,6,0,43,À examiner,False,navire de soutien/amphibie; zone à risque élevé; activité dense le même jour; co-présence potentielle à vérifier,v2.1-actionnable
DET-002-00009,IMG-002,satellite_002.jpg,2026-03-02 15:20:53+00:00,2026-03-02,Chalutier,civil,0.77,25.6,0.5728800000000001,68,Moyenne,"0.5349294114832523,0.21950418726747145,0.2820321792049321,0.28068462845883985",1.0048009424438074,7.916209743357329,True,plausible,False,Base navale de Yokosuka,Japan,35.4,139.7,High,,High,False,,,,Port de Busan,971.7284406546436,False,4,2,1,4,2,1,True,True,6,282,0,12,9,3,0,24,Veille,False,zone à risque élevé; activité dense le même jour; co-présence potentielle à vérifier,v2.1-actionnable
DET-002-00010,IMG-002,satellite_002.jpg,2026-03-02 15:20:53+00:00,2026-03-02,Porte-avions,combat_strategique,0.78,25.6,0.5803200000000001,66,Moyenne,"0.6151162601660949,0.381366338255073,0.270129129955423,0.19218565866986007",1.4055634110527242,5.191494476639917,True,a_verifier,True,Base navale de Yokosuka,Japan,35.4,139.7,High,,High,False,,,,Port de Busan,971.7284406546436,False,4,2,1,4,2,1,True,True,6,282,30,12,9,3,5,59,À examiner,True,navire de combat stratégique; zone à risque élevé; activité dense le même jour; co-présence potentielle à vérifier; classification/bbox à vérifier,v2.1-actionnable
DET-002-00011,IMG-002,satellite_002.jpg,2026-03-02 15:20:53+00:00,2026-03-02,Navire de guerre,combat,0.83,25.6,0.61752,71,Moyenne,"0.30456345171686955,0.3764579548053819,0.2866799639158904,0.10155543062736225",2.8228915198814573,2.9113907187714907,True,plausible,False,Base navale de Yokosuka,Japan,35.4,139.7,High,,High,False,,,,Port de Busan,971.7284406546436,False,4,2,1,4,2,1,True,True,6,282,22,12,9,6,5,54,À examiner,False,navire de combat; zone à risque élevé; activité dense le même jour; co-présence potentielle à vérifier,v2.1-actionnable
DET-004-00012,IMG-004,satellite_004.jpg,2026-10-03 08:53:49+00:00,2026-10-03,Destroyer,combat_strategique,0.96,32.7,0.64608,73,Moyenne,"0.7459333595512729,0.10487580225891656,0.051638289429665626,0.19395726910703068",0.26623539126636325,1.0015621599136384,True,plausible,False,Mer Baltique,International,55.0,20.0,Medium,,Medium,False,,,,Port militaire de Toulon,1666.9047507944083,False,3,2,1,3,2,1,True,False,8,269,30,6,7,6,0,49,À examiner,False,navire de combat stratégique; co-présence potentielle à vérifier,v2.1-actionnable
DET-004-00013,IMG-004,satellite_004.jpg,2026-10-03 08:53:49+00:00,2026-10-03,Pétrolier,civil,0.74,32.7,0.49802,63,Moyenne,"0.5715352270360203,0.6917271385955817,0.12473876484422532,0.2509732845198333",0.4970200915323629,3.1306097519902334,True,plausible,False,Mer Baltique,International,55.0,20.0,Medium,,Medium,False,,,,Port militaire de Toulon,1666.9047507944083,False,3,2,1,3,2,1,True,False,8,269,0,6,7,3,0,16,Veille,False,co-présence potentielle à vérifier,v2.1-actionnable
DET-004-00014,IMG-004,satellite_004.jpg,2026-10-03 08:53:49+00:00,2026-10-03,Frégate,combat,0.96,32.7,0.64608,73,Moyenne,"0.5868673096084751,0.42216123624283974,0.02584597465863368,0.26667474155647475",0.09691947016721905,0.6892468612366309,True,plausible,False,Mer Baltique,International,55.0,20.0,Medium,,Medium,False,,,,Port militaire de Toulon,1666.9047507944083,False,3,2,1,3,2,1,True,False,8,269,22,6,7,6,0,41,À examiner,False,navire de combat; co-présence potentielle à vérifier,v2.1-actionnable
DET-005-00015,IMG-005,satellite_005.jpg,2026-11-09 21:23:47+00:00,2026-11-09,Pétrolier,civil,0.74,45.2,0.40552000000000005,53,Moyenne,"0.37153706221803146,0.7979445277461746,0.2609122674268525,0.22392954239738191",1.1651533988482932,5.84259646507584,False,bbox_hors_image,True,Base navale de Rota,Spain,36.6,-6.4,High,High,High,True,False,Base Sous-marine,1.0,Base navale de Rota,0.0,True,4,2,2,4,2,2,True,True,6,257,0,16,16,0,7,39,Veille,False,zone à risque élevé; zone militaire/sensible connue; base sous-marine; activité dense le même jour; co-présence potentielle à vérifier; navire civil en zone sensible; classification/bbox à vérifier,v2.1-actionnable
DET-005-00016,IMG-005,satellite_005.jpg,2026-11-09 21:23:47+00:00,2026-11-09,Destroyer,combat_strategique,0.82,45.2,0.44936,61,Moyenne,"0.44962468929995564,0.056210282094379595,0.0870224132499691,0.03335517423073682",2.608962934745456,0.29026477559318975,True,plausible,False,Base navale de Rota,Spain,36.6,-6.4,High,High,High,True,False,Base Sous-marine,1.0,Base navale de Rota,0.0,True,4,2,2,4,2,2,True,True,6,257,30,16,16,0,0,62,Alerte analyste,True,navire de combat stratégique; zone à risque élevé; zone militaire/sensible connue; base sous-marine; activité dense le même jour; co-présence potentielle à vérifier,v2.1-actionnable
DET-005-00017,IMG-005,satellite_005.jpg,2026-11-09 21:23:47+00:00,2026-11-09,Cargo,civil,0.94,45.2,0.51512,66,Moyenne,"0.7996517120342745,0.6710511683335185,0.18249000384571065,0.29269796554456673",0.623475477549653,5.341445285785964,True,plausible,False,Base navale de Rota,Spain,36.6,-6.4,High,High,High,True,False,Base Sous-marine,1.0,Base navale de Rota,0.0,True,4,2,2,4,2,2,True,True,6,257,0,16,16,3,7,42,À examiner,False,zone à risque élevé; zone militaire/sensible connue; base sous-marine; activité dense le même jour; co-présence potentielle à vérifier; navire civil en zone sensible,v2.1-actionnable
DET-005-00018,IMG-005,satellite_005.jpg,2026-11-09 21:23:47+00:00,2026-11-09,Frégate,combat,0.97,45.2,0.53156,67,Moyenne,"0.6879133505955424,0.06291192476571572,0.22065095849921737,0.23125273986789177",0.9541550021213547,5.102613870742046,True,plausible,False,Base navale de Rota,Spain,36.6,-6.4,High,High,High,True,False,Base Sous-marine,1.0,Base navale de Rota,0.0,True,4,2,2,4,2,2,True,True,6,257,22,16,16,3,0,57,À examiner,False,navire de combat; zone à risque élevé; zone militaire/sensible connue; base sous-marine; activité dense le même jour; co-présence potentielle à vérifier,v2.1-actionnable
DET-006-00019,IMG-006,satellite_006.jpg,2026-01-04 02:10:50+00:00,2026-01-04,Destroyer,combat_strategique,0.72,10.0,0.648,73,Moyenne,"0.5959211286082203,0.059369077426325405,0.20643698400143987,0.22565541440020295",0.9148328417031513,4.658362317237295,True,plausible,False,Détroit de Malacca,International,3.0,101.0,Critical,High,Critical,True,False,Base Sous-marine,1.0,Détroit de Malacca,0.0,True,4,3,0,4,3,0,False,True,11,347,30,22,12,6,0,70,Alerte analyste,True,navire de combat stratégique; zone critique; zone militaire/sensible connue; base sous-marine; activité dense le même jour,v2.1-actionnable
DET-006-00020,IMG-006,satellite_006.jpg,2026-01-04 02:10:50+00:00,2026-01-04,Sous-marin,combat_strategique,0.7,10.0,0.63,69,Moyenne,"0.08772338466978519,0.12141026193616754,0.20378114745648962,0.1205521516014014",1.6903982612461366,2.4566255781682265,True,a_verifier,True,Détroit de Malacca,International,3.0,101.0,Critical,High,Critical,True,False,Base Sous-marine,1.0,Détroit de Malacca,0.0,True,4,3,0,4,3,0,False,True,11,347,30,22,12,6,0,70,Alerte analyste,True,navire de combat stratégique; zone critique; zone militaire/sensible connue; base sous-marine; activité dense le même jour; classification/bbox à vérifier,v2.1-actionnable
DET-006-00021,IMG-006,satellite_006.jpg,2026-01-04 02:10:50+00:00,2026-01-04,Navire de soutien,soutien_ou_amphibie,0.72,10.0,0.648,68,Moyenne,"0.6473196268288994,0.7532578867941723,0.19090812627627224,0.26351076973428644",0.7244794073076264,5.0306347303590835,False,bbox_hors_image,True,Détroit de Malacca,International,3.0,101.0,Critical,High,Critical,True,False,Base Sous-marine,1.0,Détroit de Malacca,0.0,True,4,3,0,4,3,0,False,True,11,347,16,22,12,6,0,56,À examiner,True,navire de soutien/amphibie; zone critique; zone militaire/sensible connue; base sous-marine; activité dense le même jour; classification/bbox à vérifier,v2.1-actionnable
DET-006-00022,IMG-006,satellite_006.jpg,2026-01-04 02:10:50+00:00,2026-01-04,Porte-avions,combat_strategique,0.89,10.0,0.801,84,Bonne,"0.49920998507995606,0.034420613608061236,0.18821690254546522,0.08619328584968004",2.1836608349484794,1.6223033282842647,True,plausible,False,Détroit de Malacca,International,3.0,101.0,Critical,High,Critical,True,False,Base Sous-marine,1.0,Détroit de Malacca,0.0,True,4,3,0,4,3,0,False,True,11,347,30,22,12,10,0,74,Alerte analyste,True,navire de combat stratégique; zone critique; zone militaire/sensible connue; base sous-marine; activité dense le même jour,v2.1-actionnable
DET-007-00023,IMG-007,satellite_007.jpg,2026-04-06 03:08:14+00:00,2026-04-06,Croiseur,combat_strategique,0.87,21.1,0.68643,66,Moyenne,"0.5025456634904577,0.42157091518791534,0.277002177990542,0.2546876177928627",1.0876154105608218,7.054902483584568,True,plausible,False,Port de Shanghai,China,31.2,121.5,Medium,Critical,Critical,True,True,Base Sous-marine,5.0,Port de Shanghai,0.0,True,5,3,2,5,3,2,True,True,5,114,30,25,20,6,0,81,Revue prioritaire immédiate,True,navire de combat stratégique; zone critique; zone militaire/sensible connue; zone sensible active; base sous-marine; activité dense le même jour; co-présence potentielle à vérifier,v2.1-actionnable
DET-007-00024,IMG-007,satellite_007.jpg,2026-04-06 03:08:14+00:00,2026-04-06,Navire de guerre,combat,0.72,21.1,0.5680799999999999,58,Moyenne,"0.016630245559289138,0.6261170766235215,0.1213290512433881,0.025769815534018553",4.708184700942958,0.3126627269459589,True,plausible,False,Port de Shanghai,China,31.2,121.5,Medium,Critical,Critical,True,True,Base Sous-marine,5.0,Port de Shanghai,0.0,True,5,3,2,5,3,2,True,True,5,114,22,25,20,3,0,70,Alerte analyste,True,navire de combat; zone critique; zone militaire/sensible connue; zone sensible active; base sous-marine; activité dense le même jour; co-présence potentielle à vérifier,v2.1-actionnable
DET-007-00025,IMG-007,satellite_007.jpg,2026-04-06 03:08:14+00:00,2026-04-06,Chalutier,civil,0.95,21.1,0.7495499999999999,70,Moyenne,"0.3285007396795342,0.5734258448954177,0.08389157781615651,0.2518065388923043",0.33315885355954267,2.1124447852100783,True,plausible,False,Port de Shanghai,China,31.2,121.5,Medium,Critical,Critical,True,True,Base Sous-marine,5.0,Port de Shanghai,0.0,True,5,3,2,5,3,2,True,True,5,114,0,25,20,6,10,61,Alerte analyste,True,zone critique; zone militaire/sensible connue; zone sensible active; base sous-marine; activité dense le même jour; co-présence potentielle à vérifier; navire civil en zone sensible,v2.1-actionnable
DET-007-00026,IMG-007,satellite_007.jpg,2026-04-06 03:08:14+00:00,2026-04-06,Pétrolier,civil,0.81,21.1,0.6390899999999999,63,Moyenne,"0.7157682058347914,0.7078832115539528,0.15432948009141417,0.28703024576428826",0.537676716544189,4.429722859931341,True,plausible,False,Port de Shanghai,China,31.2,121.5,Medium,Critical,Critical,True,True,Base Sous-marine,5.0,Port de Shanghai,0.0,True,5,3,2,5,3,2,True,True,5,114,0,25,20,6,10,61,Alerte analyste,True,zone critique; zone militaire/sensible connue; zone sensible active; base sous-marine; activité dense le même jour; co-présence potentielle à vérifier; navire civil en zone sensible,v2.1-actionnable
DET-007-00027,IMG-007,satellite_007.jpg,2026-04-06 03:08:14+00:00,2026-04-06,Destroyer,combat_strategique,1.0,21.1,0.7889999999999999,73,Moyenne,"0.318279225025118,0.39739519192417483,0.041804848284949875,0.0327350216359925",1.277067990050904,0.13684826130972155,True,plausible,False,Port de Shanghai,China,31.2,121.5,Medium,Critical,Critical,True,True,Base Sous-marine,5.0,Port de Shanghai,0.0,True,5,3,2,5,3,2,True,True,5,114,30,25,20,10,0,85,Revue prioritaire immédiate,True,navire de combat stratégique; zone critique; zone militaire/sensible connue; zone sensible active; base sous-marine; activité dense le même jour; co-présence potentielle à vérifier,v2.1-actionnable
DET-008-00028,IMG-008,satellite_008.jpg,2026-10-21 20:26:19+00:00,2026-10-21,Chalutier,civil,0.85,43.8,0.4777,51,Moyenne,"0.5682357050993878,0.056430093648470514,0.13345396211281146,0.10620442634114431",1.2565762719167426,1.4173401489143942,True,plausible,False,Détroit d'Ormuz,International,25.0,56.0,Critical,Critical,Critical,True,True,Base Sous-marine,2.0,Détroit d'Ormuz,0.0,True,3,2,1,3,2,1,True,False,4,194,0,25,15,3,10,53,À examiner,False,zone critique; zone militaire/sensible connue; zone sensible active; base sous-marine; co-présence potentielle à vérifier; navire civil en zone sensible,v2.1-actionnable
DET-008-00029,IMG-008,satellite_008.jpg,2026-10-21 20:26:19+00:00,2026-10-21,Porte-avions,combat_strategique,0.76,43.8,0.42712000000000006,45,Faible,"0.2842690233641742,0.7304818210468121,0.032788436360300946,0.23106391715708882",0.14190201898987836,0.7576224542867044,True,a_verifier,True,Détroit d'Ormuz,International,25.0,56.0,Critical,Critical,Critical,True,True,Base Sous-marine,2.0,Détroit d'Ormuz,0.0,True,3,2,1,3,2,1,True,False,4,194,30,25,15,0,0,70,Alerte analyste,True,navire de combat stratégique; zone critique; zone militaire/sensible connue; zone sensible active; base sous-marine; co-présence potentielle à vérifier; qualité observation faible; classification/bbox à vérifier,v2.1-actionnable
DET-008-00030,IMG-008,satellite_008.jpg,2026-10-21 20:26:19+00:00,2026-10-21,Navire de guerre,combat,1.0,43.8,0.562,57,Moyenne,"0.33477080654514024,0.5309057430489469,0.20557889114768502,0.06668855948939102",3.082671041655789,1.3709760112065426,True,plausible,False,Détroit d'Ormuz,International,25.0,56.0,Critical,Critical,Critical,True,True,Base Sous-marine,2.0,Détroit d'Ormuz,0.0,True,3,2,1,3,2,1,True,False,4,194,22,25,15,3,0,65,Alerte analyste,True,navire de combat; zone critique; zone militaire/sensible connue; zone sensible active; base sous-marine; co-présence potentielle à vérifier,v2.1-actionnable
DET-009-00031,IMG-009,satellite_009.jpg,2026-01-28 03:13:46+00:00,2026-01-28,Frégate,combat,0.93,1.9,0.9123300000000001,82,Bonne,"0.5806046350241214,0.4019280210704258,0.17250443531331297,0.1676337518855597",1.0290555056661757,2.8917565708470474,True,plausible,False,Mer Baltique,International,55.0,20.0,Medium,,Medium,False,,,,Port militaire de Toulon,1666.9047507944083,False,5,3,1,5,3,1,True,True,8,269,22,6,9,15,0,52,À examiner,False,navire de combat; activité dense le même jour; co-présence potentielle à vérifier,v2.1-actionnable
DET-009-00032,IMG-009,satellite_009.jpg,2026-01-28 03:13:46+00:00,2026-01-28,Navire de soutien,soutien_ou_amphibie,0.73,1.9,0.7161299999999999,68,Moyenne,"0.6518584273252466,0.2697678569856787,0.16175332688601296,0.13985543925755697",1.1565751589262754,2.262208258301452,True,plausible,False,Mer Baltique,International,55.0,20.0,Medium,,Medium,False,,,,Port militaire de Toulon,1666.9047507944083,False,5,3,1,5,3,1,True,True,8,269,16,6,9,6,0,37,Veille,False,navire de soutien/amphibie; activité dense le même jour; co-présence potentielle à vérifier,v2.1-actionnable
DET-009-00033,IMG-009,satellite_009.jpg,2026-01-28 03:13:46+00:00,2026-01-28,Chalutier,civil,0.96,1.9,0.9417599999999999,84,Bonne,"0.21682641619433154,0.15919966205739255,0.06448842180973047,0.030131438431776587",2.1402370801428834,0.19431289113223243,True,plausible,False,Mer Baltique,International,55.0,20.0,Medium,,Medium,False,,,,Port militaire de Toulon,1666.9047507944083,False,5,3,1,5,3,1,True,True,8,269,0,6,9,15,0,30,Veille,False,activité dense le même jour; co-présence potentielle à vérifier,v2.1-actionnable
DET-009-00034,IMG-009,satellite_009.jpg,2026-01-28 03:13:46+00:00,2026-01-28,Destroyer,combat_strategique,0.85,1.9,0.83385,76,Bonne,"0.6431304339005923,0.0269089915507724,0.280996079698712,0.0483426815557199",5.812587772460144,1.3584103999280523,True,plausible,False,Mer Baltique,International,55.0,20.0,Medium,,Medium,False,,,,Port militaire de Toulon,1666.9047507944083,False,5,3,1,5,3,1,True,True,8,269,30,6,9,10,0,55,À examiner,False,navire de combat stratégique; activité dense le même jour; co-présence potentielle à vérifier,v2.1-actionnable
DET-009-00035,IMG-009,satellite_009.jpg,2026-01-28 03:13:46+00:00,2026-01-28,Navire de guerre,combat,0.9,1.9,0.8829,80,Bonne,"0.7107678508820067,0.101818531744832,0.19836334924357218,0.10744212650278184",1.8462343933451117,2.131258006294336,True,plausible,False,Mer Baltique,International,55.0,20.0,Medium,,Medium,False,,,,Port militaire de Toulon,1666.9047507944083,False,5,3,1,5,3,1,True,True,8,269,22,6,9,15,0,52,À examiner,False,navire de combat; activité dense le même jour; co-présence potentielle à vérifier,v2.1-actionnable
DET-010-00036,IMG-010,satellite_010.jpg,2026-10-10 13:35:17+00:00,2026-10-10,Sous-marin,combat_strategique,0.78,43.7,0.43914,46,Faible,"0.2760713813050738,0.6292109071254108,0.2552668424892788,0.15208309246454915",1.6784695678698278,3.8821770809430474,True,a_verifier,True,Port de Singapour,Singapore,1.3,103.8,Low,Critical,Critical,True,False,Base Sous-marine,1.0,Port de Singapour,0.0,True,5,2,2,5,2,2,True,True,5,228,30,22,16,0,0,68,Alerte analyste,True,navire de combat stratégique; zone critique; zone militaire/sensible connue; base sous-marine; activité dense le même jour; co-présence potentielle à vérifier; qualité observation faible; classification/bbox à vérifier,v2.1-actionnable
DET-010-00037,IMG-010,satellite_010.jpg,2026-10-10 13:35:17+00:00,2026-10-10,Chalutier,civil,0.96,43.7,0.54048,56,Moyenne,"0.6593332038819141,0.43478269223772287,0.07584263745257687,0.20672284931187407",0.36688076671271214,1.5678406113524126,True,plausible,False,Port de Singapour,Singapore,1.3,103.8,Low,Critical,Critical,True,False,Base Sous-marine,1.0,Port de Singapour,0.0,True,5,2,2,5,2,2,True,True,5,228,0,22,16,3,7,48,À examiner,False,zone critique; zone militaire/sensible connue; base sous-marine; activité dense le même jour; co-présence potentielle à vérifier; navire civil en zone sensible,v2.1-actionnable
DET-010-00038,IMG-010,satellite_010.jpg,2026-10-10 13:35:17+00:00,2026-10-10,Navire civil,civil,0.82,43.7,0.4616599999999999,50,Moyenne,"0.04330968447123862,0.2947517457466443,0.14174220022047188,0.03501919472715861",4.047557384594735,0.4963697710576604,True,plausible,False,Port de Singapour,Singapore,1.3,103.8,Low,Critical,Critical,True,False,Base Sous-marine,1.0,Port de Singapour,0.0,True,5,2,2,5,2,2,True,True,5,228,0,22,16,3,7,48,À examiner,False,zone critique; zone militaire/sensible connue; base sous-marine; activité dense le même jour; co-présence potentielle à vérifier; navire civil en zone sensible,v2.1-actionnable
DET-010-00039,IMG-010,satellite_010.jpg,2026-10-10 13:35:17+00:00,2026-10-10,Navire de guerre,combat,0.79,43.7,0.44477,49,Faible,"0.4425523775101121,0.5069974065567486,0.25327111911344086,0.1818735170202606",1.392567336151676,4.606330919281882,True,plausible,False,Port de Singapour,Singapore,1.3,103.8,Low,Critical,Critical,True,False,Base Sous-marine,1.0,Port de Singapour,0.0,True,5,2,2,5,2,2,True,True,5,228,22,22,16,0,0,60,Alerte analyste,True,navire de combat; zone critique; zone militaire/sensible connue; base sous-marine; activité dense le même jour; co-présence potentielle à vérifier; qualité observation faible,v2.1-actionnable
DET-010-00040,IMG-010,satellite_010.jpg,2026-10-10 13:35:17+00:00,2026-10-10,Navire de soutien,soutien_ou_amphibie,0.91,43.7,0.51233,54,Moyenne,"0.3862367041626568,0.2455997518833849,0.1878310632610799,0.29389956891179553",0.6390994854349424,5.520346852067556,True,plausible,False,Port de Singapour,Singapore,1.3,103.8,Low,Critical,Critical,True,False,Base Sous-marine,1.0,Port de Singapour,0.0,True,5,2,2,5,2,2,True,True,5,228,16,22,16,3,0,57,À examiner,False,navire de soutien/amphibie; zone critique; zone militaire/sensible connue; base sous-marine; activité dense le même jour; co-présence potentielle à vérifier,v2.1-actionnable
DET-011-00041,IMG-011,satellite_011.jpg,2026-11-10 05:50:18+00:00,2026-11-10,Pétrolier,civil,0.81,11.3,0.71847,68,Moyenne,"0.002853201722701382,0.47321301710178854,0.2815044529575567,0.061852663895470325",4.551209846568506,1.7411800313861987,True,plausible,False,Détroit de Malacca,International,3.0,101.0,Critical,High,Critical,True,False,Base Sous-marine,1.0,Détroit de Malacca,0.0,True,4,2,2,4,2,2,True,True,11,347,0,22,16,6,7,51,À examiner,True,zone critique; zone militaire/sensible connue; base sous-marine; activité dense le même jour; co-présence potentielle à vérifier; navire civil en zone sensible,v2.1-actionnable
DET-011-00042,IMG-011,satellite_011.jpg,2026-11-10 05:50:18+00:00,2026-11-10,Frégate,combat,0.79,11.3,0.7007300000000001,67,Moyenne,"0.16403829413736376,0.4772817603582212,0.16009838604380464,0.23194755918871343",0.690235269574654,3.7134429872912857,True,plausible,False,Détroit de Malacca,International,3.0,101.0,Critical,High,Critical,True,False,Base Sous-marine,1.0,Détroit de Malacca,0.0,True,4,2,2,4,2,2,True,True,11,347,22,22,16,6,0,66,Alerte analyste,True,navire de combat; zone critique; zone militaire/sensible connue; base sous-marine; activité dense le même jour; co-présence potentielle à vérifier,v2.1-actionnable
DET-011-00043,IMG-011,satellite_011.jpg,2026-11-10 05:50:18+00:00,2026-11-10,Navire de guerre,combat,0.88,11.3,0.78056,73,Moyenne,"0.33188890384428565,0.319606989475521,0.1045742179249519,0.058503842166684875",1.7874760708366266,0.6117993540185886,True,plausible,False,Détroit de Malacca,International,3.0,101.0,Critical,High,Critical,True,False,Base Sous-marine,1.0,Détroit de Malacca,0.0,True,4,2,2,4,2,2,True,True,11,347,22,22,16,10,0,70,Alerte analyste,True,navire de combat; zone critique; zone militaire/sensible connue; base sous-marine; activité dense le même jour; co-présence potentielle à vérifier,v2.1-actionnable
DET-011-00044,IMG-011,satellite_011.jpg,2026-11-10 05:50:18+00:00,2026-11-10,Chalutier,civil,1.0,11.3,0.887,80,Bonne,"0.07735604319268718,0.7292535392147708,0.290398780627763,0.10672943471634694",2.720887460891657,3.099409769871757,True,plausible,False,Détroit de Malacca,International,3.0,101.0,Critical,High,Critical,True,False,Base Sous-marine,1.0,Détroit de Malacca,0.0,True,4,2,2,4,2,2,True,True,11,347,0,22,16,15,7,60,Alerte analyste,True,zone critique; zone militaire/sensible connue; base sous-marine; activité dense le même jour; co-présence potentielle à vérifier; navire civil en zone sensible,v2.1-actionnable
DET-012-00045,IMG-012,satellite_012.jpg,2026-07-19 23:00:19+00:00,2026-07-19,Pétrolier,civil,0.79,43.9,0.44319,44,Faible,"0.7571997734731157,0.6708688536222536,0.284742743242702,0.2785440533829448",1.0222538940769816,7.931339787420133,False,bbox_hors_image,True,Mer de Chine Méridionale,International,15.0,110.0,Critical,,Critical,False,,,,Détroit de Malacca,1659.3897387122565,False,3,1,2,3,1,2,True,False,8,220,0,18,7,0,0,25,Veille,False,zone critique; co-présence potentielle à vérifier; qualité observation faible; classification/bbox à vérifier,v2.1-actionnable
DET-012-00046,IMG-012,satellite_012.jpg,2026-07-19 23:00:19+00:00,2026-07-19,Croiseur,combat_strategique,0.91,43.9,0.51051,54,Moyenne,"0.3766665371054361,0.05659999521279566,0.15896897982668048,0.040146437228905846",3.9597282050278997,0.6382038169955017,True,plausible,False,Mer de Chine Méridionale,International,15.0,110.0,Critical,,Critical,False,,,,Détroit de Malacca,1659.3897387122565,False,3,1,2,3,1,2,True,False,8,220,30,18,7,3,5,63,Alerte analyste,True,navire de combat stratégique; zone critique; co-présence potentielle à vérifier,v2.1-actionnable
DET-012-00047,IMG-012,satellite_012.jpg,2026-07-19 23:00:19+00:00,2026-07-19,Navire civil,civil,0.88,43.9,0.49367999999999995,53,Moyenne,"0.17836240022424452,0.3277422663572437,0.2980499980650043,0.0905399598854102",3.291916612755565,2.698543486865208,True,plausible,False,Mer de Chine Méridionale,International,15.0,110.0,Critical,,Critical,False,,,,Détroit de Malacca,1659.3897387122565,False,3,1,2,3,1,2,True,False,8,220,0,18,7,3,0,28,Veille,False,zone critique; co-présence potentielle à vérifier,v2.1-actionnable
DET-014-00048,IMG-014,satellite_014.jpg,2026-05-04 09:01:54+00:00,2026-05-04,Frégate,combat,0.74,29.3,0.5231800000000001,67,Moyenne,"0.02000427600465642,0.0852967586539485,0.24786865788197038,0.12697731538248858",1.9520703925368545,3.1473696745313084,True,plausible,False,Golfe Persique,International,26.0,55.0,Critical,High,Critical,True,False,Base Sous-marine,1.0,Golfe Persique,0.0,True,4,3,0,4,3,0,False,True,2,13,22,22,12,3,0,59,À examiner,False,navire de combat; zone critique; zone militaire/sensible connue; base sous-marine; activité dense le même jour,v2.1-actionnable
DET-014-00049,IMG-014,satellite_014.jpg,2026-05-04 09:01:54+00:00,2026-05-04,Navire de guerre,combat,0.97,29.3,0.68579,78,Bonne,"0.7469242667582775,0.6386082609209137,0.0845240123222208,0.22973789614323903",0.36791497502667575,1.9418368764492215,True,plausible,False,Golfe Persique,International,26.0,55.0,Critical,High,Critical,True,False,Base Sous-marine,1.0,Golfe Persique,0.0,True,4,3,0,4,3,0,False,True,2,13,22,22,12,6,0,62,Alerte analyste,True,navire de combat; zone critique; zone militaire/sensible connue; base sous-marine; activité dense le même jour,v2.1-actionnable
DET-014-00050,IMG-014,satellite_014.jpg,2026-05-04 09:01:54+00:00,2026-05-04,Destroyer,combat_strategique,0.87,29.3,0.61509,73,Moyenne,"0.4977062583112307,0.7712065476226733,0.13994453559988626,0.07971502089665419",1.7555604204296225,1.115568157971748,True,plausible,False,Golfe Persique,International,26.0,55.0,Critical,High,Critical,True,False,Base Sous-marine,1.0,Golfe Persique,0.0,True,4,3,0,4,3,0,False,True,2,13,30,22,12,6,0,70,Alerte analyste,True,navire de combat stratégique; zone critique; zone militaire/sensible connue; base sous-marine; activité dense le même jour,v2.1-actionnable
DET-014-00051,IMG-014,satellite_014.jpg,2026-05-04 09:01:54+00:00,2026-05-04,Navire de soutien,soutien_ou_amphibie,0.88,29.3,0.62216,74,Moyenne,"0.39385663956878675,0.2532552901122364,0.07500505137050066,0.13279185596725723",0.56483171218719,0.9960059978408243,True,plausible,False,Golfe Persique,International,26.0,55.0,Critical,High,Critical,True,False,Base Sous-marine,1.0,Golfe Persique,0.0,True,4,3,0,4,3,0,False,True,2,13,16,22,12,6,0,56,À examiner,False,navire de soutien/amphibie; zone critique; zone militaire/sensible connue; base sous-marine; activité dense le même jour,v2.1-actionnable
DET-015-00052,IMG-015,satellite_015.jpg,2026-02-22 00:41:47+00:00,2026-02-22,Corvette,combat,0.9,37.3,0.5643,58,Moyenne,"0.5007379854311166,0.5957804436751779,0.2053679763296323,0.1502678209758156",1.3666796723077834,3.086019830126672,True,plausible,False,Base navale de Norfolk,USA,36.9,-76.3,High,,High,False,,,,Base navale de Rota,6076.454469459371,False,1,1,0,1,1,0,False,False,9,306,22,12,0,3,5,42,À examiner,False,navire de combat; zone à risque élevé,v2.1-actionnable
DET-016-00053,IMG-016,satellite_016.jpg,2026-12-12 15:58:41+00:00,2026-12-12,Destroyer,combat_strategique,0.89,22.5,0.6897500000000001,73,Moyenne,"0.7410407841211784,0.11931977744041262,0.2927885457940241,0.17163193345332634",1.7059095000735698,5.025186420761613,False,bbox_hors_image,True,Base navale de Norfolk,USA,36.9,-76.3,High,,High,False,,,,Base navale de Rota,6076.454469459371,False,3,3,0,3,3,0,False,False,9,306,30,12,3,6,5,56,À examiner,True,navire de combat stratégique; zone à risque élevé; classification/bbox à vérifier,v2.1-actionnable
DET-016-00054,IMG-016,satellite_016.jpg,2026-12-12 15:58:41+00:00,2026-12-12,Sous-marin,combat_strategique,0.8,22.5,0.6200000000000001,70,Moyenne,"0.16781936222116559,0.5772347331000832,0.05452192772478513,0.2965496737585761",0.18385428327657483,1.616845987947369,True,a_verifier,True,Base navale de Norfolk,USA,36.9,-76.3,High,,High,False,,,,Base navale de Rota,6076.454469459371,False,3,3,0,3,3,0,False,False,9,306,30,12,3,6,5,56,À examiner,True,navire de combat stratégique; zone à risque élevé; classification/bbox à vérifier,v2.1-actionnable
DET-016-00055,IMG-016,satellite_016.jpg,2026-12-12 15:58:41+00:00,2026-12-12,Porte-avions,combat_strategique,1.0,22.5,0.775,81,Bonne,"0.13783531405522018,0.0745256663314521,0.10181133716874283,0.08133840294823542",1.251700715509949,0.8281171567329857,True,a_verifier,True,Base navale de Norfolk,USA,36.9,-76.3,High,,High,False,,,,Base navale de Rota,6076.454469459371,False,3,3,0,3,3,0,False,False,9,306,30,12,3,10,5,60,Alerte analyste,True,navire de combat stratégique; zone à risque élevé; classification/bbox à vérifier,v2.1-actionnable
DET-017-00056,IMG-017,satellite_017.jpg,2026-06-14 06:02:40+00:00,2026-06-14,Navire de guerre,combat,0.88,9.5,0.7964,74,Moyenne,"0.6656479842270441,0.01846518992509303,0.11465390424505272,0.2650480955990544",0.43257773267872424,3.0388798973147555,True,plausible,False,Mer Baltique,International,55.0,20.0,Medium,,Medium,False,,,,Port militaire de Toulon,1666.9047507944083,False,4,3,1,4,3,1,True,True,8,269,22,6,9,10,0,47,À examiner,False,navire de combat; activité dense le même jour; co-présence potentielle à vérifier,v2.1-actionnable
DET-017-00057,IMG-017,satellite_017.jpg,2026-06-14 06:02:40+00:00,2026-06-14,Porte-avions,combat_strategique,0.87,9.5,0.78735,70,Moyenne,"0.42786116627326093,0.3460316335015722,0.08180344464056337,0.15163135324170585",0.5394889835888076,1.2403967010681578,True,a_verifier,True,Mer Baltique,International,55.0,20.0,Medium,,Medium,False,,,,Port militaire de Toulon,1666.9047507944083,False,4,3,1,4,3,1,True,True,8,269,30,6,9,10,0,55,À examiner,True,navire de combat stratégique; activité dense le même jour; co-présence potentielle à vérifier; classification/bbox à vérifier,v2.1-actionnable
DET-017-00058,IMG-017,satellite_017.jpg,2026-06-14 06:02:40+00:00,2026-06-14,Destroyer,combat_strategique,0.96,9.5,0.8688,79,Bonne,"0.6845020505388564,0.5612767055683373,0.0891578059675679,0.054792363215503626",1.6271940236799374,0.4885166888072374,True,plausible,False,Mer Baltique,International,55.0,20.0,Medium,,Medium,False,,,,Port militaire de Toulon,1666.9047507944083,False,4,3,1,4,3,1,True,True,8,269,30,6,9,15,0,60,Alerte analyste,True,navire de combat stratégique; activité dense le même jour; co-présence potentielle à vérifier,v2.1-actionnable
DET-017-00059,IMG-017,satellite_017.jpg,2026-06-14 06:02:40+00:00,2026-06-14,Chalutier,civil,0.71,9.5,0.64255,63,Moyenne,"0.15101099887549438,0.02024540428638515,0.08486357949370754,0.11014251100063252",0.7704888759365597,0.934708773793873,True,plausible,False,Mer Baltique,International,55.0,20.0,Medium,,Medium,False,,,,Port militaire de Toulon,1666.9047507944083,False,4,3,1,4,3,1,True,True,8,269,0,6,9,6,0,21,Veille,False,activité dense le même jour; co-présence potentielle à vérifier,v2.1-actionnable
DET-019-00060,IMG-019,satellite_019.jpg,2026-04-18 06:16:15+00:00,2026-04-18,Frégate,combat,0.76,11.0,0.6764,65,Moyenne,"0.41377400887428284,0.31153599717276426,0.06606173136810756,0.0625007357705184",1.056975258829974,0.4128906816781054,True,plausible,False,Port de Rotterdam,Netherlands,51.9,4.5,Low,,Low,False,,,,Port militaire de Toulon,981.8884661006506,False,2,1,1,2,1,1,True,False,9,255,22,0,4,6,0,32,Veille,False,navire de combat; co-présence potentielle à vérifier,v2.1-actionnable
DET-019-00061,IMG-019,satellite_019.jpg,2026-04-18 06:16:15+00:00,2026-04-18,Chalutier,civil,0.84,11.0,0.7475999999999999,70,Moyenne,"0.15110194086714862,0.7612736744264605,0.14700354181099784,0.11964287087902968",1.2286861785490961,1.758792577165324,True,plausible,False,Port de Rotterdam,Netherlands,51.9,4.5,Low,,Low,False,,,,Port militaire de Toulon,981.8884661006506,False,2,1,1,2,1,1,True,False,9,255,0,0,4,6,0,10,Veille,False,co-présence potentielle à vérifier,v2.1-actionnable
DET-020-00062,IMG-020,satellite_020.jpg,2026-10-22 12:31:57+00:00,2026-10-22,Navire civil,civil,0.71,14.0,0.6105999999999999,73,Moyenne,"0.057542039680685254,0.5523510074786793,0.03866282753844327,0.27201418443302305",0.14213533613708662,1.0516837500744247,True,plausible,False,Port de Singapour,Singapore,1.3,103.8,Low,Critical,Critical,True,False,Base Sous-marine,1.0,Port de Singapour,0.0,True,5,1,4,5,1,4,True,True,5,228,0,22,16,6,7,51,À examiner,True,zone critique; zone militaire/sensible connue; base sous-marine; activité dense le même jour; co-présence potentielle à vérifier; navire civil en zone sensible,v2.1-actionnable
DET-020-00063,IMG-020,satellite_020.jpg,2026-10-22 12:31:57+00:00,2026-10-22,Chalutier,civil,0.91,14.0,0.7826,85,Bonne,"0.16626792921723546,0.22136738075620796,0.28090277839770966,0.06990179623191374",4.0185344803695235,1.9635608776535105,True,plausible,False,Port de Singapour,Singapore,1.3,103.8,Low,Critical,Critical,True,False,Base Sous-marine,1.0,Port de Singapour,0.0,True,5,1,4,5,1,4,True,True,5,228,0,22,16,10,7,55,À examiner,True,zone critique; zone militaire/sensible connue; base sous-marine; activité dense le même jour; co-présence potentielle à vérifier; navire civil en zone sensible,v2.1-actionnable
DET-020-00064,IMG-020,satellite_020.jpg,2026-10-22 12:31:57+00:00,2026-10-22,Pétrolier,civil,0.86,14.0,0.7395999999999999,82,Bonne,"0.14376866391572118,0.6825339609892205,0.24857411563856158,0.2737538685292681",0.9080204673417628,6.804812577229785,True,plausible,False,Port de Singapour,Singapore,1.3,103.8,Low,Critical,Critical,True,False,Base Sous-marine,1.0,Port de Singapour,0.0,True,5,1,4,5,1,4,True,True,5,228,0,22,16,6,7,51,À examiner,True,zone critique; zone militaire/sensible connue; base sous-marine; activité dense le même jour; co-présence potentielle à vérifier; navire civil en zone sensible,v2.1-actionnable
DET-020-00065,IMG-020,satellite_020.jpg,2026-10-22 12:31:57+00:00,2026-10-22,Frégate,combat,0.78,14.0,0.6708000000000001,77,Bonne,"0.12698987497108655,0.5904713697719989,0.07874069551564668,0.21505704421787378",0.3661386484781899,1.6933741237254538,True,plausible,False,Port de Singapour,Singapore,1.3,103.8,Low,Critical,Critical,True,False,Base Sous-marine,1.0,Port de Singapour,0.0,True,5,1,4,5,1,4,True,True,5,228,22,22,16,6,0,66,Alerte analyste,True,navire de combat; zone critique; zone militaire/sensible connue; base sous-marine; activité dense le même jour; co-présence potentielle à vérifier,v2.1-actionnable
DET-020-00066,IMG-020,satellite_020.jpg,2026-10-22 12:31:57+00:00,2026-10-22,Cargo,civil,0.91,14.0,0.7826,85,Bonne,"0.2005468031773388,0.4747243557392666,0.17777766616998664,0.12579877529011838",1.4131907545204165,2.236421267811981,True,plausible,False,Port de Singapour,Singapore,1.3,103.8,Low,Critical,Critical,True,False,Base Sous-marine,1.0,Port de Singapour,0.0,True,5,1,4,5,1,4,True,True,5,228,0,22,16,10,7,55,À examiner,True,zone critique; zone militaire/sensible connue; base sous-marine; activité dense le même jour; co-présence potentielle à vérifier; navire civil en zone sensible,v2.1-actionnable
DET-021-00067,IMG-021,satellite_021.jpg,2026-06-23 11:20:18+00:00,2026-06-23,Chalutier,civil,0.74,6.2,0.69412,67,Moyenne,"0.34995556363263713,0.18344073600928967,0.18706628306358652,0.06791606060477112",2.754374759045508,1.2704805017655805,True,plausible,False,Port de Rotterdam,Netherlands,51.9,4.5,Low,,Low,False,,,,Port militaire de Toulon,981.8884661006506,False,4,1,2,4,1,2,True,True,9,255,0,0,9,6,0,15,Veille,False,activité dense le même jour; co-présence potentielle à vérifier,v2.1-actionnable
DET-021-00068,IMG-021,satellite_021.jpg,2026-06-23 11:20:18+00:00,2026-06-23,Bâtiment de débarquement,soutien_ou_amphibie,0.89,6.2,0.83482,76,Bonne,"0.07148159124955544,0.47990066859139546,0.03620501639629027,0.06000221620062436",0.6033946525447422,0.21723812213573523,True,plausible,False,Port de Rotterdam,Netherlands,51.9,4.5,Low,,Low,False,,,,Port militaire de Toulon,981.8884661006506,False,4,1,2,4,1,2,True,True,9,255,16,0,9,10,0,35,Veille,False,navire de soutien/amphibie; activité dense le même jour; co-présence potentielle à vérifier,v2.1-actionnable
DET-021-00069,IMG-021,satellite_021.jpg,2026-06-23 11:20:18+00:00,2026-06-23,Porte-avions,combat_strategique,0.8,6.2,0.7504,68,Moyenne,"0.6066028157266927,0.10149634944437827,0.08631477615038566,0.2788799275032734",0.3095051584498582,2.407145851528081,True,a_verifier,True,Port de Rotterdam,Netherlands,51.9,4.5,Low,,Low,False,,,,Port militaire de Toulon,981.8884661006506,False,4,1,2,4,1,2,True,True,9,255,30,0,9,10,0,49,À examiner,False,navire de combat stratégique; activité dense le même jour; co-présence potentielle à vérifier; classification/bbox à vérifier,v2.1-actionnable
DET-021-00070,IMG-021,satellite_021.jpg,2026-06-23 11:20:18+00:00,2026-06-23,Pétrolier,civil,0.94,6.2,0.88172,80,Bonne,"0.035799362396081946,0.668131790512513,0.03000571132904578,0.11856289701902055",0.2530784257425156,0.3557564062288102,True,plausible,False,Port de Rotterdam,Netherlands,51.9,4.5,Low,,Low,False,,,,Port militaire de Toulon,981.8884661006506,False,4,1,2,4,1,2,True,True,9,255,0,0,9,15,0,24,Veille,False,activité dense le même jour; co-présence potentielle à vérifier,v2.1-actionnable
DET-022-00071,IMG-022,satellite_022.jpg,2026-07-08 09:39:17+00:00,2026-07-08,Corvette,combat,0.72,4.3,0.68904,66,Moyenne,"0.1219055429661685,0.726922062813933,0.2396548178712163,0.036486714944022836",6.568276103751462,0.8744217024628772,True,plausible,False,Détroit de Malacca,International,3.0,101.0,Critical,High,Critical,True,False,Base Sous-marine,1.0,Détroit de Malacca,0.0,True,4,2,2,4,2,2,True,True,11,347,22,22,16,6,0,66,Alerte analyste,True,navire de combat; zone critique; zone militaire/sensible connue; base sous-marine; activité dense le même jour; co-présence potentielle à vérifier,v2.1-actionnable
DET-022-00072,IMG-022,satellite_022.jpg,2026-07-08 09:39:17+00:00,2026-07-08,Pétrolier,civil,0.9,4.3,0.8613,78,Bonne,"0.791459446297465,0.29881632667403324,0.07917525018573693,0.1857686217315626",0.42620357220578337,1.470827710225599,True,plausible,False,Détroit de Malacca,International,3.0,101.0,Critical,High,Critical,True,False,Base Sous-marine,1.0,Détroit de Malacca,0.0,True,4,2,2,4,2,2,True,True,11,347,0,22,16,15,7,60,Alerte analyste,True,zone critique; zone militaire/sensible connue; base sous-marine; activité dense le même jour; co-présence potentielle à vérifier; navire civil en zone sensible,v2.1-actionnable
DET-022-00073,IMG-022,satellite_022.jpg,2026-07-08 09:39:17+00:00,2026-07-08,Destroyer,combat_strategique,0.96,4.3,0.91872,82,Bonne,"0.007426039286338959,0.5754112996789076,0.2975595473921757,0.13431398070131034",2.2154026396842017,3.996640730592331,True,plausible,False,Détroit de Malacca,International,3.0,101.0,Critical,High,Critical,True,False,Base Sous-marine,1.0,Détroit de Malacca,0.0,True,4,2,2,4,2,2,True,True,11,347,30,22,16,15,0,83,Revue prioritaire immédiate,True,navire de combat stratégique; zone critique; zone militaire/sensible connue; base sous-marine; activité dense le même jour; co-présence potentielle à vérifier,v2.1-actionnable
DET-022-00074,IMG-022,satellite_022.jpg,2026-07-08 09:39:17+00:00,2026-07-08,Navire civil,civil,0.94,4.3,0.8995799999999999,81,Bonne,"0.6262808922151003,0.3733693989074116,0.16769949615470392,0.2663183665097264",0.6296955720798145,4.4661455880424885,True,plausible,False,Détroit de Malacca,International,3.0,101.0,Critical,High,Critical,True,False,Base Sous-marine,1.0,Détroit de Malacca,0.0,True,4,2,2,4,2,2,True,True,11,347,0,22,16,15,7,60,Alerte analyste,True,zone critique; zone militaire/sensible connue; base sous-marine; activité dense le même jour; co-présence potentielle à vérifier; navire civil en zone sensible,v2.1-actionnable
DET-023-00075,IMG-023,satellite_023.jpg,2026-09-10 21:46:50+00:00,2026-09-10,Croiseur,combat_strategique,0.81,25.7,0.6018300000000001,60,Moyenne,"0.12796815312673468,0.5930110334785915,0.08569196248565103,0.06949901466322744",1.232995358292345,0.5955506957310991,True,plausible,False,Base navale de Norfolk,USA,36.9,-76.3,High,,High,False,,,,Base navale de Rota,6076.454469459371,False,2,2,0,2,2,0,False,False,9,306,30,12,0,6,5,53,À examiner,False,navire de combat stratégique; zone à risque élevé,v2.1-actionnable
DET-023-00076,IMG-023,satellite_023.jpg,2026-09-10 21:46:50+00:00,2026-09-10,Destroyer,combat_strategique,0.85,25.7,0.63155,62,Moyenne,"0.37620273413233224,0.14542810872889547,0.2464363441104323,0.11309091044540251",2.1790994797004988,2.7869710522285294,True,plausible,False,Base navale de Norfolk,USA,36.9,-76.3,High,,High,False,,,,Base navale de Rota,6076.454469459371,False,2,2,0,2,2,0,False,False,9,306,30,12,0,6,5,53,À examiner,False,navire de combat stratégique; zone à risque élevé,v2.1-actionnable
DET-024-00077,IMG-024,satellite_024.jpg,2026-10-15 16:55:22+00:00,2026-10-15,Porte-avions,combat_strategique,0.78,25.9,0.57798,70,Moyenne,"0.625965134619561,0.3602752853300345,0.22432878327871675,0.10189461919369881",2.201576344794753,2.2857895946370625,True,plausible,False,Détroit d'Ormuz,International,25.0,56.0,Critical,Critical,Critical,True,True,Base Sous-marine,2.0,Détroit d'Ormuz,0.0,True,3,2,0,3,2,0,False,False,4,194,30,25,11,3,0,69,Alerte analyste,True,navire de combat stratégique; zone critique; zone militaire/sensible connue; zone sensible active; base sous-marine,v2.1-actionnable
DET-024-00078,IMG-024,satellite_024.jpg,2026-10-15 16:55:22+00:00,2026-10-15,Navire de soutien,soutien_ou_amphibie,0.9,25.9,0.6669,77,Bonne,"0.13601279370013505,0.15858622437236836,0.1687603410889934,0.14433350395672026",1.1692388562782887,2.435777135830568,True,plausible,False,Détroit d'Ormuz,International,25.0,56.0,Critical,Critical,Critical,True,True,Base Sous-marine,2.0,Détroit d'Ormuz,0.0,True,3,2,0,3,2,0,False,False,4,194,16,25,11,6,0,58,À examiner,False,navire de soutien/amphibie; zone critique; zone militaire/sensible connue; zone sensible active; base sous-marine,v2.1-actionnable
DET-024-00079,IMG-024,satellite_024.jpg,2026-10-15 16:55:22+00:00,2026-10-15,Destroyer,combat_strategique,0.94,25.9,0.6965399999999999,79,Bonne,"0.32678184216185474,0.4546155876801846,0.023174988896650546,0.17212524455103595",0.13464026707470567,0.39890006313035087,True,plausible,False,Détroit d'Ormuz,International,25.0,56.0,Critical,Critical,Critical,True,True,Base Sous-marine,2.0,Détroit d'Ormuz,0.0,True,3,2,0,3,2,0,False,False,4,194,30,25,11,6,0,72,Alerte analyste,True,navire de combat stratégique; zone critique; zone militaire/sensible connue; zone sensible active; base sous-marine,v2.1-actionnable
DET-025-00080,IMG-025,satellite_025.jpg,2026-03-29 01:02:14+00:00,2026-03-29,Navire de soutien,soutien_ou_amphibie,0.8,44.8,0.44160000000000005,61,Moyenne,"0.7176067342451034,0.5646487876542692,0.14240813506095026,0.05657264113990401",2.5172615630367203,0.8056404320206116,True,plausible,False,Port de Rotterdam,Netherlands,51.9,4.5,Low,,Low,False,,,,Port militaire de Toulon,981.8884661006506,False,3,1,1,5,1,2,True,True,9,255,16,0,9,0,0,25,Veille,False,navire de soutien/amphibie; activité dense le même jour; co-présence potentielle à vérifier,v2.1-actionnable
DET-025-00081,IMG-025,satellite_025.jpg,2026-03-29 01:02:14+00:00,2026-03-29,Cargo,civil,0.84,44.8,0.46368000000000004,62,Moyenne,"0.7078707493935086,0.6408344308416747,0.22487487396333833,0.18875323334941305",1.1913696521799881,4.244585955962183,True,plausible,False,Port de Rotterdam,Netherlands,51.9,4.5,Low,,Low,False,,,,Port militaire de Toulon,981.8884661006506,False,3,1,1,5,1,2,True,True,9,255,0,0,9,3,0,12,Veille,False,activité dense le même jour; co-présence potentielle à vérifier,v2.1-actionnable
DET-025-00082,IMG-025,satellite_025.jpg,2026-03-29 01:02:14+00:00,2026-03-29,Navire de guerre,combat,0.96,44.8,0.5299200000000001,67,Moyenne,"0.712508864280794,0.5571407140933696,0.21169649742441327,0.10631328065570397",1.9912516678889196,2.250614914451114,True,plausible,False,Port de Rotterdam,Netherlands,51.9,4.5,Low,,Low,False,,,,Port militaire de Toulon,981.8884661006506,False,3,1,1,5,1,2,True,True,9,255,22,0,9,3,0,34,Veille,False,navire de combat; activité dense le même jour; co-présence potentielle à vérifier,v2.1-actionnable
DET-026-00083,IMG-026,satellite_026.jpg,2026-09-27 22:47:18+00:00,2026-09-27,Navire de guerre,combat,0.91,19.6,0.7316400000000001,64,Moyenne,"0.7376127315436073,0.4778698443732501,0.28224135972880354,0.1055613150659622",2.6737196249633595,2.97937690989778,False,bbox_hors_image,True,Base navale de Rota,Spain,36.6,-6.4,High,High,High,True,False,Base Sous-marine,1.0,Base navale de Rota,0.0,True,3,1,2,3,1,2,True,False,6,257,22,16,14,6,0,58,À examiner,True,navire de combat; zone à risque élevé; zone militaire/sensible connue; base sous-marine; co-présence potentielle à vérifier; classification/bbox à vérifier,v2.1-actionnable
DET-026-00084,IMG-026,satellite_026.jpg,2026-09-27 22:47:18+00:00,2026-09-27,Navire civil,civil,0.8,19.6,0.6432000000000001,63,Moyenne,"0.6598586260389244,0.5092345210870145,0.13011505108611868,0.12006366502793253",1.083717135037046,1.5622089908696069,True,plausible,False,Base navale de Rota,Spain,36.6,-6.4,High,High,High,True,False,Base Sous-marine,1.0,Base navale de Rota,0.0,True,3,1,2,3,1,2,True,False,6,257,0,16,14,6,7,43,À examiner,True,zone à risque élevé; zone militaire/sensible connue; base sous-marine; co-présence potentielle à vérifier; navire civil en zone sensible,v2.1-actionnable
DET-026-00085,IMG-026,satellite_026.jpg,2026-09-27 22:47:18+00:00,2026-09-27,Pétrolier,civil,0.82,19.6,0.65928,64,Moyenne,"0.7333543915432549,0.33875396030978666,0.18826944298375026,0.23217291350793914",0.8109018409561906,4.3711065102054105,True,plausible,False,Base navale de Rota,Spain,36.6,-6.4,High,High,High,True,False,Base Sous-marine,1.0,Base navale de Rota,0.0,True,3,1,2,3,1,2,True,False,6,257,0,16,14,6,7,43,À examiner,True,zone à risque élevé; zone militaire/sensible connue; base sous-marine; co-présence potentielle à vérifier; navire civil en zone sensible,v2.1-actionnable
DET-027-00086,IMG-027,satellite_027.jpg,2026-11-08 02:42:32+00:00,2026-11-08,Bâtiment de débarquement,soutien_ou_amphibie,0.95,40.0,0.57,68,Moyenne,"0.5882989046212254,0.283205970929879,0.20668237772310413,0.14105279733001885",1.4652837918523014,2.9153127536663397,True,plausible,False,Mer de Chine Méridionale,International,15.0,110.0,Critical,,Critical,False,,,,Détroit de Malacca,1659.3897387122565,False,4,1,2,4,1,2,True,True,8,220,16,18,9,3,0,46,À examiner,False,navire de soutien/amphibie; zone critique; activité dense le même jour; co-présence potentielle à vérifier,v2.1-actionnable
DET-027-00087,IMG-027,satellite_027.jpg,2026-11-08 02:42:32+00:00,2026-11-08,Pétrolier,civil,0.99,40.0,0.594,65,Moyenne,"0.012788796225863664,0.740694245801479,0.13628394845542274,0.27373498622665615",0.4978682130992851,3.730568475335944,False,bbox_hors_image,True,Mer de Chine Méridionale,International,15.0,110.0,Critical,,Critical,False,,,,Détroit de Malacca,1659.3897387122565,False,4,1,2,4,1,2,True,True,8,220,0,18,9,3,0,30,Veille,False,zone critique; activité dense le même jour; co-présence potentielle à vérifier; classification/bbox à vérifier,v2.1-actionnable
DET-027-00088,IMG-027,satellite_027.jpg,2026-11-08 02:42:32+00:00,2026-11-08,Destroyer,combat_strategique,0.77,40.0,0.46199999999999997,60,Moyenne,"0.3350963786742587,0.7150375289369859,0.07572092993357028,0.16831752685581566",0.4498695492266493,1.2745159657641034,True,plausible,False,Mer de Chine Méridionale,International,15.0,110.0,Critical,,Critical,False,,,,Détroit de Malacca,1659.3897387122565,False,4,1,2,4,1,2,True,True,8,220,30,18,9,3,5,65,Alerte analyste,True,navire de combat stratégique; zone critique; activité dense le même jour; co-présence potentielle à vérifier,v2.1-actionnable
DET-027-00089,IMG-027,satellite_027.jpg,2026-11-08 02:42:32+00:00,2026-11-08,Navire civil,civil,0.85,40.0,0.51,64,Moyenne,"0.666682616772394,0.7282358344379352,0.2714207443813745,0.0200053483481778",13.567409057693165,0.5429866540271118,True,plausible,False,Mer de Chine Méridionale,International,15.0,110.0,Critical,,Critical,False,,,,Détroit de Malacca,1659.3897387122565,False,4,1,2,4,1,2,True,True,8,220,0,18,9,3,0,30,Veille,False,zone critique; activité dense le même jour; co-présence potentielle à vérifier,v2.1-actionnable
DET-029-00090,IMG-029,satellite_029.jpg,2026-02-13 11:27:00+00:00,2026-02-13,Cargo,civil,0.74,45.3,0.40478000000000003,46,Faible,"0.09747902700711775,0.486628077308191,0.11841108698031835,0.02977521733460678",3.976833675121263,0.3525715849665995,True,plausible,False,Mer Baltique,International,55.0,20.0,Medium,,Medium,False,,,,Port militaire de Toulon,1666.9047507944083,False,4,3,1,4,3,1,True,True,8,269,0,6,9,0,0,15,Veille,False,activité dense le même jour; co-présence potentielle à vérifier; qualité observation faible,v2.1-actionnable
DET-029-00091,IMG-029,satellite_029.jpg,2026-02-13 11:27:00+00:00,2026-02-13,Navire de guerre,combat,0.79,45.3,0.43213000000000007,48,Faible,"0.5797859025873303,0.6762124831585614,0.12246154273459305,0.06702011635463924",1.8272356032117825,0.8207386843041043,True,plausible,False,Mer Baltique,International,55.0,20.0,Medium,,Medium,False,,,,Port militaire de Toulon,1666.9047507944083,False,4,3,1,4,3,1,True,True,8,269,22,6,9,0,0,37,Veille,False,navire de combat; activité dense le même jour; co-présence potentielle à vérifier; qualité observation faible,v2.1-actionnable
DET-029-00092,IMG-029,satellite_029.jpg,2026-02-13 11:27:00+00:00,2026-02-13,Corvette,combat,0.89,45.3,0.48683000000000004,52,Moyenne,"0.033337111370055975,0.4059120090955305,0.1110866823410296,0.2505971413545173",0.4432879071987352,2.783800503721936,True,plausible,False,Mer Baltique,International,55.0,20.0,Medium,,Medium,False,,,,Port militaire de Toulon,1666.9047507944083,False,4,3,1,4,3,1,True,True,8,269,22,6,9,3,0,40,À examiner,False,navire de combat; activité dense le même jour; co-présence potentielle à vérifier,v2.1-actionnable
DET-029-00093,IMG-029,satellite_029.jpg,2026-02-13 11:27:00+00:00,2026-02-13,Destroyer,combat_strategique,0.97,45.3,0.53059,55,Moyenne,"0.6104398872725019,0.1562158873207724,0.0527097688269382,0.23542328443472907",0.22389360913683098,1.2409106899033084,True,plausible,False,Mer Baltique,International,55.0,20.0,Medium,,Medium,False,,,,Port militaire de Toulon,1666.9047507944083,False,4,3,1,4,3,1,True,True,8,269,30,6,9,3,0,48,À examiner,False,navire de combat stratégique; activité dense le même jour; co-présence potentielle à vérifier,v2.1-actionnable
DET-030-00094,IMG-030,satellite_030.jpg,2026-04-14 02:08:57+00:00,2026-04-14,Navire de guerre,combat,0.94,46.7,0.5010199999999999,65,Moyenne,"0.6544284329143117,0.545304427412506,0.2848842521895008,0.12010948422816879",2.3718714139868755,3.421730059520848,True,plausible,False,Base navale de Yokosuka,Japan,35.4,139.7,High,,High,False,,,,Port de Busan,971.7284406546436,False,3,1,2,3,1,2,True,False,6,282,22,12,7,3,5,49,À examiner,False,navire de combat; zone à risque élevé; co-présence potentielle à vérifier,v2.1-actionnable
DET-030-00095,IMG-030,satellite_030.jpg,2026-04-14 02:08:57+00:00,2026-04-14,Cargo,civil,0.98,46.7,0.5223399999999999,67,Moyenne,"0.6305658858768726,0.34283119200877626,0.021907006309417335,0.20827948272021468",0.10518081773251453,0.4562779942073913,True,plausible,False,Base navale de Yokosuka,Japan,35.4,139.7,High,,High,False,,,,Port de Busan,971.7284406546436,False,3,1,2,3,1,2,True,False,6,282,0,12,7,3,0,22,Veille,False,zone à risque élevé; co-présence potentielle à vérifier,v2.1-actionnable
DET-030-00096,IMG-030,satellite_030.jpg,2026-04-14 02:08:57+00:00,2026-04-14,Navire civil,civil,0.71,46.7,0.37842999999999993,56,Moyenne,"0.7251122629525776,0.10018005911305564,0.04735108191806234,0.1940735915750732",0.24398518898819654,0.9189594532803858,True,plausible,False,Base navale de Yokosuka,Japan,35.4,139.7,High,,High,False,,,,Port de Busan,971.7284406546436,False,3,1,2,3,1,2,True,False,6,282,0,12,7,0,0,19,Veille,False,zone à risque élevé; co-présence potentielle à vérifier,v2.1-actionnable
DET-031-00097,IMG-031,satellite_031.jpg,2026-09-19 00:02:21+00:00,2026-09-19,Chalutier,civil,0.94,3.7,0.9052199999999999,93,Bonne,"0.3196534465612989,0.6529293040915365,0.11570325710682308,0.2278487542870161",0.5078072841296913,2.636284299873996,True,plausible,False,Détroit de Malacca,International,3.0,101.0,Critical,High,Critical,True,False,Base Sous-marine,1.0,Détroit de Malacca,0.0,True,5,2,3,5,2,3,True,True,11,347,0,22,16,15,7,60,Alerte analyste,True,zone critique; zone militaire/sensible connue; base sous-marine; activité dense le même jour; co-présence potentielle à vérifier; navire civil en zone sensible,v2.1-actionnable
DET-031-00098,IMG-031,satellite_031.jpg,2026-09-19 00:02:21+00:00,2026-09-19,Cargo,civil,0.71,3.7,0.68373,78,Bonne,"0.2402737958642571,0.12112113214721294,0.11365474894577711,0.25380111600804084",0.4478102804803126,2.8845702122051926,True,plausible,False,Détroit de Malacca,International,3.0,101.0,Critical,High,Critical,True,False,Base Sous-marine,1.0,Détroit de Malacca,0.0,True,5,2,3,5,2,3,True,True,11,347,0,22,16,6,7,51,À examiner,True,zone critique; zone militaire/sensible connue; base sous-marine; activité dense le même jour; co-présence potentielle à vérifier; navire civil en zone sensible,v2.1-actionnable
DET-031-00099,IMG-031,satellite_031.jpg,2026-09-19 00:02:21+00:00,2026-09-19,Corvette,combat,0.84,3.7,0.80892,87,Bonne,"0.17338508348702356,0.44469087185449596,0.17199172652055988,0.2776028922721511",0.6195602830821582,4.774540072898824,True,plausible,False,Détroit de Malacca,International,3.0,101.0,Critical,High,Critical,True,False,Base Sous-marine,1.0,Détroit de Malacca,0.0,True,5,2,3,5,2,3,True,True,11,347,22,22,16,10,0,70,Alerte analyste,True,navire de combat; zone critique; zone militaire/sensible connue; base sous-marine; activité dense le même jour; co-présence potentielle à vérifier,v2.1-actionnable
DET-031-00100,IMG-031,satellite_031.jpg,2026-09-19 00:02:21+00:00,2026-09-19,Frégate,combat,0.91,3.7,0.87633,91,Bonne,"0.552715645213397,0.3935809690705299,0.10854713671696754,0.1886939388548355",0.5752550260794232,2.0482186778538938,True,plausible,False,Détroit de Malacca,International,3.0,101.0,Critical,High,Critical,True,False,Base Sous-marine,1.0,Détroit de Malacca,0.0,True,5,2,3,5,2,3,True,True,11,347,22,22,16,15,0,75,Alerte analyste,True,navire de combat; zone critique; zone militaire/sensible connue; base sous-marine; activité dense le même jour; co-présence potentielle à vérifier,v2.1-actionnable
DET-031-00101,IMG-031,satellite_031.jpg,2026-09-19 00:02:21+00:00,2026-09-19,Navire civil,civil,0.94,3.7,0.9052199999999999,93,Bonne,"0.26924874427097656,0.2659237829634033,0.2946851595593912,0.06840524848636988",4.307932009312256,2.0158011564905687,True,plausible,False,Détroit de Malacca,International,3.0,101.0,Critical,High,Critical,True,False,Base Sous-marine,1.0,Détroit de Malacca,0.0,True,5,2,3,5,2,3,True,True,11,347,0,22,16,15,7,60,Alerte analyste,True,zone critique; zone militaire/sensible connue; base sous-marine; activité dense le même jour; co-présence potentielle à vérifier; navire civil en zone sensible,v2.1-actionnable
DET-032-00102,IMG-032,satellite_032.jpg,2026-02-09 05:22:46+00:00,2026-02-09,Sous-marin,combat_strategique,0.85,11.8,0.7497,65,Moyenne,"0.2404525841126021,0.7656661037224418,0.17697490902239413,0.26106307352656594",0.6779009632872688,4.620161368647057,False,bbox_hors_image,True,Base navale de Norfolk,USA,36.9,-76.3,High,,High,False,,,,Base navale de Rota,6076.454469459371,False,1,1,0,1,1,0,False,False,9,306,30,12,0,6,5,53,À examiner,False,navire de combat stratégique; zone à risque élevé; classification/bbox à vérifier,v2.1-actionnable
DET-033-00103,IMG-033,satellite_033.jpg,2026-01-13 19:16:01+00:00,2026-01-13,Destroyer,combat_strategique,0.92,39.2,0.55936,57,Moyenne,"0.338556749868794,0.002159495546985646,0.035008578373303165,0.24167505493479713",0.14485805489005998,0.8460700101557177,True,plausible,False,Détroit de Malacca,International,3.0,101.0,Critical,High,Critical,True,False,Base Sous-marine,1.0,Détroit de Malacca,0.0,True,5,4,1,5,4,1,True,True,11,347,30,22,16,3,0,71,Alerte analyste,True,navire de combat stratégique; zone critique; zone militaire/sensible connue; base sous-marine; activité dense le même jour; co-présence potentielle à vérifier,v2.1-actionnable
DET-033-00104,IMG-033,satellite_033.jpg,2026-01-13 19:16:01+00:00,2026-01-13,Frégate,combat,0.91,39.2,0.55328,57,Moyenne,"0.21965718203084156,0.5354616702416382,0.2280518007190052,0.1605747095507332",1.4202224083547401,3.6619351662975945,True,plausible,False,Détroit de Malacca,International,3.0,101.0,Critical,High,Critical,True,False,Base Sous-marine,1.0,Détroit de Malacca,0.0,True,5,4,1,5,4,1,True,True,11,347,22,22,16,3,0,63,Alerte analyste,True,navire de combat; zone critique; zone militaire/sensible connue; base sous-marine; activité dense le même jour; co-présence potentielle à vérifier,v2.1-actionnable
DET-033-00105,IMG-033,satellite_033.jpg,2026-01-13 19:16:01+00:00,2026-01-13,Navire de guerre,combat,0.95,39.2,0.5776,58,Moyenne,"0.41423056710094325,0.18503203450789352,0.16653508425035973,0.2293907322470687",0.7259887207256072,3.820160492101729,True,plausible,False,Détroit de Malacca,International,3.0,101.0,Critical,High,Critical,True,False,Base Sous-marine,1.0,Détroit de Malacca,0.0,True,5,4,1,5,4,1,True,True,11,347,22,22,16,3,0,63,Alerte analyste,True,navire de combat; zone critique; zone militaire/sensible connue; base sous-marine; activité dense le même jour; co-présence potentielle à vérifier,v2.1-actionnable
DET-033-00106,IMG-033,satellite_033.jpg,2026-01-13 19:16:01+00:00,2026-01-13,Corvette,combat,0.85,39.2,0.5167999999999999,54,Moyenne,"0.638011585075524,0.4667375793364122,0.03592078085563109,0.10822334202439293",0.3319134318318748,0.3887466952322219,True,plausible,False,Détroit de Malacca,International,3.0,101.0,Critical,High,Critical,True,False,Base Sous-marine,1.0,Détroit de Malacca,0.0,True,5,4,1,5,4,1,True,True,11,347,22,22,16,3,0,63,Alerte analyste,True,navire de combat; zone critique; zone militaire/sensible connue; base sous-marine; activité dense le même jour; co-présence potentielle à vérifier,v2.1-actionnable
DET-033-00107,IMG-033,satellite_033.jpg,2026-01-13 19:16:01+00:00,2026-01-13,Cargo,civil,0.91,39.2,0.55328,57,Moyenne,"0.14967514604025098,0.5864506929035321,0.15717817260068617,0.275162200983712",0.5712200732468705,4.324949191940256,True,plausible,False,Détroit de Malacca,International,3.0,101.0,Critical,High,Critical,True,False,Base Sous-marine,1.0,Détroit de Malacca,0.0,True,5,4,1,5,4,1,True,True,11,347,0,22,16,3,7,48,À examiner,False,zone critique; zone militaire/sensible connue; base sous-marine; activité dense le même jour; co-présence potentielle à vérifier; navire civil en zone sensible,v2.1-actionnable
DET-034-00108,IMG-034,satellite_034.jpg,2026-06-24 03:02:12+00:00,2026-06-24,Sous-marin,combat_strategique,0.97,8.8,0.88464,77,Bonne,"0.5893621497798351,0.07395782608377299,0.225060247520035,0.16433212961701338",1.3695450064728822,3.6984629767099486,True,a_verifier,True,Mer de Chine Méridionale,International,15.0,110.0,Critical,,Critical,False,,,,Détroit de Malacca,1659.3897387122565,False,4,2,1,4,2,1,True,True,8,220,30,18,9,15,5,77,Alerte analyste,True,navire de combat stratégique; zone critique; activité dense le même jour; co-présence potentielle à vérifier; classification/bbox à vérifier,v2.1-actionnable
DET-034-00109,IMG-034,satellite_034.jpg,2026-06-24 03:02:12+00:00,2026-06-24,Porte-avions,combat_strategique,0.92,8.8,0.8390400000000001,74,Moyenne,"0.3858533857715962,0.6840910074017207,0.18489203994311473,0.2573964049058609",0.7183163261768801,4.759054637706856,True,a_verifier,True,Mer de Chine Méridionale,International,15.0,110.0,Critical,,Critical,False,,,,Détroit de Malacca,1659.3897387122565,False,4,2,1,4,2,1,True,True,8,220,30,18,9,10,5,72,Alerte analyste,True,navire de combat stratégique; zone critique; activité dense le même jour; co-présence potentielle à vérifier; classification/bbox à vérifier,v2.1-actionnable
DET-034-00110,IMG-034,satellite_034.jpg,2026-06-24 03:02:12+00:00,2026-06-24,Chalutier,civil,0.98,8.8,0.89376,81,Bonne,"0.7633393316808137,0.4348386224011429,0.1371912104421303,0.2261207361599871",0.6067166274616383,3.1021777499854215,True,plausible,False,Mer de Chine Méridionale,International,15.0,110.0,Critical,,Critical,False,,,,Détroit de Malacca,1659.3897387122565,False,4,2,1,4,2,1,True,True,8,220,0,18,9,15,0,42,À examiner,False,zone critique; activité dense le même jour; co-présence potentielle à vérifier,v2.1-actionnable
DET-034-00111,IMG-034,satellite_034.jpg,2026-06-24 03:02:12+00:00,2026-06-24,Bâtiment de débarquement,soutien_ou_amphibie,0.92,8.8,0.8390400000000001,77,Bonne,"0.6969152288428241,0.2923062404837767,0.23079697869332277,0.294833708804491",0.7828039053918624,6.804672920902341,True,plausible,False,Mer de Chine Méridionale,International,15.0,110.0,Critical,,Critical,False,,,,Détroit de Malacca,1659.3897387122565,False,4,2,1,4,2,1,True,True,8,220,16,18,9,10,0,53,À examiner,False,navire de soutien/amphibie; zone critique; activité dense le même jour; co-présence potentielle à vérifier,v2.1-actionnable
DET-036-00112,IMG-036,satellite_036.jpg,2026-06-20 06:08:55+00:00,2026-06-20,Frégate,combat,0.94,45.5,0.5122999999999999,54,Moyenne,"0.3335012349460372,0.7297826561013411,0.1810846006318152,0.16693860824794657",1.084737692091324,3.0230011204610445,True,plausible,False,Port de Busan,South Korea,35.1,129.0,Medium,High,High,True,False,Base Sous-marine,1.0,Port de Busan,0.0,True,4,2,2,4,2,2,True,True,3,153,22,16,16,3,0,57,À examiner,False,navire de combat; zone à risque élevé; zone militaire/sensible connue; base sous-marine; activité dense le même jour; co-présence potentielle à vérifier,v2.1-actionnable
DET-036-00113,IMG-036,satellite_036.jpg,2026-06-20 06:08:55+00:00,2026-06-20,Pétrolier,civil,0.77,45.5,0.41964999999999997,47,Faible,"0.38069382994131234,0.08918405171436401,0.06656695206904031,0.2709936208118205",0.24564029171470708,1.8039219367596135,True,plausible,False,Port de Busan,South Korea,35.1,129.0,Medium,High,High,True,False,Base Sous-marine,1.0,Port de Busan,0.0,True,4,2,2,4,2,2,True,True,3,153,0,16,16,0,7,39,Veille,False,zone à risque élevé; zone militaire/sensible connue; base sous-marine; activité dense le même jour; co-présence potentielle à vérifier; navire civil en zone sensible; qualité observation faible,v2.1-actionnable
DET-036-00114,IMG-036,satellite_036.jpg,2026-06-20 06:08:55+00:00,2026-06-20,Croiseur,combat_strategique,0.85,45.5,0.46324999999999994,50,Moyenne,"0.6236808834894247,0.01404811738805849,0.11242412009602265,0.12318791724554215",0.9126229471997261,1.3849293202791717,True,plausible,False,Port de Busan,South Korea,35.1,129.0,Medium,High,High,True,False,Base Sous-marine,1.0,Port de Busan,0.0,True,4,2,2,4,2,2,True,True,3,153,30,16,16,3,0,65,Alerte analyste,True,navire de combat stratégique; zone à risque élevé; zone militaire/sensible connue; base sous-marine; activité dense le même jour; co-présence potentielle à vérifier,v2.1-actionnable
DET-036-00115,IMG-036,satellite_036.jpg,2026-06-20 06:08:55+00:00,2026-06-20,Chalutier,civil,0.96,45.5,0.5231999999999999,55,Moyenne,"0.7348029705879815,0.27626761531383065,0.030934842070086222,0.19644166164436666",0.15747597434850616,0.6076891778953791,True,plausible,False,Port de Busan,South Korea,35.1,129.0,Medium,High,High,True,False,Base Sous-marine,1.0,Port de Busan,0.0,True,4,2,2,4,2,2,True,True,3,153,0,16,16,3,7,42,À examiner,False,zone à risque élevé; zone militaire/sensible connue; base sous-marine; activité dense le même jour; co-présence potentielle à vérifier; navire civil en zone sensible,v2.1-actionnable
DET-037-00116,IMG-037,satellite_037.jpg,2026-05-03 20:00:00+00:00,2026-05-03,Navire de soutien,soutien_ou_amphibie,0.74,7.0,0.6881999999999999,66,Moyenne,"0.4921277417767974,0.09243436437722999,0.2434621391154712,0.24009644625193954",1.0140180869649358,5.845439439851995,True,plausible,False,Port de Shanghai,China,31.2,121.5,Medium,Critical,Critical,True,True,Base Sous-marine,5.0,Port de Shanghai,0.0,True,5,2,1,5,2,1,True,True,5,114,16,25,20,6,0,67,Alerte analyste,True,navire de soutien/amphibie; zone critique; zone militaire/sensible connue; zone sensible active; base sous-marine; activité dense le même jour; co-présence potentielle à vérifier,v2.1-actionnable
DET-037-00117,IMG-037,satellite_037.jpg,2026-05-03 20:00:00+00:00,2026-05-03,Corvette,combat,0.79,7.0,0.7347,69,Moyenne,"0.47804213404009466,0.1398971181387041,0.11920513888057802,0.08265913805721634",1.4421289851590846,0.9853394031859339,True,plausible,False,Port de Shanghai,China,31.2,121.5,Medium,Critical,Critical,True,True,Base Sous-marine,5.0,Port de Shanghai,0.0,True,5,2,1,5,2,1,True,True,5,114,22,25,20,6,0,73,Alerte analyste,True,navire de combat; zone critique; zone militaire/sensible connue; zone sensible active; base sous-marine; activité dense le même jour; co-présence potentielle à vérifier,v2.1-actionnable
DET-037-00118,IMG-037,satellite_037.jpg,2026-05-03 20:00:00+00:00,2026-05-03,Navire de guerre,combat,0.76,7.0,0.7068,67,Moyenne,"0.5017843581004148,0.5288846956416352,0.24136010722646295,0.08870742497334128",2.7208557490987664,2.141043360334905,True,plausible,False,Port de Shanghai,China,31.2,121.5,Medium,Critical,Critical,True,True,Base Sous-marine,5.0,Port de Shanghai,0.0,True,5,2,1,5,2,1,True,True,5,114,22,25,20,6,0,73,Alerte analyste,True,navire de combat; zone critique; zone militaire/sensible connue; zone sensible active; base sous-marine; activité dense le même jour; co-présence potentielle à vérifier,v2.1-actionnable
DET-037-00119,IMG-037,satellite_037.jpg,2026-05-03 20:00:00+00:00,2026-05-03,Bâtiment de débarquement,soutien_ou_amphibie,0.79,7.0,0.7347,69,Moyenne,"0.4380590518121077,0.025378532826709946,0.24820814363495702,0.051318225976182366",4.836646998478763,1.2737601604187438,True,plausible,False,Port de Shanghai,China,31.2,121.5,Medium,Critical,Critical,True,True,Base Sous-marine,5.0,Port de Shanghai,0.0,True,5,2,1,5,2,1,True,True,5,114,16,25,20,6,0,67,Alerte analyste,True,navire de soutien/amphibie; zone critique; zone militaire/sensible connue; zone sensible active; base sous-marine; activité dense le même jour; co-présence potentielle à vérifier,v2.1-actionnable
DET-037-00120,IMG-037,satellite_037.jpg,2026-05-03 20:00:00+00:00,2026-05-03,Cargo,civil,0.98,7.0,0.9113999999999999,82,Bonne,"0.23255342358237716,0.392756016957651,0.12249715120315324,0.22893232977895825",0.5350801755323431,2.8043558216223174,True,plausible,False,Port de Shanghai,China,31.2,121.5,Medium,Critical,Critical,True,True,Base Sous-marine,5.0,Port de Shanghai,0.0,True,5,2,1,5,2,1,True,True,5,114,0,25,20,15,10,70,Alerte analyste,True,zone critique; zone militaire/sensible connue; zone sensible active; base sous-marine; activité dense le même jour; co-présence potentielle à vérifier; navire civil en zone sensible,v2.1-actionnable
DET-039-00121,IMG-039,satellite_039.jpg,2026-02-25 09:12:06+00:00,2026-02-25,Navire de soutien,soutien_ou_amphibie,0.77,8.8,0.7022400000000001,79,Bonne,"0.07692792516543943,0.773599022815371,0.028706406928839603,0.07861996731134394",0.36512870598329056,0.22568967743715052,True,plausible,False,Base navale de Rota,Spain,36.6,-6.4,High,High,High,True,False,Base Sous-marine,1.0,Base navale de Rota,0.0,True,5,2,2,5,2,2,True,True,6,257,16,16,16,6,0,54,À examiner,False,navire de soutien/amphibie; zone à risque élevé; zone militaire/sensible connue; base sous-marine; activité dense le même jour; co-présence potentielle à vérifier,v2.1-actionnable
DET-039-00122,IMG-039,satellite_039.jpg,2026-02-25 09:12:06+00:00,2026-02-25,Navire civil,civil,0.92,8.8,0.8390400000000001,89,Bonne,"0.1956492402510227,0.392175725225026,0.2930860071356882,0.05653625368620159",5.1840365787664515,1.656998485129913,True,plausible,False,Base navale de Rota,Spain,36.6,-6.4,High,High,High,True,False,Base Sous-marine,1.0,Base navale de Rota,0.0,True,5,2,2,5,2,2,True,True,6,257,0,16,16,10,7,49,À examiner,True,zone à risque élevé; zone militaire/sensible connue; base sous-marine; activité dense le même jour; co-présence potentielle à vérifier; navire civil en zone sensible,v2.1-actionnable
DET-039-00123,IMG-039,satellite_039.jpg,2026-02-25 09:12:06+00:00,2026-02-25,Porte-avions,combat_strategique,0.92,8.8,0.8390400000000001,89,Bonne,"0.6178537018322465,0.504944920960193,0.20928096903925175,0.048421580615325276",4.322059841495865,1.0133715313587504,True,plausible,False,Base navale de Rota,Spain,36.6,-6.4,High,High,High,True,False,Base Sous-marine,1.0,Base navale de Rota,0.0,True,5,2,2,5,2,2,True,True,6,257,30,16,16,10,0,72,Alerte analyste,True,navire de combat stratégique; zone à risque élevé; zone militaire/sensible connue; base sous-marine; activité dense le même jour; co-présence potentielle à vérifier,v2.1-actionnable
DET-039-00124,IMG-039,satellite_039.jpg,2026-02-25 09:12:06+00:00,2026-02-25,Cargo,civil,0.77,8.8,0.7022400000000001,79,Bonne,"0.38229571620266667,0.4079529943848271,0.10761353591826169,0.05959428360601017",1.805769436372732,0.6413151579358437,True,plausible,False,Base navale de Rota,Spain,36.6,-6.4,High,High,High,True,False,Base Sous-marine,1.0,Base navale de Rota,0.0,True,5,2,2,5,2,2,True,True,6,257,0,16,16,6,7,45,À examiner,True,zone à risque élevé; zone militaire/sensible connue; base sous-marine; activité dense le même jour; co-présence potentielle à vérifier; navire civil en zone sensible,v2.1-actionnable
DET-039-00125,IMG-039,satellite_039.jpg,2026-02-25 09:12:06+00:00,2026-02-25,Frégate,combat,0.72,8.8,0.65664,76,Bonne,"0.13450367913410188,0.216868239777701,0.09678877789643188,0.24239342556511753",0.39930446822465526,2.3460963430577433,True,plausible,False,Base navale de Rota,Spain,36.6,-6.4,High,High,High,True,False,Base Sous-marine,1.0,Base navale de Rota,0.0,True,5,2,2,5,2,2,True,True,6,257,22,16,16,6,0,60,Alerte analyste,True,navire de combat; zone à risque élevé; zone militaire/sensible connue; base sous-marine; activité dense le même jour; co-présence potentielle à vérifier,v2.1-actionnable
DET-040-00126,IMG-040,satellite_040.jpg,2026-05-16 09:38:31+00:00,2026-05-16,Cargo,civil,0.7,14.8,0.5963999999999999,70,Moyenne,"0.34638907828768783,0.5881204485540943,0.04655147344997857,0.05504293088166819",0.8457302818786189,0.25623295355469744,True,plausible,False,Détroit d'Ormuz,International,25.0,56.0,Critical,Critical,Critical,True,True,Base Sous-marine,2.0,Détroit d'Ormuz,0.0,True,1,0,1,1,0,1,False,False,4,194,0,25,8,3,10,46,À examiner,False,zone critique; zone militaire/sensible connue; zone sensible active; base sous-marine; navire civil en zone sensible,v2.1-actionnable
DET-043-00127,IMG-043,satellite_043.jpg,2026-09-27 05:58:11+00:00,2026-09-27,Navire de soutien,soutien_ou_amphibie,0.95,10.5,0.85025,88,Bonne,"0.6386032542836866,0.6508027152654061,0.22856466421896557,0.1414443771764224",1.6159331942469422,3.2329186574989692,True,plausible,False,Base navale de Yokosuka,Japan,35.4,139.7,High,,High,False,,,,Port de Busan,971.7284406546436,False,1,0,0,1,0,0,False,False,6,282,16,12,0,15,0,43,À examiner,False,navire de soutien/amphibie; zone à risque élevé,v2.1-actionnable
DET-044-00128,IMG-044,satellite_044.jpg,2026-03-31 04:23:18+00:00,2026-03-31,Navire civil,civil,0.97,10.7,0.86621,91,Bonne,"0.5492616398869591,0.5626382104069824,0.11565659897376772,0.12825798374384442",0.9017497047572176,1.4833882191045829,True,plausible,False,Port de Rotterdam,Netherlands,51.9,4.5,Low,,Low,False,,,,Port militaire de Toulon,981.8884661006506,False,3,1,1,3,1,1,True,False,9,255,0,0,7,15,0,22,Veille,False,co-présence potentielle à vérifier,v2.1-actionnable
DET-044-00129,IMG-044,satellite_044.jpg,2026-03-31 04:23:18+00:00,2026-03-31,Croiseur,combat_strategique,0.78,10.7,0.69654,79,Bonne,"0.18281788358366297,0.18014542978473458,0.1565062525636734,0.20711162511944609",0.7556613612268875,3.2414264309816856,True,plausible,False,Port de Rotterdam,Netherlands,51.9,4.5,Low,,Low,False,,,,Port militaire de Toulon,981.8884661006506,False,3,1,1,3,1,1,True,False,9,255,30,0,7,6,0,43,À examiner,False,navire de combat stratégique; co-présence potentielle à vérifier,v2.1-actionnable
DET-044-00130,IMG-044,satellite_044.jpg,2026-03-31 04:23:18+00:00,2026-03-31,Bâtiment de débarquement,soutien_ou_amphibie,0.74,10.7,0.66082,76,Bonne,"0.40334593793913137,0.6837540022635707,0.1263831833079486,0.12372605289402235",1.021475916767524,1.5636892422874165,True,plausible,False,Port de Rotterdam,Netherlands,51.9,4.5,Low,,Low,False,,,,Port militaire de Toulon,981.8884661006506,False,3,1,1,3,1,1,True,False,9,255,16,0,7,6,0,29,Veille,False,navire de soutien/amphibie; co-présence potentielle à vérifier,v2.1-actionnable
DET-046-00131,IMG-046,satellite_046.jpg,2026-03-21 01:52:38+00:00,2026-03-21,Porte-avions,combat_strategique,0.76,12.2,0.66728,77,Bonne,"0.5380520436590089,0.6229409546340196,0.29579642785380394,0.11559196500260188",2.5589704945940315,3.4191690336371523,True,plausible,False,Port de Rotterdam,Netherlands,51.9,4.5,Low,,Low,False,,,,Port militaire de Toulon,981.8884661006506,False,2,1,1,2,1,1,True,False,9,255,30,0,4,6,0,40,À examiner,False,navire de combat stratégique; co-présence potentielle à vérifier,v2.1-actionnable
DET-046-00132,IMG-046,satellite_046.jpg,2026-03-21 01:52:38+00:00,2026-03-21,Navire civil,civil,0.94,12.2,0.8253199999999999,88,Bonne,"0.4038995097674414,0.6935097335765339,0.2217577984282623,0.03401462794111944",6.519483288546721,0.7543009006579094,True,plausible,False,Port de Rotterdam,Netherlands,51.9,4.5,Low,,Low,False,,,,Port militaire de Toulon,981.8884661006506,False,2,1,1,2,1,1,True,False,9,255,0,0,4,10,0,14,Veille,False,co-présence potentielle à vérifier,v2.1-actionnable
DET-047-00133,IMG-047,satellite_047.jpg,2026-01-29 17:19:53+00:00,2026-01-29,Navire civil,civil,0.75,2.8,0.729,79,Bonne,"0.24109895900114175,0.22069434811173327,0.20801047699149744,0.17221320062344309",1.2078660418508091,3.582215000591482,True,plausible,False,Port de Shanghai,China,31.2,121.5,Medium,Critical,Critical,True,True,Base Sous-marine,5.0,Port de Shanghai,0.0,True,1,0,1,1,0,1,False,False,5,114,0,25,11,6,10,52,À examiner,True,zone critique; zone militaire/sensible connue; zone sensible active; base sous-marine; navire civil en zone sensible,v2.1-actionnable
DET-048-00134,IMG-048,satellite_048.jpg,2026-03-09 00:27:29+00:00,2026-03-09,Corvette,combat,1.0,45.6,0.544,66,Moyenne,"0.4677079270446455,0.09195611868191725,0.17486131105388825,0.297984745266856",0.5868129621779586,5.210600323142134,True,plausible,False,Port de Rotterdam,Netherlands,51.9,4.5,Low,,Low,False,,,,Port militaire de Toulon,981.8884661006506,False,1,1,0,1,1,0,False,False,9,255,22,0,0,3,0,25,Veille,False,navire de combat,v2.1-actionnable
DET-049-00135,IMG-049,satellite_049.jpg,2026-04-10 18:36:32+00:00,2026-04-10,Destroyer,combat_strategique,0.79,38.2,0.48822000000000004,52,Moyenne,"0.44862120044875353,0.5613941074246699,0.040115373748133204,0.10737225114457208",0.37361025144308113,0.43072779848429277,True,plausible,False,Détroit d'Ormuz,International,25.0,56.0,Critical,Critical,Critical,True,True,Base Sous-marine,2.0,Détroit d'Ormuz,0.0,True,3,2,1,3,2,1,True,False,4,194,30,25,15,3,0,73,Alerte analyste,True,navire de combat stratégique; zone critique; zone militaire/sensible connue; zone sensible active; base sous-marine; co-présence potentielle à vérifier,v2.1-actionnable
DET-049-00136,IMG-049,satellite_049.jpg,2026-04-10 18:36:32+00:00,2026-04-10,Croiseur,combat_strategique,0.82,38.2,0.50676,53,Moyenne,"0.203954364621882,0.4824674997058284,0.03777740485307332,0.11634747415640136",0.3246946710874929,0.4395305634838855,True,plausible,False,Détroit d'Ormuz,International,25.0,56.0,Critical,Critical,Critical,True,True,Base Sous-marine,2.0,Détroit d'Ormuz,0.0,True,3,2,1,3,2,1,True,False,4,194,30,25,15,3,0,73,Alerte analyste,True,navire de combat stratégique; zone critique; zone militaire/sensible connue; zone sensible active; base sous-marine; co-présence potentielle à vérifier,v2.1-actionnable
DET-049-00137,IMG-049,satellite_049.jpg,2026-04-10 18:36:32+00:00,2026-04-10,Pétrolier,civil,0.88,38.2,0.54384,56,Moyenne,"0.22879254886312764,0.7669115900825608,0.08459007695659401,0.029299890220392637",2.8870441602446575,0.24784799685627656,True,plausible,False,Détroit d'Ormuz,International,25.0,56.0,Critical,Critical,Critical,True,True,Base Sous-marine,2.0,Détroit d'Ormuz,0.0,True,3,2,1,3,2,1,True,False,4,194,0,25,15,3,10,53,À examiner,False,zone critique; zone militaire/sensible connue; zone sensible active; base sous-marine; co-présence potentielle à vérifier; navire civil en zone sensible,v2.1-actionnable
DET-050-00138,IMG-050,satellite_050.jpg,2026-03-07 18:56:42+00:00,2026-03-07,Navire de guerre,combat,0.83,34.1,0.54697,66,Moyenne,"0.40232605539639305,0.3699573556782915,0.10620851639930266,0.04481123588556532",2.3701313811234277,0.4759334881425079,True,plausible,False,Port de Singapour,Singapore,1.3,103.8,Low,Critical,Critical,True,False,Base Sous-marine,1.0,Port de Singapour,0.0,True,5,3,1,5,3,1,True,True,5,228,22,22,16,3,0,63,Alerte analyste,True,navire de combat; zone critique; zone militaire/sensible connue; base sous-marine; activité dense le même jour; co-présence potentielle à vérifier,v2.1-actionnable
DET-050-00139,IMG-050,satellite_050.jpg,2026-03-07 18:56:42+00:00,2026-03-07,Croiseur,combat_strategique,0.71,34.1,0.46789,61,Moyenne,"0.4616976278025335,0.04810354547931635,0.26749471602706865,0.29868852342483926",0.8955640911806908,7.989760175407179,True,plausible,False,Port de Singapour,Singapore,1.3,103.8,Low,Critical,Critical,True,False,Base Sous-marine,1.0,Port de Singapour,0.0,True,5,3,1,5,3,1,True,True,5,228,30,22,16,3,0,71,Alerte analyste,True,navire de combat stratégique; zone critique; zone militaire/sensible connue; base sous-marine; activité dense le même jour; co-présence potentielle à vérifier,v2.1-actionnable
DET-050-00140,IMG-050,satellite_050.jpg,2026-03-07 18:56:42+00:00,2026-03-07,Chalutier,civil,0.92,34.1,0.60628,70,Moyenne,"0.7222403361962936,0.35413540067116334,0.10849981609932129,0.19623272024277497",0.5529139888856841,2.129121405901062,True,plausible,False,Port de Singapour,Singapore,1.3,103.8,Low,Critical,Critical,True,False,Base Sous-marine,1.0,Port de Singapour,0.0,True,5,3,1,5,3,1,True,True,5,228,0,22,16,6,7,51,À examiner,True,zone critique; zone militaire/sensible connue; base sous-marine; activité dense le même jour; co-présence potentielle à vérifier; navire civil en zone sensible,v2.1-actionnable
DET-050-00141,IMG-050,satellite_050.jpg,2026-03-07 18:56:42+00:00,2026-03-07,Sous-marin,combat_strategique,0.96,34.1,0.63264,69,Moyenne,"0.5525390155570772,0.6601042354849485,0.11299064590663402,0.2030191898719918",0.5565515554361002,2.2939269395077924,True,a_verifier,True,Port de Singapour,Singapore,1.3,103.8,Low,Critical,Critical,True,False,Base Sous-marine,1.0,Port de Singapour,0.0,True,5,3,1,5,3,1,True,True,5,228,30,22,16,6,0,74,Alerte analyste,True,navire de combat stratégique; zone critique; zone militaire/sensible connue; base sous-marine; activité dense le même jour; co-présence potentielle à vérifier; classification/bbox à vérifier,v2.1-actionnable
DET-050-00142,IMG-050,satellite_050.jpg,2026-03-07 18:56:42+00:00,2026-03-07,Bâtiment de débarquement,soutien_ou_amphibie,0.78,34.1,0.51402,64,Moyenne,"0.24550067626268907,0.3112505903786378,0.1587176455853026,0.06779261175752832",2.341223349721102,1.0759883726233397,True,plausible,False,Port de Singapour,Singapore,1.3,103.8,Low,Critical,Critical,True,False,Base Sous-marine,1.0,Port de Singapour,0.0,True,5,3,1,5,3,1,True,True,5,228,16,22,16,3,0,57,À examiner,False,navire de soutien/amphibie; zone critique; zone militaire/sensible connue; base sous-marine; activité dense le même jour; co-présence potentielle à vérifier,v2.1-actionnable
DET-051-00143,IMG-051,satellite_051.jpg,2026-08-14 06:24:32+00:00,2026-08-14,Frégate,combat,0.98,30.1,0.6850200000000001,76,Bonne,"0.5536818822471876,0.3944423107000374,0.26129810638969436,0.10605490516907928",2.4638002926231173,2.7711945894018997,True,plausible,False,Détroit de Malacca,International,3.0,101.0,Critical,High,Critical,True,False,Base Sous-marine,1.0,Détroit de Malacca,0.0,True,1,1,0,1,1,0,False,False,11,347,22,22,7,6,0,57,À examiner,False,navire de combat; zone critique; zone militaire/sensible connue; base sous-marine,v2.1-actionnable
DET-052-00144,IMG-052,satellite_052.jpg,2026-02-17 10:50:44+00:00,2026-02-17,Porte-avions,combat_strategique,0.91,24.3,0.68887,63,Moyenne,"0.4690141741173817,0.4256619506304519,0.026143810886778023,0.07673599109969965",0.3406981588705948,0.20061712395200265,True,a_verifier,True,Base navale de Norfolk,USA,36.9,-76.3,High,,High,False,,,,Base navale de Rota,6076.454469459371,False,5,3,1,5,3,1,True,True,9,306,30,12,9,6,5,62,Alerte analyste,True,navire de combat stratégique; zone à risque élevé; activité dense le même jour; co-présence potentielle à vérifier; classification/bbox à vérifier,v2.1-actionnable
DET-052-00145,IMG-052,satellite_052.jpg,2026-02-17 10:50:44+00:00,2026-02-17,Corvette,combat,0.98,24.3,0.74186,70,Moyenne,"0.1179747746482942,0.17541878555507637,0.16311522961341715,0.25990127495885296",0.6276045765425399,4.239385614173314,True,plausible,False,Base navale de Norfolk,USA,36.9,-76.3,High,,High,False,,,,Base navale de Rota,6076.454469459371,False,5,3,1,5,3,1,True,True,9,306,22,12,9,6,5,54,À examiner,False,navire de combat; zone à risque élevé; activité dense le même jour; co-présence potentielle à vérifier,v2.1-actionnable
DET-052-00146,IMG-052,satellite_052.jpg,2026-02-17 10:50:44+00:00,2026-02-17,Bâtiment de débarquement,soutien_ou_amphibie,0.98,24.3,0.74186,70,Moyenne,"0.34087068312659136,0.3058040302181877,0.26209903126506967,0.11740242695864288",2.232483927758997,3.077106237402837,True,plausible,False,Base navale de Norfolk,USA,36.9,-76.3,High,,High,False,,,,Base navale de Rota,6076.454469459371,False,5,3,1,5,3,1,True,True,9,306,16,12,9,6,0,43,À examiner,False,navire de soutien/amphibie; zone à risque élevé; activité dense le même jour; co-présence potentielle à vérifier,v2.1-actionnable
DET-052-00147,IMG-052,satellite_052.jpg,2026-02-17 10:50:44+00:00,2026-02-17,Navire de guerre,combat,0.85,24.3,0.64345,63,Moyenne,"0.12580311538416772,0.13073650357059075,0.23825895987494944,0.17327878708430172",1.375003622105424,4.128522357909854,True,plausible,False,Base navale de Norfolk,USA,36.9,-76.3,High,,High,False,,,,Base navale de Rota,6076.454469459371,False,5,3,1,5,3,1,True,True,9,306,22,12,9,6,5,54,À examiner,False,navire de combat; zone à risque élevé; activité dense le même jour; co-présence potentielle à vérifier,v2.1-actionnable
DET-052-00148,IMG-052,satellite_052.jpg,2026-02-17 10:50:44+00:00,2026-02-17,Chalutier,civil,0.75,24.3,0.56775,58,Moyenne,"0.7681348547582588,0.018182723001084523,0.17688898244098775,0.237094477278688",0.746069602595876,4.193940082820499,True,plausible,False,Base navale de Norfolk,USA,36.9,-76.3,High,,High,False,,,,Base navale de Rota,6076.454469459371,False,5,3,1,5,3,1,True,True,9,306,0,12,9,3,0,24,Veille,False,zone à risque élevé; activité dense le même jour; co-présence potentielle à vérifier,v2.1-actionnable
DET-053-00149,IMG-053,satellite_053.jpg,2026-05-30 12:04:38+00:00,2026-05-30,Sous-marin,combat_strategique,0.86,36.4,0.54696,53,Moyenne,"0.1313137801850485,0.7385090128452011,0.08887401699920724,0.06087510563824662",1.4599402509023238,0.5410215173322063,True,a_verifier,True,Canal de Suez,Egypt,30.0,32.5,Medium,High,High,True,False,Base Aérienne,1.0,Canal de Suez,0.0,True,1,1,0,1,1,0,False,False,1,0,30,16,3,3,0,52,À examiner,False,navire de combat stratégique; zone à risque élevé; zone militaire/sensible connue; classification/bbox à vérifier,v2.1-actionnable
DET-054-00150,IMG-054,satellite_054.jpg,2026-01-06 11:03:09+00:00,2026-01-06,Sous-marin,combat_strategique,0.82,6.0,0.7707999999999999,67,Moyenne,"0.3398516679385469,0.7863393994568803,0.10484281237478499,0.21519071708349907",0.48720880619633544,2.256119997598071,False,bbox_hors_image,True,Mer Baltique,International,55.0,20.0,Medium,,Medium,False,,,,Port militaire de Toulon,1666.9047507944083,False,3,2,1,3,2,1,True,False,8,269,30,6,7,10,0,53,À examiner,False,navire de combat stratégique; co-présence potentielle à vérifier; classification/bbox à vérifier,v2.1-actionnable
DET-054-00151,IMG-054,satellite_054.jpg,2026-01-06 11:03:09+00:00,2026-01-06,Navire civil,civil,0.75,6.0,0.705,67,Moyenne,"0.19224125909716225,0.6832688149830758,0.22293623247242345,0.10338779011423971",2.156311032725306,2.304888441171826,True,plausible,False,Mer Baltique,International,55.0,20.0,Medium,,Medium,False,,,,Port militaire de Toulon,1666.9047507944083,False,3,2,1,3,2,1,True,False,8,269,0,6,7,6,0,19,Veille,False,co-présence potentielle à vérifier,v2.1-actionnable
DET-054-00152,IMG-054,satellite_054.jpg,2026-01-06 11:03:09+00:00,2026-01-06,Frégate,combat,0.91,6.0,0.8553999999999999,78,Bonne,"0.7216011697799166,0.38660563867083886,0.18066924251345404,0.06998580442225212",2.5815126939658346,1.2644282271663025,True,plausible,False,Mer Baltique,International,55.0,20.0,Medium,,Medium,False,,,,Port militaire de Toulon,1666.9047507944083,False,3,2,1,3,2,1,True,False,8,269,22,6,7,15,0,50,À examiner,False,navire de combat; co-présence potentielle à vérifier,v2.1-actionnable
DET-055-00153,IMG-055,satellite_055.jpg,2026-12-17 13:07:30+00:00,2026-12-17,Navire civil,civil,0.74,44.5,0.41069999999999995,47,Faible,"0.7295771285073845,0.4036922711409169,0.19084218091441457,0.17734657448084576",1.0760973617509955,3.384520705162524,True,plausible,False,Détroit de Malacca,International,3.0,101.0,Critical,High,Critical,True,False,Base Sous-marine,1.0,Détroit de Malacca,0.0,True,4,2,1,4,2,1,True,True,11,347,0,22,16,0,7,45,À examiner,False,zone critique; zone militaire/sensible connue; base sous-marine; activité dense le même jour; co-présence potentielle à vérifier; navire civil en zone sensible; qualité observation faible,v2.1-actionnable
DET-055-00154,IMG-055,satellite_055.jpg,2026-12-17 13:07:30+00:00,2026-12-17,Navire de soutien,soutien_ou_amphibie,0.71,44.5,0.39404999999999996,46,Faible,"0.6069176729913042,0.5233590713081073,0.2544619381737467,0.16019211081291884",1.5884798376302152,4.076279499759892,True,plausible,False,Détroit de Malacca,International,3.0,101.0,Critical,High,Critical,True,False,Base Sous-marine,1.0,Détroit de Malacca,0.0,True,4,2,1,4,2,1,True,True,11,347,16,22,16,0,0,54,À examiner,False,navire de soutien/amphibie; zone critique; zone militaire/sensible connue; base sous-marine; activité dense le même jour; co-présence potentielle à vérifier; qualité observation faible,v2.1-actionnable
DET-055-00155,IMG-055,satellite_055.jpg,2026-12-17 13:07:30+00:00,2026-12-17,Porte-avions,combat_strategique,0.98,44.5,0.5438999999999999,53,Moyenne,"0.35320406765581414,0.00496849374844981,0.03600246735428925,0.16534004506601335",0.2177480194826059,0.5952649574845849,True,a_verifier,True,Détroit de Malacca,International,3.0,101.0,Critical,High,Critical,True,False,Base Sous-marine,1.0,Détroit de Malacca,0.0,True,4,2,1,4,2,1,True,True,11,347,30,22,16,3,0,71,Alerte analyste,True,navire de combat stratégique; zone critique; zone militaire/sensible connue; base sous-marine; activité dense le même jour; co-présence potentielle à vérifier; classification/bbox à vérifier,v2.1-actionnable
DET-055-00156,IMG-055,satellite_055.jpg,2026-12-17 13:07:30+00:00,2026-12-17,Sous-marin,combat_strategique,0.93,44.5,0.51615,54,Moyenne,"0.01995624914398482,0.5150819764429005,0.1787092030642219,0.05602942196157225",3.18955999915169,1.001297334690158,True,plausible,False,Détroit de Malacca,International,3.0,101.0,Critical,High,Critical,True,False,Base Sous-marine,1.0,Détroit de Malacca,0.0,True,4,2,1,4,2,1,True,True,11,347,30,22,16,3,0,71,Alerte analyste,True,navire de combat stratégique; zone critique; zone militaire/sensible connue; base sous-marine; activité dense le même jour; co-présence potentielle à vérifier,v2.1-actionnable
DET-056-00157,IMG-056,satellite_056.jpg,2026-01-27 02:47:12+00:00,2026-01-27,Chalutier,civil,0.91,27.5,0.65975,64,Moyenne,"0.18533818346852451,0.7873763579147717,0.05506466230305071,0.023816929212098107",2.311996723535624,0.13114711641598453,True,plausible,False,Mer Baltique,International,55.0,20.0,Medium,,Medium,False,,,,Port militaire de Toulon,1666.9047507944083,False,1,0,1,1,0,1,False,False,8,269,0,6,0,6,0,12,Veille,False,signal faible,v2.1-actionnable
DET-058-00158,IMG-058,satellite_058.jpg,2026-05-23 19:07:48+00:00,2026-05-23,Cargo,civil,0.81,37.5,0.5062500000000001,53,Moyenne,"0.07844952462079276,0.21215844636785466,0.12749267156020927,0.10192713818616046",1.2508216538696078,1.2994963151840204,True,plausible,False,Port de Shanghai,China,31.2,121.5,Medium,Critical,Critical,True,True,Base Sous-marine,5.0,Port de Shanghai,0.0,True,2,1,1,2,1,1,True,False,5,114,0,25,15,3,10,53,À examiner,False,zone critique; zone militaire/sensible connue; zone sensible active; base sous-marine; co-présence potentielle à vérifier; navire civil en zone sensible,v2.1-actionnable
DET-058-00159,IMG-058,satellite_058.jpg,2026-05-23 19:07:48+00:00,2026-05-23,Frégate,combat,0.83,37.5,0.5187499999999999,54,Moyenne,"0.7316242107089259,0.7531530073313393,0.03198787352013434,0.054313317480417095",0.588950832025087,0.1737367530022478,True,plausible,False,Port de Shanghai,China,31.2,121.5,Medium,Critical,Critical,True,True,Base Sous-marine,5.0,Port de Shanghai,0.0,True,2,1,1,2,1,1,True,False,5,114,22,25,15,3,0,65,Alerte analyste,True,navire de combat; zone critique; zone militaire/sensible connue; zone sensible active; base sous-marine; co-présence potentielle à vérifier,v2.1-actionnable
DET-059-00160,IMG-059,satellite_059.jpg,2026-06-15 01:01:51+00:00,2026-06-15,Cargo,civil,0.94,15.8,0.79148,73,Moyenne,"0.7426139185927384,0.43578182757112477,0.22944236488249226,0.2771968110236645",0.8277236813626421,6.360069185915488,True,plausible,False,Port de Busan,South Korea,35.1,129.0,Medium,High,High,True,False,Base Sous-marine,1.0,Port de Busan,0.0,True,2,1,1,2,1,1,True,False,3,153,0,16,11,10,7,44,À examiner,True,zone à risque élevé; zone militaire/sensible connue; base sous-marine; co-présence potentielle à vérifier; navire civil en zone sensible,v2.1-actionnable
DET-059-00161,IMG-059,satellite_059.jpg,2026-06-15 01:01:51+00:00,2026-06-15,Croiseur,combat_strategique,0.85,15.8,0.7157,68,Moyenne,"0.6387945400074656,0.061346258251283196,0.28406442174593904,0.26015663863427085",1.0918976476524893,7.390124511701135,True,plausible,False,Port de Busan,South Korea,35.1,129.0,Medium,High,High,True,False,Base Sous-marine,1.0,Port de Busan,0.0,True,2,1,1,2,1,1,True,False,3,153,30,16,11,6,0,63,Alerte analyste,True,navire de combat stratégique; zone à risque élevé; zone militaire/sensible connue; base sous-marine; co-présence potentielle à vérifier,v2.1-actionnable
DET-060-00162,IMG-060,satellite_060.jpg,2026-05-21 03:35:09+00:00,2026-05-21,Navire civil,civil,0.99,28.9,0.70389,67,Moyenne,"0.7384446236807054,0.02844296831050528,0.08011820384341872,0.17343608180742798",0.46194657425654206,1.3895387356051347,True,plausible,False,Base navale de Yokosuka,Japan,35.4,139.7,High,,High,False,,,,Port de Busan,971.7284406546436,False,1,0,1,1,0,1,False,False,6,282,0,12,0,6,0,18,Veille,False,zone à risque élevé,v2.1-actionnable
DET-062-00163,IMG-062,satellite_062.jpg,2026-11-23 04:44:28+00:00,2026-11-23,Sous-marin,combat_strategique,0.76,31.1,0.52364,52,Moyenne,"0.7834422216605694,0.2658813236441559,0.18011315040690606,0.2323300503113541",0.7752468962389054,4.184569729577296,True,a_verifier,True,Mer de Chine Méridionale,International,15.0,110.0,Critical,,Critical,False,,,,Détroit de Malacca,1659.3897387122565,False,5,4,1,5,4,1,True,True,8,220,30,18,9,3,5,65,Alerte analyste,True,navire de combat stratégique; zone critique; activité dense le même jour; co-présence potentielle à vérifier; classification/bbox à vérifier,v2.1-actionnable
DET-062-00164,IMG-062,satellite_062.jpg,2026-11-23 04:44:28+00:00,2026-11-23,Navire de guerre,combat,0.86,31.1,0.5925400000000001,59,Moyenne,"0.18234599258993456,0.124149995029667,0.1458967017210178,0.14810388102535943",0.9850970866593045,2.1607867753681966,True,plausible,False,Mer de Chine Méridionale,International,15.0,110.0,Critical,,Critical,False,,,,Détroit de Malacca,1659.3897387122565,False,5,4,1,5,4,1,True,True,8,220,22,18,9,3,5,57,À examiner,False,navire de combat; zone critique; activité dense le même jour; co-présence potentielle à vérifier,v2.1-actionnable
DET-062-00165,IMG-062,satellite_062.jpg,2026-11-23 04:44:28+00:00,2026-11-23,Frégate,combat,0.78,31.1,0.53742,56,Moyenne,"0.5018297396772777,0.38675926405890426,0.23399868681767724,0.09945887617471871",2.3527179857392855,2.327324641724614,True,plausible,False,Mer de Chine Méridionale,International,15.0,110.0,Critical,,Critical,False,,,,Détroit de Malacca,1659.3897387122565,False,5,4,1,5,4,1,True,True,8,220,22,18,9,3,5,57,À examiner,False,navire de combat; zone critique; activité dense le même jour; co-présence potentielle à vérifier,v2.1-actionnable
DET-062-00166,IMG-062,satellite_062.jpg,2026-11-23 04:44:28+00:00,2026-11-23,Navire civil,civil,0.88,31.1,0.6063200000000001,60,Moyenne,"0.2677371747634818,0.42072862383931897,0.07990600598117746,0.05592213786124675",1.4288796715790653,0.44685146824210065,True,plausible,False,Mer de Chine Méridionale,International,15.0,110.0,Critical,,Critical,False,,,,Détroit de Malacca,1659.3897387122565,False,5,4,1,5,4,1,True,True,8,220,0,18,9,6,0,33,Veille,False,zone critique; activité dense le même jour; co-présence potentielle à vérifier,v2.1-actionnable
DET-062-00167,IMG-062,satellite_062.jpg,2026-11-23 04:44:28+00:00,2026-11-23,Croiseur,combat_strategique,0.87,31.1,0.59943,60,Moyenne,"0.080098122294734,0.25173457336538924,0.15979590755732034,0.020394662887209786",7.835182588751424,0.32589836653872717,True,plausible,False,Mer de Chine Méridionale,International,15.0,110.0,Critical,,Critical,False,,,,Détroit de Malacca,1659.3897387122565,False,5,4,1,5,4,1,True,True,8,220,30,18,9,3,5,65,Alerte analyste,True,navire de combat stratégique; zone critique; activité dense le même jour; co-présence potentielle à vérifier,v2.1-actionnable
DET-063-00168,IMG-063,satellite_063.jpg,2026-06-16 18:23:46+00:00,2026-06-16,Cargo,civil,0.76,29.6,0.53504,55,Moyenne,"0.7212249131550832,0.5645889065473265,0.2438720411705924,0.08622207152418468",2.8284177920984916,2.102715257655971,True,plausible,False,Base navale de Rota,Spain,36.6,-6.4,High,High,High,True,False,Base Sous-marine,1.0,Base navale de Rota,0.0,True,4,3,1,4,3,1,True,True,6,257,0,16,16,3,7,42,À examiner,False,zone à risque élevé; zone militaire/sensible connue; base sous-marine; activité dense le même jour; co-présence potentielle à vérifier; navire civil en zone sensible,v2.1-actionnable
DET-063-00169,IMG-063,satellite_063.jpg,2026-06-16 18:23:46+00:00,2026-06-16,Corvette,combat,0.93,29.6,0.65472,64,Moyenne,"0.3673913998247198,0.12576936144059767,0.20278619038033702,0.24250306761067558",0.8362211347606471,4.917627323631417,True,plausible,False,Base navale de Rota,Spain,36.6,-6.4,High,High,High,True,False,Base Sous-marine,1.0,Base navale de Rota,0.0,True,4,3,1,4,3,1,True,True,6,257,22,16,16,6,0,60,Alerte analyste,True,navire de combat; zone à risque élevé; zone militaire/sensible connue; base sous-marine; activité dense le même jour; co-présence potentielle à vérifier,v2.1-actionnable
DET-063-00170,IMG-063,satellite_063.jpg,2026-06-16 18:23:46+00:00,2026-06-16,Frégate,combat,0.96,29.6,0.6758399999999999,65,Moyenne,"0.293966182568635,0.5268943251703789,0.18899129638482154,0.12227398503001088",1.5456378258910568,2.310871894496,True,plausible,False,Base navale de Rota,Spain,36.6,-6.4,High,High,High,True,False,Base Sous-marine,1.0,Base navale de Rota,0.0,True,4,3,1,4,3,1,True,True,6,257,22,16,16,6,0,60,Alerte analyste,True,navire de combat; zone à risque élevé; zone militaire/sensible connue; base sous-marine; activité dense le même jour; co-présence potentielle à vérifier,v2.1-actionnable
DET-063-00171,IMG-063,satellite_063.jpg,2026-06-16 18:23:46+00:00,2026-06-16,Sous-marin,combat_strategique,0.81,29.6,0.57024,55,Moyenne,"0.6345477944522582,0.21348329057477092,0.19418924474471452,0.20196034497266668",0.961521653030431,3.9218526858624125,True,a_verifier,True,Base navale de Rota,Spain,36.6,-6.4,High,High,High,True,False,Base Sous-marine,1.0,Base navale de Rota,0.0,True,4,3,1,4,3,1,True,True,6,257,30,16,16,3,0,65,Alerte analyste,True,navire de combat stratégique; zone à risque élevé; zone militaire/sensible connue; base sous-marine; activité dense le même jour; co-présence potentielle à vérifier; classification/bbox à vérifier,v2.1-actionnable
DET-064-00172,IMG-064,satellite_064.jpg,2026-03-12 14:37:19+00:00,2026-03-12,Navire de soutien,soutien_ou_amphibie,0.7,38.7,0.4291,58,Moyenne,"0.3805046230936525,0.27558401057058424,0.29219092176456496,0.14042283828159607",2.080793447420724,4.1030278554295965,True,plausible,False,Base navale de Rota,Spain,36.6,-6.4,High,High,High,True,False,Base Sous-marine,1.0,Base navale de Rota,0.0,True,4,1,1,4,1,1,True,True,6,257,16,16,16,0,0,48,À examiner,False,navire de soutien/amphibie; zone à risque élevé; zone militaire/sensible connue; base sous-marine; activité dense le même jour; co-présence potentielle à vérifier,v2.1-actionnable
DET-064-00173,IMG-064,satellite_064.jpg,2026-03-12 14:37:19+00:00,2026-03-12,Corvette,combat,0.75,38.7,0.45975,60,Moyenne,"0.08331880082114936,0.02318665499229793,0.08407819476737194,0.2736915841498575",0.30720051195047193,2.301149431834227,True,plausible,False,Base navale de Rota,Spain,36.6,-6.4,High,High,High,True,False,Base Sous-marine,1.0,Base navale de Rota,0.0,True,4,1,1,4,1,1,True,True,6,257,22,16,16,3,0,57,À examiner,False,navire de combat; zone à risque élevé; zone militaire/sensible connue; base sous-marine; activité dense le même jour; co-présence potentielle à vérifier,v2.1-actionnable
DET-064-00174,IMG-064,satellite_064.jpg,2026-03-12 14:37:19+00:00,2026-03-12,Cargo,civil,0.92,38.7,0.56396,67,Moyenne,"0.4823717108836758,0.4417402449581415,0.08819633820549373,0.1290342876052861",0.6835108701904485,1.1380351669740756,True,plausible,False,Base navale de Rota,Spain,36.6,-6.4,High,High,High,True,False,Base Sous-marine,1.0,Base navale de Rota,0.0,True,4,1,1,4,1,1,True,True,6,257,0,16,16,3,7,42,À examiner,False,zone à risque élevé; zone militaire/sensible connue; base sous-marine; activité dense le même jour; co-présence potentielle à vérifier; navire civil en zone sensible,v2.1-actionnable
DET-064-00175,IMG-064,satellite_064.jpg,2026-03-12 14:37:19+00:00,2026-03-12,Bâtiment de débarquement,soutien_ou_amphibie,0.71,38.7,0.43522999999999995,58,Moyenne,"0.7826073172590303,0.5493455328516026,0.17180427215853325,0.2866135563637385",0.5994282836381195,4.924143344184082,True,plausible,False,Base navale de Rota,Spain,36.6,-6.4,High,High,High,True,False,Base Sous-marine,1.0,Base navale de Rota,0.0,True,4,1,1,4,1,1,True,True,6,257,16,16,16,0,0,48,À examiner,False,navire de soutien/amphibie; zone à risque élevé; zone militaire/sensible connue; base sous-marine; activité dense le même jour; co-présence potentielle à vérifier,v2.1-actionnable
DET-065-00176,IMG-065,satellite_065.jpg,2026-02-20 20:07:34+00:00,2026-02-20,Bâtiment de débarquement,soutien_ou_amphibie,0.76,8.4,0.69616,77,Bonne,"0.2241821457928965,0.6770467074072856,0.2005383997688888,0.26316106520081134",0.7620367382836941,5.27738988968469,True,plausible,False,Mer Baltique,International,55.0,20.0,Medium,,Medium,False,,,,Port militaire de Toulon,1666.9047507944083,False,4,2,1,4,2,1,True,True,8,269,16,6,9,6,0,37,Veille,False,navire de soutien/amphibie; activité dense le même jour; co-présence potentielle à vérifier,v2.1-actionnable
DET-065-00177,IMG-065,satellite_065.jpg,2026-02-20 20:07:34+00:00,2026-02-20,Frégate,combat,0.8,8.4,0.7328000000000001,79,Bonne,"0.5478299485221089,0.6843560681703954,0.26636929845263885,0.06794866735838906",3.9201548581916756,1.8099438855045797,True,plausible,False,Mer Baltique,International,55.0,20.0,Medium,,Medium,False,,,,Port militaire de Toulon,1666.9047507944083,False,4,2,1,4,2,1,True,True,8,269,22,6,9,6,0,43,À examiner,False,navire de combat; activité dense le même jour; co-présence potentielle à vérifier,v2.1-actionnable
DET-065-00178,IMG-065,satellite_065.jpg,2026-02-20 20:07:34+00:00,2026-02-20,Cargo,civil,0.83,8.4,0.76028,81,Bonne,"0.27871027478403443,0.22421178898576619,0.11411230393905444,0.06559874600178961",1.7395500812765736,0.7485624041777045,True,plausible,False,Mer Baltique,International,55.0,20.0,Medium,,Medium,False,,,,Port militaire de Toulon,1666.9047507944083,False,4,2,1,4,2,1,True,True,8,269,0,6,9,10,0,25,Veille,False,activité dense le même jour; co-présence potentielle à vérifier,v2.1-actionnable
DET-065-00179,IMG-065,satellite_065.jpg,2026-02-20 20:07:34+00:00,2026-02-20,Navire de guerre,combat,0.88,8.4,0.80608,84,Bonne,"0.4639192520829741,0.5614584774502432,0.040971844570288886,0.09071993011741475",0.4516300279030286,0.37169628761981766,True,plausible,False,Mer Baltique,International,55.0,20.0,Medium,,Medium,False,,,,Port militaire de Toulon,1666.9047507944083,False,4,2,1,4,2,1,True,True,8,269,22,6,9,10,0,47,À examiner,False,navire de combat; activité dense le même jour; co-présence potentielle à vérifier,v2.1-actionnable
DET-067-00180,IMG-067,satellite_067.jpg,2026-10-11 21:36:25+00:00,2026-10-11,Destroyer,combat_strategique,0.73,15.5,0.61685,61,Moyenne,"0.39077223725352295,0.25145840646731843,0.2761631391664292,0.16386987833523228",1.685258706310114,4.525482001587855,True,plausible,False,Port militaire de Toulon,France,43.12,5.9,High,Critical,Critical,True,True,Base Navale,3.0,Port militaire de Toulon,7.208804852728273e-14,True,5,4,1,5,4,1,True,True,2,104,30,25,16,6,0,77,Alerte analyste,True,navire de combat stratégique; zone critique; zone militaire/sensible connue; zone sensible active; activité dense le même jour; co-présence potentielle à vérifier,v2.1-actionnable
DET-067-00181,IMG-067,satellite_067.jpg,2026-10-11 21:36:25+00:00,2026-10-11,Pétrolier,civil,0.89,15.5,0.75205,71,Moyenne,"0.7702076668106654,0.5660908404061836,0.144032111544877,0.24206421890907245",0.5950161167726338,3.4865020578935035,True,plausible,False,Port militaire de Toulon,France,43.12,5.9,High,Critical,Critical,True,True,Base Navale,3.0,Port militaire de Toulon,7.208804852728273e-14,True,5,4,1,5,4,1,True,True,2,104,0,25,16,10,10,61,Alerte analyste,True,zone critique; zone militaire/sensible connue; zone sensible active; activité dense le même jour; co-présence potentielle à vérifier; navire civil en zone sensible,v2.1-actionnable
DET-067-00182,IMG-067,satellite_067.jpg,2026-10-11 21:36:25+00:00,2026-10-11,Sous-marin,combat_strategique,0.92,15.5,0.7774,72,Moyenne,"0.5461343851518093,0.5809321295600124,0.2878815628479139,0.11397835973279102",2.52575632359352,3.281226833071761,True,plausible,False,Port militaire de Toulon,France,43.12,5.9,High,Critical,Critical,True,True,Base Navale,3.0,Port militaire de Toulon,7.208804852728273e-14,True,5,4,1,5,4,1,True,True,2,104,30,25,16,10,0,81,Revue prioritaire immédiate,True,navire de combat stratégique; zone critique; zone militaire/sensible connue; zone sensible active; activité dense le même jour; co-présence potentielle à vérifier,v2.1-actionnable
DET-067-00183,IMG-067,satellite_067.jpg,2026-10-11 21:36:25+00:00,2026-10-11,Navire de guerre,combat,0.97,15.5,0.81965,75,Bonne,"0.6133777456754843,0.026855078692667168,0.29655088766744847,0.2287875717351703",1.2961844274072567,6.784715748534478,True,plausible,False,Port militaire de Toulon,France,43.12,5.9,High,Critical,Critical,True,True,Base Navale,3.0,Port militaire de Toulon,7.208804852728273e-14,True,5,4,1,5,4,1,True,True,2,104,22,25,16,10,0,73,Alerte analyste,True,navire de combat; zone critique; zone militaire/sensible connue; zone sensible active; activité dense le même jour; co-présence potentielle à vérifier,v2.1-actionnable
DET-067-00184,IMG-067,satellite_067.jpg,2026-10-11 21:36:25+00:00,2026-10-11,Frégate,combat,0.76,15.5,0.6422,63,Moyenne,"0.002722648564658581,0.5922517839448734,0.16489844717717117,0.10207053139601573",1.6155343263316042,1.6831272129751675,True,plausible,False,Port militaire de Toulon,France,43.12,5.9,High,Critical,Critical,True,True,Base Navale,3.0,Port militaire de Toulon,7.208804852728273e-14,True,5,4,1,5,4,1,True,True,2,104,22,25,16,6,0,69,Alerte analyste,True,navire de combat; zone critique; zone militaire/sensible connue; zone sensible active; activité dense le même jour; co-présence potentielle à vérifier,v2.1-actionnable
DET-068-00185,IMG-068,satellite_068.jpg,2026-09-16 18:36:40+00:00,2026-09-16,Navire civil,civil,0.86,11.3,0.7628199999999999,83,Bonne,"0.5927743033598024,0.5633461006272902,0.11149172242686624,0.20157628471889166",0.5530994014615711,2.2474087183717613,True,plausible,False,Base navale de Yokosuka,Japan,35.4,139.7,High,,High,False,,,,Port de Busan,971.7284406546436,False,1,0,1,1,0,1,False,False,6,282,0,12,0,10,0,22,Veille,False,zone à risque élevé,v2.1-actionnable
DET-069-00186,IMG-069,satellite_069.jpg,2026-04-18 17:08:26+00:00,2026-04-18,Chalutier,civil,0.8,18.1,0.6552,76,Bonne,"0.23142999576821685,0.1802475556863355,0.2636653219191574,0.1629758609466999",1.6178182485895092,4.297108284156347,True,plausible,False,Mer de Chine Méridionale,International,15.0,110.0,Critical,,Critical,False,,,,Détroit de Malacca,1659.3897387122565,False,4,1,2,4,1,2,True,True,8,220,0,18,9,6,0,33,Veille,False,zone critique; activité dense le même jour; co-présence potentielle à vérifier,v2.1-actionnable
DET-069-00187,IMG-069,satellite_069.jpg,2026-04-18 17:08:26+00:00,2026-04-18,Navire civil,civil,0.9,18.1,0.7371,82,Bonne,"0.36545786074096676,0.12007060004905963,0.17425496610202124,0.026857305218512352",6.488177599512483,0.4680018810443498,True,plausible,False,Mer de Chine Méridionale,International,15.0,110.0,Critical,,Critical,False,,,,Détroit de Malacca,1659.3897387122565,False,4,1,2,4,1,2,True,True,8,220,0,18,9,6,0,33,Veille,False,zone critique; activité dense le même jour; co-présence potentielle à vérifier,v2.1-actionnable
DET-069-00188,IMG-069,satellite_069.jpg,2026-04-18 17:08:26+00:00,2026-04-18,Navire de soutien,soutien_ou_amphibie,0.99,18.1,0.8108099999999999,87,Bonne,"0.5345043498400103,0.3733557166164279,0.20318872957960238,0.04157277493181512",4.887543107547161,0.8447119323494247,True,plausible,False,Mer de Chine Méridionale,International,15.0,110.0,Critical,,Critical,False,,,,Détroit de Malacca,1659.3897387122565,False,4,1,2,4,1,2,True,True,8,220,16,18,9,10,0,53,À examiner,False,navire de soutien/amphibie; zone critique; activité dense le même jour; co-présence potentielle à vérifier,v2.1-actionnable
DET-069-00189,IMG-069,satellite_069.jpg,2026-04-18 17:08:26+00:00,2026-04-18,Porte-avions,combat_strategique,0.89,18.1,0.72891,78,Bonne,"0.17619716775696032,0.09105018219148749,0.11671306859073968,0.15554288464417426",0.7503594192542902,1.8153887364277002,True,a_verifier,True,Mer de Chine Méridionale,International,15.0,110.0,Critical,,Critical,False,,,,Détroit de Malacca,1659.3897387122565,False,4,1,2,4,1,2,True,True,8,220,30,18,9,6,5,68,Alerte analyste,True,navire de combat stratégique; zone critique; activité dense le même jour; co-présence potentielle à vérifier; classification/bbox à vérifier,v2.1-actionnable
DET-070-00190,IMG-070,satellite_070.jpg,2026-10-08 12:35:10+00:00,2026-10-08,Navire de guerre,combat,0.91,6.2,0.85358,78,Bonne,"0.3370364814651254,0.4338078266533149,0.025100436631307878,0.17991232809565363",0.13951482311964028,0.4515877990556012,True,plausible,False,Port de Rotterdam,Netherlands,51.9,4.5,Low,,Low,False,,,,Port militaire de Toulon,981.8884661006506,False,5,2,2,5,2,2,True,True,9,255,22,0,9,15,0,46,À examiner,False,navire de combat; activité dense le même jour; co-présence potentielle à vérifier,v2.1-actionnable
DET-070-00191,IMG-070,satellite_070.jpg,2026-10-08 12:35:10+00:00,2026-10-08,Destroyer,combat_strategique,0.81,6.2,0.75978,71,Moyenne,"0.35791156419089437,0.030481146533064597,0.26963197812680145,0.23738752204792443",1.135830458992564,6.400726715240154,True,plausible,False,Port de Rotterdam,Netherlands,51.9,4.5,Low,,Low,False,,,,Port militaire de Toulon,981.8884661006506,False,5,2,2,5,2,2,True,True,9,255,30,0,9,10,0,49,À examiner,False,navire de combat stratégique; activité dense le même jour; co-présence potentielle à vérifier,v2.1-actionnable
DET-070-00192,IMG-070,satellite_070.jpg,2026-10-08 12:35:10+00:00,2026-10-08,Chalutier,civil,0.95,6.2,0.8910999999999999,80,Bonne,"0.5821975427633271,0.10470957525421715,0.04140709674762483,0.13170064038015813",0.3144031542147547,0.5453341157945348,True,plausible,False,Port de Rotterdam,Netherlands,51.9,4.5,Low,,Low,False,,,,Port militaire de Toulon,981.8884661006506,False,5,2,2,5,2,2,True,True,9,255,0,0,9,15,0,24,Veille,False,activité dense le même jour; co-présence potentielle à vérifier,v2.1-actionnable
DET-070-00193,IMG-070,satellite_070.jpg,2026-10-08 12:35:10+00:00,2026-10-08,Navire de soutien,soutien_ou_amphibie,0.8,6.2,0.7504,71,Moyenne,"0.723673278123738,0.7160937693222476,0.21183037289889867,0.1555477636344295",1.3618348984865207,3.294974077427094,True,plausible,False,Port de Rotterdam,Netherlands,51.9,4.5,Low,,Low,False,,,,Port militaire de Toulon,981.8884661006506,False,5,2,2,5,2,2,True,True,9,255,16,0,9,10,0,35,Veille,False,navire de soutien/amphibie; activité dense le même jour; co-présence potentielle à vérifier,v2.1-actionnable
DET-070-00194,IMG-070,satellite_070.jpg,2026-10-08 12:35:10+00:00,2026-10-08,Cargo,civil,0.91,6.2,0.85358,78,Bonne,"0.058621132813479276,0.11362420868751749,0.20290069357559587,0.04588436143209333",4.422001031350939,0.9309968758845047,True,plausible,False,Port de Rotterdam,Netherlands,51.9,4.5,Low,,Low,False,,,,Port militaire de Toulon,981.8884661006506,False,5,2,2,5,2,2,True,True,9,255,0,0,9,15,0,24,Veille,False,activité dense le même jour; co-présence potentielle à vérifier,v2.1-actionnable
DET-073-00195,IMG-073,satellite_073.jpg,2026-06-29 00:59:57+00:00,2026-06-29,Navire civil,civil,0.95,46.8,0.5054,53,Moyenne,"0.38365076842785983,0.4237092925898934,0.23106265007204194,0.2398354433985384",0.9634216144111836,5.541701313286949,True,plausible,False,Port militaire de Toulon,France,43.12,5.9,High,Critical,Critical,True,True,Base Navale,3.0,Port militaire de Toulon,7.208804852728273e-14,True,5,3,1,5,3,1,True,True,2,104,0,25,16,3,10,54,À examiner,False,zone critique; zone militaire/sensible connue; zone sensible active; activité dense le même jour; co-présence potentielle à vérifier; navire civil en zone sensible,v2.1-actionnable
DET-073-00196,IMG-073,satellite_073.jpg,2026-06-29 00:59:57+00:00,2026-06-29,Navire de soutien,soutien_ou_amphibie,0.84,46.8,0.44688,49,Faible,"0.0033668467355748356,0.6991743383988887,0.24842202197338947,0.021101603770710953",11.772660726299867,0.52421030756013,True,plausible,False,Port militaire de Toulon,France,43.12,5.9,High,Critical,Critical,True,True,Base Navale,3.0,Port militaire de Toulon,7.208804852728273e-14,True,5,3,1,5,3,1,True,True,2,104,16,25,16,0,0,57,À examiner,False,navire de soutien/amphibie; zone critique; zone militaire/sensible connue; zone sensible active; activité dense le même jour; co-présence potentielle à vérifier; qualité observation faible,v2.1-actionnable
DET-073-00197,IMG-073,satellite_073.jpg,2026-06-29 00:59:57+00:00,2026-06-29,Sous-marin,combat_strategique,0.98,46.8,0.52136,51,Moyenne,"0.20878914855684905,0.7987281941869028,0.22081375662974628,0.1413696932200333",1.56195965061665,3.121637303351031,True,a_verifier,True,Port militaire de Toulon,France,43.12,5.9,High,Critical,Critical,True,True,Base Navale,3.0,Port militaire de Toulon,7.208804852728273e-14,True,5,3,1,5,3,1,True,True,2,104,30,25,16,3,0,74,Alerte analyste,True,navire de combat stratégique; zone critique; zone militaire/sensible connue; zone sensible active; activité dense le même jour; co-présence potentielle à vérifier; classification/bbox à vérifier,v2.1-actionnable
DET-073-00198,IMG-073,satellite_073.jpg,2026-06-29 00:59:57+00:00,2026-06-29,Destroyer,combat_strategique,0.75,46.8,0.399,46,Faible,"0.496493573114793,0.6323439849485565,0.05595307761698895,0.24142294680040527",0.2317637091193644,1.3508356880845256,True,plausible,False,Port militaire de Toulon,France,43.12,5.9,High,Critical,Critical,True,True,Base Navale,3.0,Port militaire de Toulon,7.208804852728273e-14,True,5,3,1,5,3,1,True,True,2,104,30,25,16,0,0,71,Alerte analyste,True,navire de combat stratégique; zone critique; zone militaire/sensible connue; zone sensible active; activité dense le même jour; co-présence potentielle à vérifier; qualité observation faible,v2.1-actionnable
DET-073-00199,IMG-073,satellite_073.jpg,2026-06-29 00:59:57+00:00,2026-06-29,Navire de guerre,combat,0.77,46.8,0.40964,47,Faible,"0.5905560074904572,0.20052303695315876,0.2354627861170886,0.2707679080462052",0.869611128645674,6.375576601965513,True,plausible,False,Port militaire de Toulon,France,43.12,5.9,High,Critical,Critical,True,True,Base Navale,3.0,Port militaire de Toulon,7.208804852728273e-14,True,5,3,1,5,3,1,True,True,2,104,22,25,16,0,0,63,Alerte analyste,True,navire de combat; zone critique; zone militaire/sensible connue; zone sensible active; activité dense le même jour; co-présence potentielle à vérifier; qualité observation faible,v2.1-actionnable
DET-075-00200,IMG-075,satellite_075.jpg,2026-05-24 17:20:02+00:00,2026-05-24,Frégate,combat,0.9,40.8,0.5328,67,Moyenne,"0.7372346965331997,0.11026612816784134,0.257701354624402,0.2848300497476859",0.9047547997575551,7.340108965771447,True,plausible,False,Mer de Chine Méridionale,International,15.0,110.0,Critical,,Critical,False,,,,Détroit de Malacca,1659.3897387122565,False,1,1,0,1,1,0,False,False,8,220,22,18,0,3,5,48,À examiner,False,navire de combat; zone critique,v2.1-actionnable
DET-077-00201,IMG-077,satellite_077.jpg,2026-11-19 19:07:51+00:00,2026-11-19,Frégate,combat,0.77,30.9,0.53207,65,Moyenne,"0.20288779907512994,0.4841064886328031,0.18913521756928317,0.26380727923820146",0.7169446503350875,4.989524715507784,True,plausible,False,Port de Rotterdam,Netherlands,51.9,4.5,Low,,Low,False,,,,Port militaire de Toulon,981.8884661006506,False,1,1,0,1,1,0,False,False,9,255,22,0,0,3,0,25,Veille,False,navire de combat,v2.1-actionnable
DET-078-00202,IMG-078,satellite_078.jpg,2026-04-30 04:31:41+00:00,2026-04-30,Croiseur,combat_strategique,0.88,32.1,0.59752,60,Moyenne,"0.625613344416472,0.15106464222922247,0.14860376978157167,0.15336685202127248",0.968943209194643,2.2790892369893525,True,plausible,False,Port de Singapour,Singapore,1.3,103.8,Low,Critical,Critical,True,False,Base Sous-marine,1.0,Port de Singapour,0.0,True,2,2,0,2,2,0,False,False,5,228,30,22,7,3,0,62,Alerte analyste,True,navire de combat stratégique; zone critique; zone militaire/sensible connue; base sous-marine,v2.1-actionnable
DET-078-00203,IMG-078,satellite_078.jpg,2026-04-30 04:31:41+00:00,2026-04-30,Sous-marin,combat_strategique,0.75,32.1,0.50925,54,Moyenne,"0.02224302843686612,0.23783000556389258,0.11113649573143823,0.027210532925129483",4.084318967115919,0.3024083276283802,True,plausible,False,Port de Singapour,Singapore,1.3,103.8,Low,Critical,Critical,True,False,Base Sous-marine,1.0,Port de Singapour,0.0,True,2,2,0,2,2,0,False,False,5,228,30,22,7,3,0,62,Alerte analyste,True,navire de combat stratégique; zone critique; zone militaire/sensible connue; base sous-marine,v2.1-actionnable
DET-079-00204,IMG-079,satellite_079.jpg,2026-05-17 15:07:23+00:00,2026-05-17,Navire civil,civil,0.91,41.3,0.53417,67,Moyenne,"0.4375590223739891,0.23037475973026453,0.09224816508832034,0.253908742577701",0.36331228358586576,2.3422615602675587,True,plausible,False,Golfe Persique,International,26.0,55.0,Critical,High,Critical,True,False,Base Sous-marine,1.0,Golfe Persique,0.0,True,1,0,1,1,0,1,False,False,2,13,0,22,7,3,7,39,Veille,False,zone critique; zone militaire/sensible connue; base sous-marine; navire civil en zone sensible,v2.1-actionnable
DET-080-00205,IMG-080,satellite_080.jpg,2026-05-10 18:25:00+00:00,2026-05-10,Sous-marin,combat_strategique,0.81,43.7,0.45603,59,Moyenne,"0.6892512753993596,0.6822881526185132,0.21382928115792887,0.2968897972038414",0.7202311536866856,6.348373191922066,True,a_verifier,True,Détroit de Malacca,International,3.0,101.0,Critical,High,Critical,True,False,Base Sous-marine,1.0,Détroit de Malacca,0.0,True,2,2,0,2,2,0,False,False,11,347,30,22,7,3,0,62,Alerte analyste,True,navire de combat stratégique; zone critique; zone militaire/sensible connue; base sous-marine; classification/bbox à vérifier,v2.1-actionnable
DET-080-00206,IMG-080,satellite_080.jpg,2026-05-10 18:25:00+00:00,2026-05-10,Navire de guerre,combat,0.84,43.7,0.47291999999999995,63,Moyenne,"0.22991543511052168,0.40903934227292793,0.20716399909774036,0.18553609374320812",1.116569800076024,3.843639915681622,True,plausible,False,Détroit de Malacca,International,3.0,101.0,Critical,High,Critical,True,False,Base Sous-marine,1.0,Détroit de Malacca,0.0,True,2,2,0,2,2,0,False,False,11,347,22,22,7,3,0,54,À examiner,False,navire de combat; zone critique; zone militaire/sensible connue; base sous-marine,v2.1-actionnable
DET-081-00207,IMG-081,satellite_081.jpg,2026-02-18 19:25:38+00:00,2026-02-18,Bâtiment de débarquement,soutien_ou_amphibie,0.86,23.3,0.65962,74,Moyenne,"0.7014205784380457,0.7930468616691804,0.11573945671784762,0.19745450489432334",0.5861575899713749,2.285327712296056,True,plausible,False,Base navale de Pearl Harbor,USA,21.4,-157.9,High,Critical,Critical,True,True,Base Sous-marine,4.0,Base navale de Pearl Harbor,0.0,True,1,0,0,1,0,0,False,False,2,75,16,25,10,6,0,57,À examiner,False,navire de soutien/amphibie; zone critique; zone militaire/sensible connue; zone sensible active; base sous-marine,v2.1-actionnable
DET-083-00208,IMG-083,satellite_083.jpg,2026-04-16 20:48:47+00:00,2026-04-16,Destroyer,combat_strategique,0.82,4.3,0.7847399999999999,83,Bonne,"0.585742952377722,0.09401741911592093,0.03109524442200889,0.19824918063187233",0.1568492960369373,0.6164606728211042,True,plausible,False,Mer de Chine Méridionale,International,15.0,110.0,Critical,,Critical,False,,,,Détroit de Malacca,1659.3897387122565,False,4,2,1,4,2,1,True,True,8,220,30,18,9,10,5,72,Alerte analyste,True,navire de combat stratégique; zone critique; activité dense le même jour; co-présence potentielle à vérifier,v2.1-actionnable
DET-083-00209,IMG-083,satellite_083.jpg,2026-04-16 20:48:47+00:00,2026-04-16,Croiseur,combat_strategique,0.83,4.3,0.79431,84,Bonne,"0.3391194543831979,0.7338718874640787,0.19457626097348718,0.1232055928333741",1.5792810740064067,2.397288358453979,True,plausible,False,Mer de Chine Méridionale,International,15.0,110.0,Critical,,Critical,False,,,,Détroit de Malacca,1659.3897387122565,False,4,2,1,4,2,1,True,True,8,220,30,18,9,10,5,72,Alerte analyste,True,navire de combat stratégique; zone critique; activité dense le même jour; co-présence potentielle à vérifier,v2.1-actionnable
DET-083-00210,IMG-083,satellite_083.jpg,2026-04-16 20:48:47+00:00,2026-04-16,Pétrolier,civil,0.98,4.3,0.9378599999999999,94,Bonne,"0.42181894460345887,0.5040554651665822,0.2645610933445882,0.045220513256319345",5.850466398844276,1.196358842869528,True,plausible,False,Mer de Chine Méridionale,International,15.0,110.0,Critical,,Critical,False,,,,Détroit de Malacca,1659.3897387122565,False,4,2,1,4,2,1,True,True,8,220,0,18,9,15,0,42,À examiner,False,zone critique; activité dense le même jour; co-présence potentielle à vérifier,v2.1-actionnable
DET-083-00211,IMG-083,satellite_083.jpg,2026-04-16 20:48:47+00:00,2026-04-16,Bâtiment de débarquement,soutien_ou_amphibie,0.95,4.3,0.9091499999999999,92,Bonne,"0.4865917385255573,0.37286506647336054,0.07040149483165731,0.23455950687330712",0.30014342957193946,1.6513339910857214,True,plausible,False,Mer de Chine Méridionale,International,15.0,110.0,Critical,,Critical,False,,,,Détroit de Malacca,1659.3897387122565,False,4,2,1,4,2,1,True,True,8,220,16,18,9,15,0,58,À examiner,False,navire de soutien/amphibie; zone critique; activité dense le même jour; co-présence potentielle à vérifier,v2.1-actionnable
DET-084-00212,IMG-084,satellite_084.jpg,2026-12-10 05:15:09+00:00,2026-12-10,Navire de guerre,combat,0.88,3.9,0.84568,77,Bonne,"0.5630425963760133,0.6059369759733428,0.1356065159199491,0.25945300852578196",0.5226631084005097,3.518351853113013,True,plausible,False,Base navale de Yokosuka,Japan,35.4,139.7,High,,High,False,,,,Port de Busan,971.7284406546436,False,2,1,0,2,1,0,False,False,6,282,22,12,0,10,5,49,À examiner,False,navire de combat; zone à risque élevé,v2.1-actionnable
DET-084-00213,IMG-084,satellite_084.jpg,2026-12-10 05:15:09+00:00,2026-12-10,Bâtiment de débarquement,soutien_ou_amphibie,0.87,3.9,0.83607,77,Bonne,"0.12807591130087365,0.39257797195330063,0.15607656899407985,0.2160947923335807",0.7222597421651322,3.372733376491345,True,plausible,False,Base navale de Yokosuka,Japan,35.4,139.7,High,,High,False,,,,Port de Busan,971.7284406546436,False,2,1,0,2,1,0,False,False,6,282,16,12,0,10,0,38,Veille,False,navire de soutien/amphibie; zone à risque élevé,v2.1-actionnable
DET-085-00214,IMG-085,satellite_085.jpg,2026-05-05 06:59:15+00:00,2026-05-05,Corvette,combat,0.9,43.1,0.5121,54,Moyenne,"0.6181083391142486,0.6409672884201422,0.2526191175933068,0.1542236766832457",1.6380047670122135,3.8959849115716967,True,plausible,False,Base navale de Pearl Harbor,USA,21.4,-157.9,High,Critical,Critical,True,True,Base Sous-marine,4.0,Base navale de Pearl Harbor,0.0,True,5,3,1,5,3,1,True,True,2,75,22,25,19,3,0,69,Alerte analyste,True,navire de combat; zone critique; zone militaire/sensible connue; zone sensible active; base sous-marine; activité dense le même jour; co-présence potentielle à vérifier,v2.1-actionnable
DET-085-00215,IMG-085,satellite_085.jpg,2026-05-05 06:59:15+00:00,2026-05-05,Bâtiment de débarquement,soutien_ou_amphibie,0.84,43.1,0.47795999999999994,51,Moyenne,"0.48840774803421844,0.24260357598253368,0.12446935820787106,0.1412922108459593",0.8809357392218241,1.7586550803767746,True,plausible,False,Base navale de Pearl Harbor,USA,21.4,-157.9,High,Critical,Critical,True,True,Base Sous-marine,4.0,Base navale de Pearl Harbor,0.0,True,5,3,1,5,3,1,True,True,2,75,16,25,19,3,0,63,Alerte analyste,True,navire de soutien/amphibie; zone critique; zone militaire/sensible connue; zone sensible active; base sous-marine; activité dense le même jour; co-présence potentielle à vérifier,v2.1-actionnable
DET-085-00216,IMG-085,satellite_085.jpg,2026-05-05 06:59:15+00:00,2026-05-05,Cargo,civil,0.77,43.1,0.43812999999999996,49,Faible,"0.2678929491858799,0.6452259856329549,0.06418839608805971,0.13582306242537515",0.4725883435541483,0.8718264528853233,True,plausible,False,Base navale de Pearl Harbor,USA,21.4,-157.9,High,Critical,Critical,True,True,Base Sous-marine,4.0,Base navale de Pearl Harbor,0.0,True,5,3,1,5,3,1,True,True,2,75,0,25,19,0,10,54,À examiner,False,zone critique; zone militaire/sensible connue; zone sensible active; base sous-marine; activité dense le même jour; co-présence potentielle à vérifier; navire civil en zone sensible; qualité observation faible,v2.1-actionnable
DET-085-00217,IMG-085,satellite_085.jpg,2026-05-05 06:59:15+00:00,2026-05-05,Porte-avions,combat_strategique,0.74,43.1,0.42105999999999993,47,Faible,"0.20846428403782166,0.35945450947486796,0.23078680848989788,0.11199787985716338",2.060635511888548,2.5847633249869726,True,plausible,False,Base navale de Pearl Harbor,USA,21.4,-157.9,High,Critical,Critical,True,True,Base Sous-marine,4.0,Base navale de Pearl Harbor,0.0,True,5,3,1,5,3,1,True,True,2,75,30,25,19,0,0,74,Alerte analyste,True,navire de combat stratégique; zone critique; zone militaire/sensible connue; zone sensible active; base sous-marine; activité dense le même jour; co-présence potentielle à vérifier; qualité observation faible,v2.1-actionnable
DET-085-00218,IMG-085,satellite_085.jpg,2026-05-05 06:59:15+00:00,2026-05-05,Croiseur,combat_strategique,0.8,43.1,0.4552,50,Moyenne,"0.551325712351104,0.17576108810409902,0.09884571632063065,0.12777730654243724",0.7735780241055724,1.2630239394708005,True,plausible,False,Base navale de Pearl Harbor,USA,21.4,-157.9,High,Critical,Critical,True,True,Base Sous-marine,4.0,Base navale de Pearl Harbor,0.0,True,5,3,1,5,3,1,True,True,2,75,30,25,19,3,0,77,Alerte analyste,True,navire de combat stratégique; zone critique; zone militaire/sensible connue; zone sensible active; base sous-marine; activité dense le même jour; co-présence potentielle à vérifier,v2.1-actionnable
DET-086-00219,IMG-086,satellite_086.jpg,2026-06-11 18:05:05+00:00,2026-06-11,Pétrolier,civil,0.73,19.4,0.58838,59,Moyenne,"0.10748849669603411,0.12706855922458785,0.22628269877156154,0.23328298185344395",0.9699923113710875,5.278790271127449,True,plausible,False,Détroit de Malacca,International,3.0,101.0,Critical,High,Critical,True,False,Base Sous-marine,1.0,Détroit de Malacca,0.0,True,3,2,1,3,2,1,True,False,11,347,0,22,14,3,7,46,À examiner,False,zone critique; zone militaire/sensible connue; base sous-marine; co-présence potentielle à vérifier; navire civil en zone sensible,v2.1-actionnable
DET-086-00220,IMG-086,satellite_086.jpg,2026-06-11 18:05:05+00:00,2026-06-11,Sous-marin,combat_strategique,0.83,19.4,0.66898,62,Moyenne,"0.0034373742936605113,0.6237666864413267,0.17459106147265993,0.11247110770854729",1.5523192136160666,1.9636450079841117,True,a_verifier,True,Détroit de Malacca,International,3.0,101.0,Critical,High,Critical,True,False,Base Sous-marine,1.0,Détroit de Malacca,0.0,True,3,2,1,3,2,1,True,False,11,347,30,22,14,6,0,72,Alerte analyste,True,navire de combat stratégique; zone critique; zone militaire/sensible connue; base sous-marine; co-présence potentielle à vérifier; classification/bbox à vérifier,v2.1-actionnable
DET-086-00221,IMG-086,satellite_086.jpg,2026-06-11 18:05:05+00:00,2026-06-11,Croiseur,combat_strategique,0.89,19.4,0.7173400000000001,68,Moyenne,"0.7350971347670829,0.6701129043484335,0.23366146790518463,0.2683259590041129",0.8708120107812717,6.269743745796739,True,plausible,False,Détroit de Malacca,International,3.0,101.0,Critical,High,Critical,True,False,Base Sous-marine,1.0,Détroit de Malacca,0.0,True,3,2,1,3,2,1,True,False,11,347,30,22,14,6,0,72,Alerte analyste,True,navire de combat stratégique; zone critique; zone militaire/sensible connue; base sous-marine; co-présence potentielle à vérifier,v2.1-actionnable
DET-087-00222,IMG-087,satellite_087.jpg,2026-07-03 22:36:58+00:00,2026-07-03,Croiseur,combat_strategique,0.91,11.5,0.80535,74,Moyenne,"0.10130585695889814,0.2085654838479216,0.21229038009072798,0.07965780705431597",2.665029178445428,1.6910586136754588,True,plausible,False,Port de Singapour,Singapore,1.3,103.8,Low,Critical,Critical,True,False,Base Sous-marine,1.0,Port de Singapour,0.0,True,2,2,0,2,2,0,False,False,5,228,30,22,7,10,0,69,Alerte analyste,True,navire de combat stratégique; zone critique; zone militaire/sensible connue; base sous-marine,v2.1-actionnable
DET-087-00223,IMG-087,satellite_087.jpg,2026-07-03 22:36:58+00:00,2026-07-03,Corvette,combat,0.73,11.5,0.64605,63,Moyenne,"0.03379304303849828,0.08255270655664448,0.28201065597322716,0.1261570715919966",2.2353931683296766,3.557763851532034,True,plausible,False,Port de Singapour,Singapore,1.3,103.8,Low,Critical,Critical,True,False,Base Sous-marine,1.0,Port de Singapour,0.0,True,2,2,0,2,2,0,False,False,5,228,22,22,7,6,0,57,À examiner,False,navire de combat; zone critique; zone militaire/sensible connue; base sous-marine,v2.1-actionnable
DET-088-00224,IMG-088,satellite_088.jpg,2026-02-10 17:03:44+00:00,2026-02-10,Frégate,combat,0.97,16.5,0.80995,70,Moyenne,"0.7357783294056279,0.5778059778290113,0.2810844285982065,0.03288936268755211",8.546362885425895,0.9244687717989755,False,bbox_hors_image,True,Base navale de Norfolk,USA,36.9,-76.3,High,,High,False,,,,Base navale de Rota,6076.454469459371,False,3,2,1,3,2,1,True,False,9,306,22,12,7,10,5,56,À examiner,True,navire de combat; zone à risque élevé; co-présence potentielle à vérifier; classification/bbox à vérifier,v2.1-actionnable
DET-088-00225,IMG-088,satellite_088.jpg,2026-02-10 17:03:44+00:00,2026-02-10,Destroyer,combat_strategique,0.79,16.5,0.65965,64,Moyenne,"0.3191471688268993,0.4834957965859208,0.27269219744228934,0.18707196994979997",1.457686031293011,5.1013066565468845,True,plausible,False,Base navale de Norfolk,USA,36.9,-76.3,High,,High,False,,,,Base navale de Rota,6076.454469459371,False,3,2,1,3,2,1,True,False,9,306,30,12,7,6,5,60,Alerte analyste,True,navire de combat stratégique; zone à risque élevé; co-présence potentielle à vérifier,v2.1-actionnable
DET-088-00226,IMG-088,satellite_088.jpg,2026-02-10 17:03:44+00:00,2026-02-10,Cargo,civil,0.8,16.5,0.668,65,Moyenne,"0.43531635295253956,0.410490126019376,0.22427484012625393,0.29695100431079774",0.7552587358536805,6.659863901713468,True,plausible,False,Base navale de Norfolk,USA,36.9,-76.3,High,,High,False,,,,Base navale de Rota,6076.454469459371,False,3,2,1,3,2,1,True,False,9,306,0,12,7,6,0,25,Veille,False,zone à risque élevé; co-présence potentielle à vérifier,v2.1-actionnable
DET-089-00227,IMG-089,satellite_089.jpg,2026-03-29 18:55:56+00:00,2026-03-29,Navire civil,civil,0.82,49.7,0.4124599999999999,57,Moyenne,"0.5530761192585337,0.662482727288524,0.1980326736011135,0.2882790154665064",0.6869479323031816,5.708866417592902,True,plausible,False,Port de Rotterdam,Netherlands,51.9,4.5,Low,,Low,False,,,,Port militaire de Toulon,981.8884661006506,False,2,0,1,5,1,2,True,True,9,255,0,0,9,0,0,9,Veille,False,activité dense le même jour; co-présence potentielle à vérifier,v2.1-actionnable
DET-089-00228,IMG-089,satellite_089.jpg,2026-03-29 18:55:56+00:00,2026-03-29,Navire de soutien,soutien_ou_amphibie,0.84,49.7,0.4225199999999999,58,Moyenne,"0.5520672471673165,0.6350145969440297,0.13693829488649,0.1950078488990614",0.7022194012168764,2.6704042317719754,True,plausible,False,Port de Rotterdam,Netherlands,51.9,4.5,Low,,Low,False,,,,Port militaire de Toulon,981.8884661006506,False,2,0,1,5,1,2,True,True,9,255,16,0,9,0,0,25,Veille,False,navire de soutien/amphibie; activité dense le même jour; co-présence potentielle à vérifier,v2.1-actionnable
DET-090-00229,IMG-090,satellite_090.jpg,2026-08-16 00:20:55+00:00,2026-08-16,Bâtiment de débarquement,soutien_ou_amphibie,0.71,44.0,0.3976,46,Faible,"0.21179265133215397,0.22399786438687067,0.28758809512546035,0.2321485203329295",1.2388108040190118,6.676315074874138,True,plausible,False,Base navale de Norfolk,USA,36.9,-76.3,High,,High,False,,,,Base navale de Rota,6076.454469459371,False,4,2,1,4,2,1,True,True,9,306,16,12,9,0,0,37,Veille,False,navire de soutien/amphibie; zone à risque élevé; activité dense le même jour; co-présence potentielle à vérifier; qualité observation faible,v2.1-actionnable
DET-090-00230,IMG-090,satellite_090.jpg,2026-08-16 00:20:55+00:00,2026-08-16,Cargo,civil,0.72,44.0,0.4032,46,Faible,"0.41473349004892274,0.03738119066997703,0.0977244190507257,0.140985735583229",0.6931511095534585,1.377774910431028,True,plausible,False,Base navale de Norfolk,USA,36.9,-76.3,High,,High,False,,,,Base navale de Rota,6076.454469459371,False,4,2,1,4,2,1,True,True,9,306,0,12,9,0,0,21,Veille,False,zone à risque élevé; activité dense le même jour; co-présence potentielle à vérifier; qualité observation faible,v2.1-actionnable
DET-090-00231,IMG-090,satellite_090.jpg,2026-08-16 00:20:55+00:00,2026-08-16,Corvette,combat,0.95,44.0,0.532,55,Moyenne,"0.4765458247099379,0.5977509305529317,0.24772650369197496,0.29683740379078655",0.8345528579901428,7.353449220609452,True,plausible,False,Base navale de Norfolk,USA,36.9,-76.3,High,,High,False,,,,Base navale de Rota,6076.454469459371,False,4,2,1,4,2,1,True,True,9,306,22,12,9,3,5,51,À examiner,False,navire de combat; zone à risque élevé; activité dense le même jour; co-présence potentielle à vérifier,v2.1-actionnable
DET-090-00232,IMG-090,satellite_090.jpg,2026-08-16 00:20:55+00:00,2026-08-16,Sous-marin,combat_strategique,0.98,44.0,0.5488000000000001,53,Moyenne,"0.5743344570997965,0.21889462032697163,0.13280059863748403,0.23554651373303082",0.5637977677224323,3.1280718030718835,True,a_verifier,True,Base navale de Norfolk,USA,36.9,-76.3,High,,High,False,,,,Base navale de Rota,6076.454469459371,False,4,2,1,4,2,1,True,True,9,306,30,12,9,3,5,59,À examiner,True,navire de combat stratégique; zone à risque élevé; activité dense le même jour; co-présence potentielle à vérifier; classification/bbox à vérifier,v2.1-actionnable
DET-091-00233,IMG-091,satellite_091.jpg,2026-11-19 17:22:24+00:00,2026-11-19,Chalutier,civil,0.97,2.5,0.94575,79,Bonne,"0.7730450316484072,0.1986904968049605,0.2480544795326051,0.09954394669802102",2.49190922965019,2.4692321888798983,False,bbox_hors_image,True,Détroit de Malacca,International,3.0,101.0,Critical,High,Critical,True,False,Base Sous-marine,1.0,Détroit de Malacca,0.0,True,4,1,2,4,1,2,True,True,11,347,0,22,16,15,7,60,Alerte analyste,True,zone critique; zone militaire/sensible connue; base sous-marine; activité dense le même jour; co-présence potentielle à vérifier; navire civil en zone sensible; classification/bbox à vérifier,v2.1-actionnable
DET-091-00234,IMG-091,satellite_091.jpg,2026-11-19 17:22:24+00:00,2026-11-19,Bâtiment de débarquement,soutien_ou_amphibie,0.76,2.5,0.741,70,Moyenne,"0.2966042565081649,0.7161286059300974,0.18490879432605267,0.1113342587312741",1.6608436292045945,2.058668354918469,True,plausible,False,Détroit de Malacca,International,3.0,101.0,Critical,High,Critical,True,False,Base Sous-marine,1.0,Détroit de Malacca,0.0,True,4,1,2,4,1,2,True,True,11,347,16,22,16,6,0,60,Alerte analyste,True,navire de soutien/amphibie; zone critique; zone militaire/sensible connue; base sous-marine; activité dense le même jour; co-présence potentielle à vérifier,v2.1-actionnable
DET-091-00235,IMG-091,satellite_091.jpg,2026-11-19 17:22:24+00:00,2026-11-19,Pétrolier,civil,0.74,2.5,0.7215,69,Moyenne,"0.10485587052551076,0.6306480908059066,0.1319720622262479,0.06294224209847384",2.096716891968612,0.8306617490879344,True,plausible,False,Détroit de Malacca,International,3.0,101.0,Critical,High,Critical,True,False,Base Sous-marine,1.0,Détroit de Malacca,0.0,True,4,1,2,4,1,2,True,True,11,347,0,22,16,6,7,51,À examiner,True,zone critique; zone militaire/sensible connue; base sous-marine; activité dense le même jour; co-présence potentielle à vérifier; navire civil en zone sensible,v2.1-actionnable
DET-091-00236,IMG-091,satellite_091.jpg,2026-11-19 17:22:24+00:00,2026-11-19,Destroyer,combat_strategique,0.8,2.5,0.78,73,Moyenne,"0.6769883488430862,0.4679847348890591,0.20095165648028807,0.281479721430403",0.713911664609822,5.656381628704951,True,plausible,False,Détroit de Malacca,International,3.0,101.0,Critical,High,Critical,True,False,Base Sous-marine,1.0,Détroit de Malacca,0.0,True,4,1,2,4,1,2,True,True,11,347,30,22,16,10,0,78,Alerte analyste,True,navire de combat stratégique; zone critique; zone militaire/sensible connue; base sous-marine; activité dense le même jour; co-présence potentielle à vérifier,v2.1-actionnable
DET-092-00237,IMG-092,satellite_092.jpg,2026-01-17 08:57:22+00:00,2026-01-17,Cargo,civil,0.72,33.4,0.47952,62,Moyenne,"0.5111244443929567,0.44337869949869635,0.033982904402605346,0.1308772462216532",0.25965479396664554,0.4447588946826676,True,plausible,False,Port de Busan,South Korea,35.1,129.0,Medium,High,High,True,False,Base Sous-marine,1.0,Port de Busan,0.0,True,1,0,1,1,0,1,False,False,3,153,0,16,7,3,7,33,Veille,False,zone à risque élevé; zone militaire/sensible connue; base sous-marine; navire civil en zone sensible,v2.1-actionnable
DET-093-00238,IMG-093,satellite_093.jpg,2026-08-26 03:30:21+00:00,2026-08-26,Chalutier,civil,0.78,43.9,0.43757999999999997,49,Faible,"0.3441662550981172,0.6879442004805747,0.1085204698239626,0.13714964524181744",0.791255928023898,1.488354393783182,True,plausible,False,Mer Baltique,International,55.0,20.0,Medium,,Medium,False,,,,Port militaire de Toulon,1666.9047507944083,False,2,1,1,2,1,1,True,False,8,269,0,6,4,0,0,10,Veille,False,co-présence potentielle à vérifier; qualité observation faible,v2.1-actionnable
DET-093-00239,IMG-093,satellite_093.jpg,2026-08-26 03:30:21+00:00,2026-08-26,Navire de guerre,combat,0.95,43.9,0.5329499999999999,55,Moyenne,"0.040684317885415135,0.7860105216115326,0.03943937835935639,0.04692849369022119",0.8404143252433995,0.18508306184832946,True,plausible,False,Mer Baltique,International,55.0,20.0,Medium,,Medium,False,,,,Port militaire de Toulon,1666.9047507944083,False,2,1,1,2,1,1,True,False,8,269,22,6,4,3,0,35,Veille,False,navire de combat; co-présence potentielle à vérifier,v2.1-actionnable
DET-095-00240,IMG-095,satellite_095.jpg,2026-10-03 00:56:44+00:00,2026-10-03,Navire de soutien,soutien_ou_amphibie,0.72,40.9,0.42551999999999995,60,Moyenne,"0.293208922522384,0.36483115207985845,0.11726826608248175,0.09961162088190227",1.1772548729180194,1.1681282062486198,True,plausible,False,Détroit de Malacca,International,3.0,101.0,Critical,High,Critical,True,False,Base Sous-marine,1.0,Détroit de Malacca,0.0,True,2,1,0,2,1,0,False,False,11,347,16,22,7,0,0,45,À examiner,False,navire de soutien/amphibie; zone critique; zone militaire/sensible connue; base sous-marine,v2.1-actionnable
DET-095-00241,IMG-095,satellite_095.jpg,2026-10-03 00:56:44+00:00,2026-10-03,Croiseur,combat_strategique,0.92,40.9,0.54372,68,Moyenne,"0.7940425021708499,0.33013717237215845,0.09003553226558528,0.046649071310351065",1.9300605507575697,0.4200073965122692,True,plausible,False,Détroit de Malacca,International,3.0,101.0,Critical,High,Critical,True,False,Base Sous-marine,1.0,Détroit de Malacca,0.0,True,2,1,0,2,1,0,False,False,11,347,30,22,7,3,0,62,Alerte analyste,True,navire de combat stratégique; zone critique; zone militaire/sensible connue; base sous-marine,v2.1-actionnable
DET-096-00242,IMG-096,satellite_096.jpg,2026-03-13 20:51:40+00:00,2026-03-13,Croiseur,combat_strategique,0.97,35.9,0.62177,62,Moyenne,"0.700968714613206,0.17838683821458556,0.26663113946130074,0.13419633443185094",1.9868734909201589,3.5780921561094177,True,plausible,False,Base navale de Rota,Spain,36.6,-6.4,High,High,High,True,False,Base Sous-marine,1.0,Base navale de Rota,0.0,True,1,1,0,1,1,0,False,False,6,257,30,16,7,6,0,59,À examiner,False,navire de combat stratégique; zone à risque élevé; zone militaire/sensible connue; base sous-marine,v2.1-actionnable
DET-097-00243,IMG-097,satellite_097.jpg,2026-10-18 19:57:16+00:00,2026-10-18,Navire de guerre,combat,0.97,15.8,0.8167399999999999,75,Bonne,"0.17078880473874858,0.3440136191217101,0.09552387614868389,0.20942872602879217",0.45611639797470405,2.0005443687150968,True,plausible,False,Port de Rotterdam,Netherlands,51.9,4.5,Low,,Low,False,,,,Port militaire de Toulon,981.8884661006506,False,4,2,1,4,2,1,True,True,9,255,22,0,9,10,0,41,À examiner,False,navire de combat; activité dense le même jour; co-présence potentielle à vérifier,v2.1-actionnable
DET-097-00244,IMG-097,satellite_097.jpg,2026-10-18 19:57:16+00:00,2026-10-18,Navire de soutien,soutien_ou_amphibie,0.95,15.8,0.7998999999999999,74,Moyenne,"0.3420075605806185,0.3750381978603934,0.1026491389393471,0.07219538923412663",1.4218240254437893,0.7410794540274106,True,plausible,False,Port de Rotterdam,Netherlands,51.9,4.5,Low,,Low,False,,,,Port militaire de Toulon,981.8884661006506,False,4,2,1,4,2,1,True,True,9,255,16,0,9,10,0,35,Veille,False,navire de soutien/amphibie; activité dense le même jour; co-présence potentielle à vérifier,v2.1-actionnable
DET-097-00245,IMG-097,satellite_097.jpg,2026-10-18 19:57:16+00:00,2026-10-18,Pétrolier,civil,0.82,15.8,0.6904399999999999,66,Moyenne,"0.39253128846406987,0.3757915554949549,0.2819364162598869,0.2643901933104838",1.0663648780981747,7.454122359621652,True,plausible,False,Port de Rotterdam,Netherlands,51.9,4.5,Low,,Low,False,,,,Port militaire de Toulon,981.8884661006506,False,4,2,1,4,2,1,True,True,9,255,0,0,9,6,0,15,Veille,False,activité dense le même jour; co-présence potentielle à vérifier,v2.1-actionnable
DET-097-00246,IMG-097,satellite_097.jpg,2026-10-18 19:57:16+00:00,2026-10-18,Croiseur,combat_strategique,0.94,15.8,0.79148,73,Moyenne,"0.31884787007304516,0.5894787502913726,0.2238722866145344,0.22007264218837122",1.0172654101317642,4.9268165628012905,True,plausible,False,Port de Rotterdam,Netherlands,51.9,4.5,Low,,Low,False,,,,Port militaire de Toulon,981.8884661006506,False,4,2,1,4,2,1,True,True,9,255,30,0,9,10,0,49,À examiner,False,navire de combat stratégique; activité dense le même jour; co-présence potentielle à vérifier,v2.1-actionnable
DET-098-00247,IMG-098,satellite_098.jpg,2026-04-20 05:53:49+00:00,2026-04-20,Navire de soutien,soutien_ou_amphibie,0.78,45.3,0.42666000000000004,48,Faible,"0.7346732484447891,0.4406624961066383,0.07698022262416612,0.23817272400854614",0.32321174871982356,1.8334589317181949,True,plausible,False,Port de Shanghai,China,31.2,121.5,Medium,Critical,Critical,True,True,Base Sous-marine,5.0,Port de Shanghai,0.0,True,5,0,3,5,0,3,False,True,5,114,16,25,16,0,0,57,À examiner,False,navire de soutien/amphibie; zone critique; zone militaire/sensible connue; zone sensible active; base sous-marine; activité dense le même jour; qualité observation faible,v2.1-actionnable
DET-098-00248,IMG-098,satellite_098.jpg,2026-04-20 05:53:49+00:00,2026-04-20,Bâtiment de débarquement,soutien_ou_amphibie,0.89,45.3,0.48683000000000004,52,Moyenne,"0.738146295722887,0.7469940647304658,0.20130546727616025,0.16007287029441994",1.257586416148481,3.2223543952854388,True,plausible,False,Port de Shanghai,China,31.2,121.5,Medium,Critical,Critical,True,True,Base Sous-marine,5.0,Port de Shanghai,0.0,True,5,0,3,5,0,3,False,True,5,114,16,25,16,3,0,60,Alerte analyste,True,navire de soutien/amphibie; zone critique; zone militaire/sensible connue; zone sensible active; base sous-marine; activité dense le même jour,v2.1-actionnable
DET-098-00249,IMG-098,satellite_098.jpg,2026-04-20 05:53:49+00:00,2026-04-20,Pétrolier,civil,0.84,45.3,0.45948,50,Moyenne,"0.2620551886431494,0.0011380567833149337,0.027541199119567407,0.21955839063724558",0.1254390644767978,0.6046901354912141,True,plausible,False,Port de Shanghai,China,31.2,121.5,Medium,Critical,Critical,True,True,Base Sous-marine,5.0,Port de Shanghai,0.0,True,5,0,3,5,0,3,False,True,5,114,0,25,16,3,10,54,À examiner,False,zone critique; zone militaire/sensible connue; zone sensible active; base sous-marine; activité dense le même jour; navire civil en zone sensible,v2.1-actionnable
DET-098-00250,IMG-098,satellite_098.jpg,2026-04-20 05:53:49+00:00,2026-04-20,Navire civil,civil,0.89,45.3,0.48683000000000004,52,Moyenne,"0.4666735355605913,0.5060548983206917,0.22594931594124026,0.14479834900471805",1.5604412446296474,3.2717087907036992,True,plausible,False,Port de Shanghai,China,31.2,121.5,Medium,Critical,Critical,True,True,Base Sous-marine,5.0,Port de Shanghai,0.0,True,5,0,3,5,0,3,False,True,5,114,0,25,16,3,10,54,À examiner,False,zone critique; zone militaire/sensible connue; zone sensible active; base sous-marine; activité dense le même jour; navire civil en zone sensible,v2.1-actionnable
DET-098-00251,IMG-098,satellite_098.jpg,2026-04-20 05:53:49+00:00,2026-04-20,Cargo,civil,0.81,45.3,0.4430700000000001,49,Faible,"0.4821861953945854,0.6580260789073002,0.04467216456383861,0.2032474018792138",0.2197920571225134,0.9079501383920878,True,plausible,False,Port de Shanghai,China,31.2,121.5,Medium,Critical,Critical,True,True,Base Sous-marine,5.0,Port de Shanghai,0.0,True,5,0,3,5,0,3,False,True,5,114,0,25,16,0,10,51,À examiner,False,zone critique; zone militaire/sensible connue; zone sensible active; base sous-marine; activité dense le même jour; navire civil en zone sensible; qualité observation faible,v2.1-actionnable
DET-099-00252,IMG-099,satellite_099.jpg,2026-04-28 20:53:55+00:00,2026-04-28,Navire de soutien,soutien_ou_amphibie,0.8,47.5,0.42000000000000004,47,Faible,"0.5035391039487441,0.24944555504996055,0.05041607811266438,0.2440150907916329",0.20661049260971787,1.2302283878019835,True,plausible,False,Mer de Chine Méridionale,International,15.0,110.0,Critical,,Critical,False,,,,Détroit de Malacca,1659.3897387122565,False,5,2,1,5,2,1,True,True,8,220,16,18,9,0,0,43,À examiner,False,navire de soutien/amphibie; zone critique; activité dense le même jour; co-présence potentielle à vérifier; qualité observation faible,v2.1-actionnable
DET-099-00253,IMG-099,satellite_099.jpg,2026-04-28 20:53:55+00:00,2026-04-28,Cargo,civil,0.86,47.5,0.4515,50,Moyenne,"0.7824461722758872,0.1098750022666394,0.1677335758489007,0.27028958921030855",0.6205698722579713,4.533663931297549,True,plausible,False,Mer de Chine Méridionale,International,15.0,110.0,Critical,,Critical,False,,,,Détroit de Malacca,1659.3897387122565,False,5,2,1,5,2,1,True,True,8,220,0,18,9,3,0,30,Veille,False,zone critique; activité dense le même jour; co-présence potentielle à vérifier,v2.1-actionnable
DET-099-00254,IMG-099,satellite_099.jpg,2026-04-28 20:53:55+00:00,2026-04-28,Corvette,combat,0.98,47.5,0.5145,54,Moyenne,"0.11346491758308241,0.17915213122954407,0.23988968941328362,0.0824672622514217",2.908908127469067,1.978304592825736,True,plausible,False,Mer de Chine Méridionale,International,15.0,110.0,Critical,,Critical,False,,,,Détroit de Malacca,1659.3897387122565,False,5,2,1,5,2,1,True,True,8,220,22,18,9,3,5,57,À examiner,False,navire de combat; zone critique; activité dense le même jour; co-présence potentielle à vérifier,v2.1-actionnable
DET-099-00255,IMG-099,satellite_099.jpg,2026-04-28 20:53:55+00:00,2026-04-28,Bâtiment de débarquement,soutien_ou_amphibie,0.91,47.5,0.47775000000000006,51,Moyenne,"0.614018009602666,0.379968599802588,0.09401464720998606,0.21344296521711362",0.44046730288981206,2.0066765074340247,True,plausible,False,Mer de Chine Méridionale,International,15.0,110.0,Critical,,Critical,False,,,,Détroit de Malacca,1659.3897387122565,False,5,2,1,5,2,1,True,True,8,220,16,18,9,3,0,46,À examiner,False,navire de soutien/amphibie; zone critique; activité dense le même jour; co-présence potentielle à vérifier,v2.1-actionnable
DET-099-00256,IMG-099,satellite_099.jpg,2026-04-28 20:53:55+00:00,2026-04-28,Navire de guerre,combat,0.93,47.5,0.4882500000000001,52,Moyenne,"0.4162291407798135,0.16495241523323456,0.06258959918152018,0.12079708990636713",0.5181383030835833,0.7560641439533564,True,plausible,False,Mer de Chine Méridionale,International,15.0,110.0,Critical,,Critical,False,,,,Détroit de Malacca,1659.3897387122565,False,5,2,1,5,2,1,True,True,8,220,22,18,9,3,5,57,À examiner,False,navire de combat; zone critique; activité dense le même jour; co-présence potentielle à vérifier,v2.1-actionnable
