priority_score,priority_label,detection_id,image_id,file_name,timestamp,category,confidence,is_military,zone_id,zone_name,risk_level,image_latitude,image_longitude,nearest_active_military_zone_id,nearest_active_military_zone_name,nearest_active_military_zone_risk_level,nearest_active_military_zone_distance_km,near_active_military_zone_25km,bbox,date,time,coordinates,country,resolution,source,num_ships,ship_types,cloud_cover,url,bbox_x,bbox_y,bbox_width,bbox_height,bbox_area,bbox_aspect_ratio,score_military,score_risk_level,score_confidence,score_strategic_type,score_active_zone_25km
100,Critique,DET-024-00079,IMG-024,satellite_024.jpg,2026-10-15T16:55:22Z,Destroyer,0.94,True,ZONE-012,Détroit d'Ormuz,Critical,25.0,56.0,MIL-011,Zone militaire 12 - Détroit d'Ormuz,High,0.0,True,"0.32678184216185474,0.4546155876801846,0.023174988896650546,0.17212524455103595",2026-10-15,16:55:22,"25.0,56.0",International,0.5m,Sentinel-2,3,"Porte-avions, Navire de soutien, Destroyer",25.9,https://example.com/satellite_images/satellite_024.jpg,0.32678184216185474,0.4546155876801846,0.023174988896650546,0.17212524455103595,0.003989000631303518,0.1346402670747059,35,25,15,15,10
93,Critique,DET-049-00136,IMG-049,satellite_049.jpg,2026-04-10T18:36:32Z,Croiseur,0.82,True,ZONE-012,Détroit d'Ormuz,Critical,25.0,56.0,MIL-011,Zone militaire 12 - Détroit d'Ormuz,High,0.0,True,"0.203954364621882,0.4824674997058284,0.03777740485307332,0.11634747415640136",2026-04-10,18:36:32,"25.0,56.0",International,10m,Maxar,3,"Destroyer, Croiseur, Pétrolier",38.2,https://example.com/satellite_images/satellite_049.jpg,0.203954364621882,0.4824674997058284,0.03777740485307332,0.11634747415640136,0.004395305634838859,0.3246946710874929,35,25,8,15,10
93,Critique,DET-049-00135,IMG-049,satellite_049.jpg,2026-04-10T18:36:32Z,Destroyer,0.79,True,ZONE-012,Détroit d'Ormuz,Critical,25.0,56.0,MIL-011,Zone militaire 12 - Détroit d'Ormuz,High,0.0,True,"0.44862120044875353,0.5613941074246699,0.040115373748133204,0.10737225114457208",2026-04-10,18:36:32,"25.0,56.0",International,10m,Maxar,3,"Destroyer, Croiseur, Pétrolier",38.2,https://example.com/satellite_images/satellite_049.jpg,0.44862120044875353,0.5613941074246699,0.040115373748133204,0.10737225114457208,0.004307277984842932,0.3736102514430809,35,25,8,15,10
93,Critique,DET-024-00077,IMG-024,satellite_024.jpg,2026-10-15T16:55:22Z,Porte-avions,0.78,True,ZONE-012,Détroit d'Ormuz,Critical,25.0,56.0,MIL-011,Zone militaire 12 - Détroit d'Ormuz,High,0.0,True,"0.625965134619561,0.3602752853300345,0.22432878327871675,0.10189461919369881",2026-10-15,16:55:22,"25.0,56.0",International,0.5m,Sentinel-2,3,"Porte-avions, Navire de soutien, Destroyer",25.9,https://example.com/satellite_images/satellite_024.jpg,0.625965134619561,0.3602752853300345,0.22432878327871675,0.10189461919369881,0.022857895946370634,2.2015763447947534,35,25,8,15,10
93,Critique,DET-008-00029,IMG-008,satellite_008.jpg,2026-10-21T20:26:19Z,Porte-avions,0.76,True,ZONE-012,Détroit d'Ormuz,Critical,25.0,56.0,MIL-011,Zone militaire 12 - Détroit d'Ormuz,High,0.0,True,"0.2842690233641742,0.7304818210468121,0.032788436360300946,0.23106391715708882",2026-10-21,20:26:19,"25.0,56.0",International,5m,WorldView-3,3,"Chalutier, Porte-avions, Navire de guerre",43.8,https://example.com/satellite_images/satellite_008.jpg,0.2842690233641742,0.7304818210468121,0.032788436360300946,0.23106391715708882,0.007576224542867056,0.14190201898987856,35,25,8,15,10
90,Critique,DET-055-00155,IMG-055,satellite_055.jpg,2026-12-17T13:07:30Z,Porte-avions,0.98,True,ZONE-004,Détroit de Malacca,Critical,3.0,101.0,MIL-001,Zone militaire 2 - Port de Shanghai,Critical,3801.407,False,"0.35320406765581414,0.00496849374844981,0.03600246735428925,0.16534004506601335",2026-12-17,13:07:30,"3.0,101.0",International,10m,Landsat-8,4,"Navire civil, Navire de soutien, Porte-avions, Sous-marin",44.5,https://example.com/satellite_images/satellite_055.jpg,0.35320406765581414,0.00496849374844981,0.03600246735428925,0.16534004506601335,0.005952649574845858,0.2177480194826061,35,25,15,15,0
90,Critique,DET-073-00197,IMG-073,satellite_073.jpg,2026-06-29T00:59:57Z,Sous-marin,0.98,True,ZONE-001,Port militaire de Toulon,High,43.12,5.9,MIL-010,Zone militaire 11 - Port militaire de Toulon,High,0.0,True,"0.20878914855684905,0.7987281941869028,0.22081375662974628,0.1413696932200333",2026-06-29,00:59:57,"43.12,5.9",France,5m,Landsat-8,5,"Navire civil, Navire de soutien, Sous-marin, Destroyer, Navire de guerre",46.8,https://example.com/satellite_images/satellite_073.jpg,0.20878914855684905,0.7987281941869028,0.22081375662974628,0.1413696932200333,0.031216373033510325,1.5619596506166507,35,15,15,15,10
90,Critique,DET-034-00108,IMG-034,satellite_034.jpg,2026-06-24T03:02:12Z,Sous-marin,0.97,True,ZONE-007,Mer de Chine Méridionale,Critical,15.0,110.0,MIL-001,Zone militaire 2 - Port de Shanghai,Critical,2147.87,False,"0.5893621497798351,0.07395782608377299,0.225060247520035,0.16433212961701338",2026-06-24,03:02:12,"15.0,110.0",International,5m,Maxar,4,"Sous-marin, Porte-avions, Chalutier, Bâtiment de débarquement",8.8,https://example.com/satellite_images/satellite_034.jpg,0.5893621497798351,0.07395782608377299,0.225060247520035,0.16433212961701338,0.03698462976709951,1.3695450064728816,35,25,15,15,0
90,Critique,DET-022-00073,IMG-022,satellite_022.jpg,2026-07-08T09:39:17Z,Destroyer,0.96,True,ZONE-004,Détroit de Malacca,Critical,3.0,101.0,MIL-001,Zone militaire 2 - Port de Shanghai,Critical,3801.407,False,"0.007426039286338959,0.5754112996789076,0.2975595473921757,0.13431398070131034",2026-07-08,09:39:17,"3.0,101.0",International,5m,PlanetScope,4,"Corvette, Pétrolier, Destroyer, Navire civil",4.3,https://example.com/satellite_images/satellite_022.jpg,0.007426039286338959,0.5754112996789076,0.2975595473921757,0.13431398070131034,0.03996640730592333,2.215402639684201,35,25,15,15,0
90,Critique,DET-055-00156,IMG-055,satellite_055.jpg,2026-12-17T13:07:30Z,Sous-marin,0.93,True,ZONE-004,Détroit de Malacca,Critical,3.0,101.0,MIL-001,Zone militaire 2 - Port de Shanghai,Critical,3801.407,False,"0.01995624914398482,0.5150819764429005,0.1787092030642219,0.05602942196157225",2026-12-17,13:07:30,"3.0,101.0",International,10m,Landsat-8,4,"Navire civil, Navire de soutien, Porte-avions, Sous-marin",44.5,https://example.com/satellite_images/satellite_055.jpg,0.01995624914398482,0.5150819764429005,0.1787092030642219,0.05602942196157225,0.010012973346901589,3.1895599991516868,35,25,15,15,0
90,Critique,DET-033-00103,IMG-033,satellite_033.jpg,2026-01-13T19:16:01Z,Destroyer,0.92,True,ZONE-004,Détroit de Malacca,Critical,3.0,101.0,MIL-001,Zone militaire 2 - Port de Shanghai,Critical,3801.407,False,"0.338556749868794,0.002159495546985646,0.035008578373303165,0.24167505493479713",2026-01-13,19:16:01,"3.0,101.0",International,5m,Maxar,5,"Destroyer, Frégate, Navire de guerre, Corvette, Cargo",39.2,https://example.com/satellite_images/satellite_033.jpg,0.338556749868794,0.002159495546985646,0.035008578373303165,0.24167505493479713,0.008460700101557193,0.14485805489006023,35,25,15,15,0
90,Critique,DET-034-00109,IMG-034,satellite_034.jpg,2026-06-24T03:02:12Z,Porte-avions,0.92,True,ZONE-007,Mer de Chine Méridionale,Critical,15.0,110.0,MIL-001,Zone militaire 2 - Port de Shanghai,Critical,2147.87,False,"0.3858533857715962,0.6840910074017207,0.18489203994311473,0.2573964049058609",2026-06-24,03:02:12,"15.0,110.0",International,5m,Maxar,4,"Sous-marin, Porte-avions, Chalutier, Bâtiment de débarquement",8.8,https://example.com/satellite_images/satellite_034.jpg,0.3858533857715962,0.6840910074017207,0.18489203994311473,0.2573964049058609,0.04759054637706857,0.7183163261768802,35,25,15,15,0
90,Critique,DET-067-00182,IMG-067,satellite_067.jpg,2026-10-11T21:36:25Z,Sous-marin,0.92,True,ZONE-001,Port militaire de Toulon,High,43.12,5.9,MIL-010,Zone militaire 11 - Port militaire de Toulon,High,0.0,True,"0.5461343851518093,0.5809321295600124,0.2878815628479139,0.11397835973279102",2026-10-11,21:36:25,"43.12,5.9",France,5m,Sentinel-2,5,"Destroyer, Pétrolier, Sous-marin, Navire de guerre, Frégate",15.5,https://example.com/satellite_images/satellite_067.jpg,0.5461343851518093,0.5809321295600124,0.2878815628479139,0.11397835973279102,0.03281226833071762,2.5257563235935194,35,15,15,15,10
90,Critique,DET-095-00241,IMG-095,satellite_095.jpg,2026-10-03T00:56:44Z,Croiseur,0.92,True,ZONE-004,Détroit de Malacca,Critical,3.0,101.0,MIL-001,Zone militaire 2 - Port de Shanghai,Critical,3801.407,False,"0.7940425021708499,0.33013717237215845,0.09003553226558528,0.046649071310351065",2026-10-03,00:56:44,"3.0,101.0",International,0.5m,Landsat-8,2,"Navire de soutien, Croiseur",40.9,https://example.com/satellite_images/satellite_095.jpg,0.7940425021708499,0.33013717237215845,0.09003553226558528,0.046649071310351065,0.004200073965122702,1.9300605507575688,35,25,15,15,0
90,Critique,DET-012-00046,IMG-012,satellite_012.jpg,2026-07-19T23:00:19Z,Croiseur,0.91,True,ZONE-007,Mer de Chine Méridionale,Critical,15.0,110.0,MIL-001,Zone militaire 2 - Port de Shanghai,Critical,2147.87,False,"0.3766665371054361,0.05659999521279566,0.15896897982668048,0.040146437228905846",2026-07-19,23:00:19,"15.0,110.0",International,5m,PlanetScope,3,"Pétrolier, Croiseur, Navire civil",43.9,https://example.com/satellite_images/satellite_012.jpg,0.3766665371054361,0.05659999521279566,0.15896897982668048,0.040146437228905846,0.006382038169955028,3.959728205027897,35,25,15,15,0
90,Critique,DET-006-00022,IMG-006,satellite_006.jpg,2026-01-04T02:10:50Z,Porte-avions,0.89,True,ZONE-004,Détroit de Malacca,Critical,3.0,101.0,MIL-001,Zone militaire 2 - Port de Shanghai,Critical,3801.407,False,"0.49920998507995606,0.034420613608061236,0.18821690254546522,0.08619328584968004",2026-01-04,02:10:50,"3.0,101.0",International,1m,Sentinel-2,4,"Destroyer, Sous-marin, Navire de soutien, Porte-avions",10.0,https://example.com/satellite_images/satellite_006.jpg,0.49920998507995606,0.034420613608061236,0.18821690254546522,0.08619328584968004,0.016223033282842653,2.1836608349484785,35,25,15,15,0
90,Critique,DET-069-00189,IMG-069,satellite_069.jpg,2026-04-18T17:08:26Z,Porte-avions,0.89,True,ZONE-007,Mer de Chine Méridionale,Critical,15.0,110.0,MIL-001,Zone militaire 2 - Port de Shanghai,Critical,2147.87,False,"0.17619716775696032,0.09105018219148749,0.11671306859073968,0.15554288464417426",2026-04-18,17:08:26,"15.0,110.0",International,0.5m,Landsat-8,4,"Chalutier, Navire civil, Navire de soutien, Porte-avions",18.1,https://example.com/satellite_images/satellite_069.jpg,0.17619716775696032,0.09105018219148749,0.11671306859073968,0.15554288464417426,0.018153887364277022,0.7503594192542904,35,25,15,15,0
90,Critique,DET-086-00221,IMG-086,satellite_086.jpg,2026-06-11T18:05:05Z,Croiseur,0.89,True,ZONE-004,Détroit de Malacca,Critical,3.0,101.0,MIL-001,Zone militaire 2 - Port de Shanghai,Critical,3801.407,False,"0.7350971347670829,0.6701129043484335,0.23366146790518463,0.2683259590041129",2026-06-11,18:05:05,"3.0,101.0",International,10m,Maxar,3,"Pétrolier, Sous-marin, Croiseur",19.4,https://example.com/satellite_images/satellite_086.jpg,0.7350971347670829,0.6701129043484335,0.23366146790518463,0.2683259590041129,0.06269743745796741,0.8708120107812718,35,25,15,15,0
90,Critique,DET-014-00050,IMG-014,satellite_014.jpg,2026-05-04T09:01:54Z,Destroyer,0.87,True,ZONE-008,Golfe Persique,Critical,26.0,55.0,MIL-011,Zone militaire 12 - Détroit d'Ormuz,High,149.788,False,"0.4977062583112307,0.7712065476226733,0.13994453559988626,0.07971502089665419",2026-05-04,09:01:54,"26.0,55.0",International,0.5m,PlanetScope,4,"Frégate, Navire de guerre, Destroyer, Navire de soutien",29.3,https://example.com/satellite_images/satellite_014.jpg,0.4977062583112307,0.7712065476226733,0.13994453559988626,0.07971502089665419,0.0111556815797175,1.7555604204296211,35,25,15,15,0
90,Critique,DET-062-00167,IMG-062,satellite_062.jpg,2026-11-23T04:44:28Z,Croiseur,0.87,True,ZONE-007,Mer de Chine Méridionale,Critical,15.0,110.0,MIL-001,Zone militaire 2 - Port de Shanghai,Critical,2147.87,False,"0.080098122294734,0.25173457336538924,0.15979590755732034,0.020394662887209786",2026-11-23,04:44:28,"15.0,110.0",International,10m,Sentinel-2,5,"Sous-marin, Navire de guerre, Frégate, Navire civil, Croiseur",31.1,https://example.com/satellite_images/satellite_062.jpg,0.080098122294734,0.25173457336538924,0.15979590755732034,0.020394662887209786,0.003258983665387287,7.835182588751394,35,25,15,15,0
85,Critique,DET-008-00030,IMG-008,satellite_008.jpg,2026-10-21T20:26:19Z,Navire de guerre,1.0,True,ZONE-012,Détroit d'Ormuz,Critical,25.0,56.0,MIL-011,Zone militaire 12 - Détroit d'Ormuz,High,0.0,True,"0.33477080654514024,0.5309057430489469,0.20557889114768502,0.06668855948939102",2026-10-21,20:26:19,"25.0,56.0",International,5m,WorldView-3,3,"Chalutier, Porte-avions, Navire de guerre",43.8,https://example.com/satellite_images/satellite_008.jpg,0.33477080654514024,0.5309057430489469,0.20557889114768502,0.06668855948939102,0.013709760112065433,3.082671041655788,35,25,15,0,10
83,Haute,DET-083-00209,IMG-083,satellite_083.jpg,2026-04-16T20:48:47Z,Croiseur,0.83,True,ZONE-007,Mer de Chine Méridionale,Critical,15.0,110.0,MIL-001,Zone militaire 2 - Port de Shanghai,Critical,2147.87,False,"0.3391194543831979,0.7338718874640787,0.19457626097348718,0.1232055928333741",2026-04-16,20:48:47,"15.0,110.0",International,1m,Landsat-8,4,"Destroyer, Croiseur, Pétrolier, Bâtiment de débarquement",4.3,https://example.com/satellite_images/satellite_083.jpg,0.3391194543831979,0.7338718874640787,0.19457626097348718,0.1232055928333741,0.0239728835845398,1.5792810740064074,35,25,8,15,0
83,Haute,DET-086-00220,IMG-086,satellite_086.jpg,2026-06-11T18:05:05Z,Sous-marin,0.83,True,ZONE-004,Détroit de Malacca,Critical,3.0,101.0,MIL-001,Zone militaire 2 - Port de Shanghai,Critical,3801.407,False,"0.0034373742936605113,0.6237666864413267,0.17459106147265993,0.11247110770854729",2026-06-11,18:05:05,"3.0,101.0",International,10m,Maxar,3,"Pétrolier, Sous-marin, Croiseur",19.4,https://example.com/satellite_images/satellite_086.jpg,0.0034373742936605113,0.6237666864413267,0.17459106147265993,0.11247110770854729,0.019636450079841137,1.5523192136160655,35,25,8,15,0
83,Haute,DET-083-00208,IMG-083,satellite_083.jpg,2026-04-16T20:48:47Z,Destroyer,0.82,True,ZONE-007,Mer de Chine Méridionale,Critical,15.0,110.0,MIL-001,Zone militaire 2 - Port de Shanghai,Critical,2147.87,False,"0.585742952377722,0.09401741911592093,0.03109524442200889,0.19824918063187233",2026-04-16,20:48:47,"15.0,110.0",International,1m,Landsat-8,4,"Destroyer, Croiseur, Pétrolier, Bâtiment de débarquement",4.3,https://example.com/satellite_images/satellite_083.jpg,0.585742952377722,0.09401741911592093,0.03109524442200889,0.19824918063187233,0.006164606728211061,0.15684929603693776,35,25,8,15,0
83,Haute,DET-080-00205,IMG-080,satellite_080.jpg,2026-05-10T18:25:00Z,Sous-marin,0.81,True,ZONE-004,Détroit de Malacca,Critical,3.0,101.0,MIL-001,Zone militaire 2 - Port de Shanghai,Critical,3801.407,False,"0.6892512753993596,0.6822881526185132,0.21382928115792887,0.2968897972038414",2026-05-10,18:25:00,"3.0,101.0",International,0.5m,WorldView-3,2,"Sous-marin, Navire de guerre",43.7,https://example.com/satellite_images/satellite_080.jpg,0.6892512753993596,0.6822881526185132,0.21382928115792887,0.2968897972038414,0.06348373191922069,0.7202311536866858,35,25,8,15,0
83,Haute,DET-085-00218,IMG-085,satellite_085.jpg,2026-05-05T06:59:15Z,Croiseur,0.8,True,ZONE-013,Base navale de Pearl Harbor,High,21.4,-157.9,MIL-004,Zone militaire 5 - Base navale de Pearl Harbor,Critical,0.0,True,"0.551325712351104,0.17576108810409902,0.09884571632063065,0.12777730654243724",2026-05-05,06:59:15,"21.4,-157.9",USA,5m,Maxar,5,"Corvette, Bâtiment de débarquement, Cargo, Porte-avions, Croiseur",43.1,https://example.com/satellite_images/satellite_085.jpg,0.551325712351104,0.17576108810409902,0.09884571632063065,0.12777730654243724,0.012630239394708014,0.7735780241055725,35,15,8,15,10
83,Haute,DET-091-00236,IMG-091,satellite_091.jpg,2026-11-19T17:22:24Z,Destroyer,0.8,True,ZONE-004,Détroit de Malacca,Critical,3.0,101.0,MIL-001,Zone militaire 2 - Port de Shanghai,Critical,3801.407,False,"0.6769883488430862,0.4679847348890591,0.20095165648028807,0.281479721430403",2026-11-19,17:22:24,"3.0,101.0",International,5m,Maxar,4,"Chalutier, Bâtiment de débarquement, Pétrolier, Destroyer",2.5,https://example.com/satellite_images/satellite_091.jpg,0.6769883488430862,0.4679847348890591,0.20095165648028807,0.281479721430403,0.056563816287049526,0.7139116646098222,35,25,8,15,0
83,Haute,DET-027-00088,IMG-027,satellite_027.jpg,2026-11-08T02:42:32Z,Destroyer,0.77,True,ZONE-007,Mer de Chine Méridionale,Critical,15.0,110.0,MIL-001,Zone militaire 2 - Port de Shanghai,Critical,2147.87,False,"0.3350963786742587,0.7150375289369859,0.07572092993357028,0.16831752685581566",2026-11-08,02:42:32,"15.0,110.0",International,1m,Landsat-8,4,"Bâtiment de débarquement, Pétrolier, Destroyer, Navire civil",40.0,https://example.com/satellite_images/satellite_027.jpg,0.3350963786742587,0.7150375289369859,0.07572092993357028,0.16831752685581566,0.012745159657641052,0.4498695492266496,35,25,8,15,0
83,Haute,DET-062-00163,IMG-062,satellite_062.jpg,2026-11-23T04:44:28Z,Sous-marin,0.76,True,ZONE-007,Mer de Chine Méridionale,Critical,15.0,110.0,MIL-001,Zone militaire 2 - Port de Shanghai,Critical,2147.87,False,"0.7834422216605694,0.2658813236441559,0.18011315040690606,0.2323300503113541",2026-11-23,04:44:28,"15.0,110.0",International,10m,Sentinel-2,5,"Sous-marin, Navire de guerre, Frégate, Navire civil, Croiseur",31.1,https://example.com/satellite_images/satellite_062.jpg,0.7834422216605694,0.2658813236441559,0.18011315040690606,0.2323300503113541,0.04184569729577297,0.7752468962389056,35,25,8,15,0
83,Haute,DET-073-00198,IMG-073,satellite_073.jpg,2026-06-29T00:59:57Z,Destroyer,0.75,True,ZONE-001,Port militaire de Toulon,High,43.12,5.9,MIL-010,Zone militaire 11 - Port militaire de Toulon,High,0.0,True,"0.496493573114793,0.6323439849485565,0.05595307761698895,0.24142294680040527",2026-06-29,00:59:57,"43.12,5.9",France,5m,Landsat-8,5,"Navire civil, Navire de soutien, Sous-marin, Destroyer, Navire de guerre",46.8,https://example.com/satellite_images/satellite_073.jpg,0.496493573114793,0.6323439849485565,0.05595307761698895,0.24142294680040527,0.01350835688084527,0.23176370911936456,35,15,8,15,10
80,Haute,DET-016-00055,IMG-016,satellite_016.jpg,2026-12-12T15:58:41Z,Porte-avions,1.0,True,ZONE-002,Base navale de Norfolk,High,36.9,-76.3,MIL-010,Zone militaire 11 - Port militaire de Toulon,High,6747.776,False,"0.13783531405522018,0.0745256663314521,0.10181133716874283,0.08133840294823542",2026-12-12,15:58:41,"36.9,-76.3",USA,0.5m,Maxar,3,"Destroyer, Sous-marin, Porte-avions",22.5,https://example.com/satellite_images/satellite_016.jpg,0.13783531405522018,0.0745256663314521,0.10181133716874283,0.08133840294823542,0.008281171567329862,1.251700715509949,35,15,15,15,0
80,Haute,DET-090-00232,IMG-090,satellite_090.jpg,2026-08-16T00:20:55Z,Sous-marin,0.98,True,ZONE-002,Base navale de Norfolk,High,36.9,-76.3,MIL-010,Zone militaire 11 - Port militaire de Toulon,High,6747.776,False,"0.5743344570997965,0.21889462032697163,0.13280059863748403,0.23554651373303082",2026-08-16,00:20:55,"36.9,-76.3",USA,10m,PlanetScope,4,"Bâtiment de débarquement, Cargo, Corvette, Sous-marin",44.0,https://example.com/satellite_images/satellite_090.jpg,0.5743344570997965,0.21889462032697163,0.13280059863748403,0.23554651373303082,0.03128071803071884,0.5637977677224324,35,15,15,15,0
80,Haute,DET-096-00242,IMG-096,satellite_096.jpg,2026-03-13T20:51:40Z,Croiseur,0.97,True,ZONE-005,Base navale de Rota,High,36.6,-6.4,MIL-010,Zone militaire 11 - Port militaire de Toulon,High,1273.735,False,"0.700968714613206,0.17838683821458556,0.26663113946130074,0.13419633443185094",2026-03-13,20:51:40,"36.6,-6.4",Spain,5m,PlanetScope,1,Croiseur,35.9,https://example.com/satellite_images/satellite_096.jpg,0.700968714613206,0.17838683821458556,0.26663113946130074,0.13419633443185094,0.035780921561094206,1.9868734909201584,35,15,15,15,0
80,Haute,DET-001-00006,IMG-001,satellite_001.jpg,2026-04-17T04:54:56Z,Destroyer,0.94,True,ZONE-002,Base navale de Norfolk,High,36.9,-76.3,MIL-010,Zone militaire 11 - Port militaire de Toulon,High,6747.776,False,"0.5055362082682725,0.46515882941899167,0.23774061317578002,0.17542091261329637",2026-04-17,04:54:56,"36.9,-76.3",USA,10m,Maxar,2,"Destroyer, Navire de guerre",39.0,https://example.com/satellite_images/satellite_001.jpg,0.5055362082682725,0.46515882941899167,0.23774061317578002,0.17542091261329637,0.041704675328540004,1.3552581025493993,35,15,15,15,0
80,Haute,DET-039-00123,IMG-039,satellite_039.jpg,2026-02-25T09:12:06Z,Porte-avions,0.92,True,ZONE-005,Base navale de Rota,High,36.6,-6.4,MIL-010,Zone militaire 11 - Port militaire de Toulon,High,1273.735,False,"0.6178537018322465,0.504944920960193,0.20928096903925175,0.048421580615325276",2026-02-25,09:12:06,"36.6,-6.4",Spain,0.5m,Maxar,5,"Navire de soutien, Navire civil, Porte-avions, Cargo, Frégate",8.8,https://example.com/satellite_images/satellite_039.jpg,0.6178537018322465,0.504944920960193,0.20928096903925175,0.048421580615325276,0.010133715313587522,4.32205984149586,35,15,15,15,0
80,Haute,DET-052-00144,IMG-052,satellite_052.jpg,2026-02-17T10:50:44Z,Porte-avions,0.91,True,ZONE-002,Base navale de Norfolk,High,36.9,-76.3,MIL-010,Zone militaire 11 - Port militaire de Toulon,High,6747.776,False,"0.4690141741173817,0.4256619506304519,0.026143810886778023,0.07673599109969965",2026-02-17,10:50:44,"36.9,-76.3",USA,10m,PlanetScope,5,"Porte-avions, Corvette, Bâtiment de débarquement, Navire de guerre, Chalutier",24.3,https://example.com/satellite_images/satellite_052.jpg,0.4690141741173817,0.4256619506304519,0.026143810886778023,0.07673599109969965,0.0020061712395200294,0.3406981588705948,35,15,15,15,0
80,Haute,DET-000-00004,IMG-000,satellite_000.jpg,2026-08-31T17:17:58Z,Destroyer,0.89,True,ZONE-002,Base navale de Norfolk,High,36.9,-76.3,MIL-010,Zone militaire 11 - Port militaire de Toulon,High,6747.776,False,"0.6159782694606443,0.45954657746946426,0.2751740279853423,0.12683361651860597",2026-08-31,17:17:58,"36.9,-76.3",USA,1m,Sentinel-2,5,"Navire de guerre, Navire civil, Bâtiment de débarquement, Destroyer, Pétrolier",17.0,https://example.com/satellite_images/satellite_000.jpg,0.6159782694606443,0.45954657746946426,0.2751740279853423,0.12683361651860597,0.03490131714137305,2.1695669928719203,35,15,15,15,0
80,Haute,DET-016-00053,IMG-016,satellite_016.jpg,2026-12-12T15:58:41Z,Destroyer,0.89,True,ZONE-002,Base navale de Norfolk,High,36.9,-76.3,MIL-010,Zone militaire 11 - Port militaire de Toulon,High,6747.776,False,"0.7410407841211784,0.11931977744041262,0.2927885457940241,0.17163193345332634",2026-12-12,15:58:41,"36.9,-76.3",USA,0.5m,Maxar,3,"Destroyer, Sous-marin, Porte-avions",22.5,https://example.com/satellite_images/satellite_016.jpg,0.7410407841211784,0.11931977744041262,0.2927885457940241,0.17163193345332634,0.05025186420761613,1.7059095000735696,35,15,15,15,0
80,Haute,DET-023-00076,IMG-023,satellite_023.jpg,2026-09-10T21:46:50Z,Destroyer,0.85,True,ZONE-002,Base navale de Norfolk,High,36.9,-76.3,MIL-010,Zone militaire 11 - Port militaire de Toulon,High,6747.776,False,"0.37620273413233224,0.14542810872889547,0.2464363441104323,0.11309091044540251",2026-09-10,21:46:50,"36.9,-76.3",USA,5m,Maxar,2,"Croiseur, Destroyer",25.7,https://example.com/satellite_images/satellite_023.jpg,0.37620273413233224,0.14542810872889547,0.2464363441104323,0.11309091044540251,0.027869710522285297,2.1790994797004988,35,15,15,15,0
80,Haute,DET-032-00102,IMG-032,satellite_032.jpg,2026-02-09T05:22:46Z,Sous-marin,0.85,True,ZONE-002,Base navale de Norfolk,High,36.9,-76.3,MIL-010,Zone militaire 11 - Port militaire de Toulon,High,6747.776,False,"0.2404525841126021,0.7656661037224418,0.17697490902239413,0.26106307352656594",2026-02-09,05:22:46,"36.9,-76.3",USA,5m,Maxar,1,Sous-marin,11.8,https://example.com/satellite_images/satellite_032.jpg,0.2404525841126021,0.7656661037224418,0.17697490902239413,0.26106307352656594,0.0462016136864706,0.6779009632872688,35,15,15,15,0
75,Haute,DET-007-00027,IMG-007,satellite_007.jpg,2026-04-06T03:08:14Z,Destroyer,1.0,True,ZONE-003,Port de Shanghai,Medium,31.2,121.5,MIL-001,Zone militaire 2 - Port de Shanghai,Critical,0.0,True,"0.318279225025118,0.39739519192417483,0.041804848284949875,0.0327350216359925",2026-04-06,03:08:14,"31.2,121.5",China,5m,WorldView-3,5,"Croiseur, Navire de guerre, Chalutier, Pétrolier, Destroyer",21.1,https://example.com/satellite_images/satellite_007.jpg,0.318279225025118,0.39739519192417483,0.041804848284949875,0.0327350216359925,0.001368482613097218,1.2770679900509065,35,0,15,15,10
75,Haute,DET-051-00143,IMG-051,satellite_051.jpg,2026-08-14T06:24:32Z,Frégate,0.98,True,ZONE-004,Détroit de Malacca,Critical,3.0,101.0,MIL-001,Zone militaire 2 - Port de Shanghai,Critical,3801.407,False,"0.5536818822471876,0.3944423107000374,0.26129810638969436,0.10605490516907928",2026-08-14,06:24:32,"3.0,101.0",International,1m,Maxar,1,Frégate,30.1,https://example.com/satellite_images/satellite_051.jpg,0.5536818822471876,0.3944423107000374,0.26129810638969436,0.10605490516907928,0.027711945894019024,2.463800292623116,35,25,15,0,0
75,Haute,DET-099-00254,IMG-099,satellite_099.jpg,2026-04-28T20:53:55Z,Corvette,0.98,True,ZONE-007,Mer de Chine Méridionale,Critical,15.0,110.0,MIL-001,Zone militaire 2 - Port de Shanghai,Critical,2147.87,False,"0.11346491758308241,0.17915213122954407,0.23988968941328362,0.0824672622514217",2026-04-28,20:53:55,"15.0,110.0",International,10m,Landsat-8,5,"Navire de soutien, Cargo, Corvette, Bâtiment de débarquement, Navire de guerre",47.5,https://example.com/satellite_images/satellite_099.jpg,0.11346491758308241,0.17915213122954407,0.23988968941328362,0.0824672622514217,0.01978304592825736,2.9089081274690676,35,25,15,0,0
75,Haute,DET-014-00049,IMG-014,satellite_014.jpg,2026-05-04T09:01:54Z,Navire de guerre,0.97,True,ZONE-008,Golfe Persique,Critical,26.0,55.0,MIL-011,Zone militaire 12 - Détroit d'Ormuz,High,149.788,False,"0.7469242667582775,0.6386082609209137,0.0845240123222208,0.22973789614323903",2026-05-04,09:01:54,"26.0,55.0",International,0.5m,PlanetScope,4,"Frégate, Navire de guerre, Destroyer, Navire de soutien",29.3,https://example.com/satellite_images/satellite_014.jpg,0.7469242667582775,0.6386082609209137,0.0845240123222208,0.22973789614323903,0.019418368764492218,0.3679149750266757,35,25,15,0,0
75,Haute,DET-067-00183,IMG-067,satellite_067.jpg,2026-10-11T21:36:25Z,Navire de guerre,0.97,True,ZONE-001,Port militaire de Toulon,High,43.12,5.9,MIL-010,Zone militaire 11 - Port militaire de Toulon,High,0.0,True,"0.6133777456754843,0.026855078692667168,0.29655088766744847,0.2287875717351703",2026-10-11,21:36:25,"43.12,5.9",France,5m,Sentinel-2,5,"Destroyer, Pétrolier, Sous-marin, Navire de guerre, Frégate",15.5,https://example.com/satellite_images/satellite_067.jpg,0.6133777456754843,0.026855078692667168,0.29655088766744847,0.2287875717351703,0.0678471574853448,1.2961844274072571,35,15,15,0,10
75,Haute,DET-033-00105,IMG-033,satellite_033.jpg,2026-01-13T19:16:01Z,Navire de guerre,0.95,True,ZONE-004,Détroit de Malacca,Critical,3.0,101.0,MIL-001,Zone militaire 2 - Port de Shanghai,Critical,3801.407,False,"0.41423056710094325,0.18503203450789352,0.16653508425035973,0.2293907322470687",2026-01-13,19:16:01,"3.0,101.0",International,5m,Maxar,5,"Destroyer, Frégate, Navire de guerre, Corvette, Cargo",39.2,https://example.com/satellite_images/satellite_033.jpg,0.41423056710094325,0.18503203450789352,0.16653508425035973,0.2293907322470687,0.0382016049210173,0.7259887207256073,35,25,15,0,0
75,Haute,DET-099-00256,IMG-099,satellite_099.jpg,2026-04-28T20:53:55Z,Navire de guerre,0.93,True,ZONE-007,Mer de Chine Méridionale,Critical,15.0,110.0,MIL-001,Zone militaire 2 - Port de Shanghai,Critical,2147.87,False,"0.4162291407798135,0.16495241523323456,0.06258959918152018,0.12079708990636713",2026-04-28,20:53:55,"15.0,110.0",International,10m,Landsat-8,5,"Navire de soutien, Cargo, Corvette, Bâtiment de débarquement, Navire de guerre",47.5,https://example.com/satellite_images/satellite_099.jpg,0.4162291407798135,0.16495241523323456,0.06258959918152018,0.12079708990636713,0.007560641439533576,0.5181383030835839,35,25,15,0,0
75,Haute,DET-031-00100,IMG-031,satellite_031.jpg,2026-09-19T00:02:21Z,Frégate,0.91,True,ZONE-004,Détroit de Malacca,Critical,3.0,101.0,MIL-001,Zone militaire 2 - Port de Shanghai,Critical,3801.407,False,"0.552715645213397,0.3935809690705299,0.10854713671696754,0.1886939388548355",2026-09-19,00:02:21,"3.0,101.0",International,0.5m,Maxar,5,"Chalutier, Cargo, Corvette, Frégate, Navire civil",3.7,https://example.com/satellite_images/satellite_031.jpg,0.552715645213397,0.3935809690705299,0.10854713671696754,0.1886939388548355,0.020482186778538945,0.5752550260794235,35,25,15,0,0
75,Haute,DET-033-00104,IMG-033,satellite_033.jpg,2026-01-13T19:16:01Z,Frégate,0.91,True,ZONE-004,Détroit de Malacca,Critical,3.0,101.0,MIL-001,Zone militaire 2 - Port de Shanghai,Critical,3801.407,False,"0.21965718203084156,0.5354616702416382,0.2280518007190052,0.1605747095507332",2026-01-13,19:16:01,"3.0,101.0",International,5m,Maxar,5,"Destroyer, Frégate, Navire de guerre, Corvette, Cargo",39.2,https://example.com/satellite_images/satellite_033.jpg,0.21965718203084156,0.5354616702416382,0.2280518007190052,0.1605747095507332,0.036619351662975946,1.4202224083547401,35,25,15,0,0
75,Haute,DET-075-00200,IMG-075,satellite_075.jpg,2026-05-24T17:20:02Z,Frégate,0.9,True,ZONE-007,Mer de Chine Méridionale,Critical,15.0,110.0,MIL-001,Zone militaire 2 - Port de Shanghai,Critical,2147.87,False,"0.7372346965331997,0.11026612816784134,0.257701354624402,0.2848300497476859",2026-05-24,17:20:02,"15.0,110.0",International,0.5m,Landsat-8,1,Frégate,40.8,https://example.com/satellite_images/satellite_075.jpg,0.7372346965331997,0.11026612816784134,0.257701354624402,0.2848300497476859,0.07340108965771447,0.9047547997575551,35,25,15,0,0
75,Haute,DET-085-00214,IMG-085,satellite_085.jpg,2026-05-05T06:59:15Z,Corvette,0.9,True,ZONE-013,Base navale de Pearl Harbor,High,21.4,-157.9,MIL-004,Zone militaire 5 - Base navale de Pearl Harbor,Critical,0.0,True,"0.6181083391142486,0.6409672884201422,0.2526191175933068,0.1542236766832457",2026-05-05,06:59:15,"21.4,-157.9",USA,5m,Maxar,5,"Corvette, Bâtiment de débarquement, Cargo, Porte-avions, Croiseur",43.1,https://example.com/satellite_images/satellite_085.jpg,0.6181083391142486,0.6409672884201422,0.2526191175933068,0.1542236766832457,0.03895984911571697,1.6380047670122135,35,15,15,0,10
75,Haute,DET-011-00043,IMG-011,satellite_011.jpg,2026-11-10T05:50:18Z,Navire de guerre,0.88,True,ZONE-004,Détroit de Malacca,Critical,3.0,101.0,MIL-001,Zone militaire 2 - Port de Shanghai,Critical,3801.407,False,"0.33188890384428565,0.319606989475521,0.1045742179249519,0.058503842166684875",2026-11-10,05:50:18,"3.0,101.0",International,10m,Sentinel-2,4,"Pétrolier, Frégate, Navire de guerre, Chalutier",11.3,https://example.com/satellite_images/satellite_011.jpg,0.33188890384428565,0.319606989475521,0.1045742179249519,0.058503842166684875,0.006117993540185895,1.7874760708366244,35,25,15,0,0
75,Haute,DET-007-00023,IMG-007,satellite_007.jpg,2026-04-06T03:08:14Z,Croiseur,0.87,True,ZONE-003,Port de Shanghai,Medium,31.2,121.5,MIL-001,Zone militaire 2 - Port de Shanghai,Critical,0.0,True,"0.5025456634904577,0.42157091518791534,0.277002177990542,0.2546876177928627",2026-04-06,03:08:14,"31.2,121.5",China,5m,WorldView-3,5,"Croiseur, Navire de guerre, Chalutier, Pétrolier, Destroyer",21.1,https://example.com/satellite_images/satellite_007.jpg,0.5025456634904577,0.42157091518791534,0.277002177990542,0.2546876177928627,0.07054902483584569,1.0876154105608218,35,0,15,15,10
75,Haute,DET-062-00164,IMG-062,satellite_062.jpg,2026-11-23T04:44:28Z,Navire de guerre,0.86,True,ZONE-007,Mer de Chine Méridionale,Critical,15.0,110.0,MIL-001,Zone militaire 2 - Port de Shanghai,Critical,2147.87,False,"0.18234599258993456,0.124149995029667,0.1458967017210178,0.14810388102535943",2026-11-23,04:44:28,"15.0,110.0",International,10m,Sentinel-2,5,"Sous-marin, Navire de guerre, Frégate, Navire civil, Croiseur",31.1,https://example.com/satellite_images/satellite_062.jpg,0.18234599258993456,0.124149995029667,0.1458967017210178,0.14810388102535943,0.02160786775368197,0.9850970866593043,35,25,15,0,0
75,Haute,DET-033-00106,IMG-033,satellite_033.jpg,2026-01-13T19:16:01Z,Corvette,0.85,True,ZONE-004,Détroit de Malacca,Critical,3.0,101.0,MIL-001,Zone militaire 2 - Port de Shanghai,Critical,3801.407,False,"0.638011585075524,0.4667375793364122,0.03592078085563109,0.10822334202439293",2026-01-13,19:16:01,"3.0,101.0",International,5m,Maxar,5,"Destroyer, Frégate, Navire de guerre, Corvette, Cargo",39.2,https://example.com/satellite_images/satellite_033.jpg,0.638011585075524,0.4667375793364122,0.03592078085563109,0.10822334202439293,0.0038874669523222298,0.33191343183187555,35,25,15,0,0
75,Haute,DET-085-00217,IMG-085,satellite_085.jpg,2026-05-05T06:59:15Z,Porte-avions,0.74,True,ZONE-013,Base navale de Pearl Harbor,High,21.4,-157.9,MIL-004,Zone militaire 5 - Base navale de Pearl Harbor,Critical,0.0,True,"0.20846428403782166,0.35945450947486796,0.23078680848989788,0.11199787985716338",2026-05-05,06:59:15,"21.4,-157.9",USA,5m,Maxar,5,"Corvette, Bâtiment de débarquement, Cargo, Porte-avions, Croiseur",43.1,https://example.com/satellite_images/satellite_085.jpg,0.20846428403782166,0.35945450947486796,0.23078680848989788,0.11199787985716338,0.025847633249869755,2.0606355118885475,35,15,0,15,10
75,Haute,DET-067-00180,IMG-067,satellite_067.jpg,2026-10-11T21:36:25Z,Destroyer,0.73,True,ZONE-001,Port militaire de Toulon,High,43.12,5.9,MIL-010,Zone militaire 11 - Port militaire de Toulon,High,0.0,True,"0.39077223725352295,0.25145840646731843,0.2761631391664292,0.16386987833523228",2026-10-11,21:36:25,"43.12,5.9",France,5m,Sentinel-2,5,"Destroyer, Pétrolier, Sous-marin, Navire de guerre, Frégate",15.5,https://example.com/satellite_images/satellite_067.jpg,0.39077223725352295,0.25145840646731843,0.2761631391664292,0.16386987833523228,0.04525482001587858,1.6852587063101132,35,15,0,15,10
75,Haute,DET-006-00019,IMG-006,satellite_006.jpg,2026-01-04T02:10:50Z,Destroyer,0.72,True,ZONE-004,Détroit de Malacca,Critical,3.0,101.0,MIL-001,Zone militaire 2 - Port de Shanghai,Critical,3801.407,False,"0.5959211286082203,0.059369077426325405,0.20643698400143987,0.22565541440020295",2026-01-04,02:10:50,"3.0,101.0",International,1m,Sentinel-2,4,"Destroyer, Sous-marin, Navire de soutien, Porte-avions",10.0,https://example.com/satellite_images/satellite_006.jpg,0.5959211286082203,0.059369077426325405,0.20643698400143987,0.22565541440020295,0.04658362317237298,0.9148328417031513,35,25,0,15,0
75,Haute,DET-006-00020,IMG-006,satellite_006.jpg,2026-01-04T02:10:50Z,Sous-marin,0.7,True,ZONE-004,Détroit de Malacca,Critical,3.0,101.0,MIL-001,Zone militaire 2 - Port de Shanghai,Critical,3801.407,False,"0.08772338466978519,0.12141026193616754,0.20378114745648962,0.1205521516014014",2026-01-04,02:10:50,"3.0,101.0",International,1m,Sentinel-2,4,"Destroyer, Sous-marin, Navire de soutien, Porte-avions",10.0,https://example.com/satellite_images/satellite_006.jpg,0.08772338466978519,0.12141026193616754,0.20378114745648962,0.1205521516014014,0.02456625578168227,1.6903982612461368,35,25,0,15,0
73,Haute,DET-005-00016,IMG-005,satellite_005.jpg,2026-11-09T21:23:47Z,Destroyer,0.82,True,ZONE-005,Base navale de Rota,High,36.6,-6.4,MIL-010,Zone militaire 11 - Port militaire de Toulon,High,1273.735,False,"0.44962468929995564,0.056210282094379595,0.0870224132499691,0.03335517423073682",2026-11-09,21:23:47,"36.6,-6.4",Spain,0.5m,WorldView-3,4,"Pétrolier, Destroyer, Cargo, Frégate",45.2,https://example.com/satellite_images/satellite_005.jpg,0.44962468929995564,0.056210282094379595,0.0870224132499691,0.03335517423073682,0.0029026477559318995,2.6089629347454544,35,15,8,15,0
73,Haute,DET-023-00075,IMG-023,satellite_023.jpg,2026-09-10T21:46:50Z,Croiseur,0.81,True,ZONE-002,Base navale de Norfolk,High,36.9,-76.3,MIL-010,Zone militaire 11 - Port militaire de Toulon,High,6747.776,False,"0.12796815312673468,0.5930110334785915,0.08569196248565103,0.06949901466322744",2026-09-10,21:46:50,"36.9,-76.3",USA,5m,Maxar,2,"Croiseur, Destroyer",25.7,https://example.com/satellite_images/satellite_023.jpg,0.12796815312673468,0.5930110334785915,0.08569196248565103,0.06949901466322744,0.005955506957310997,1.2329953582923445,35,15,8,15,0
73,Haute,DET-063-00171,IMG-063,satellite_063.jpg,2026-06-16T18:23:46Z,Sous-marin,0.81,True,ZONE-005,Base navale de Rota,High,36.6,-6.4,MIL-010,Zone militaire 11 - Port militaire de Toulon,High,1273.735,False,"0.6345477944522582,0.21348329057477092,0.19418924474471452,0.20196034497266668",2026-06-16,18:23:46,"36.6,-6.4",Spain,5m,Maxar,4,"Cargo, Corvette, Frégate, Sous-marin",29.6,https://example.com/satellite_images/satellite_063.jpg,0.6345477944522582,0.21348329057477092,0.19418924474471452,0.20196034497266668,0.03921852685862415,0.9615216530304308,35,15,8,15,0
73,Haute,DET-016-00054,IMG-016,satellite_016.jpg,2026-12-12T15:58:41Z,Sous-marin,0.8,True,ZONE-002,Base navale de Norfolk,High,36.9,-76.3,MIL-010,Zone militaire 11 - Port militaire de Toulon,High,6747.776,False,"0.16781936222116559,0.5772347331000832,0.05452192772478513,0.2965496737585761",2026-12-12,15:58:41,"36.9,-76.3",USA,0.5m,Maxar,3,"Destroyer, Sous-marin, Porte-avions",22.5,https://example.com/satellite_images/satellite_016.jpg,0.16781936222116559,0.5772347331000832,0.05452192772478513,0.2965496737585761,0.016168459879473695,0.18385428327657494,35,15,8,15,0
73,Haute,DET-088-00225,IMG-088,satellite_088.jpg,2026-02-10T17:03:44Z,Destroyer,0.79,True,ZONE-002,Base navale de Norfolk,High,36.9,-76.3,MIL-010,Zone militaire 11 - Port militaire de Toulon,High,6747.776,False,"0.3191471688268993,0.4834957965859208,0.27269219744228934,0.18707196994979997",2026-02-10,17:03:44,"36.9,-76.3",USA,5m,PlanetScope,3,"Frégate, Destroyer, Cargo",16.5,https://example.com/satellite_images/satellite_088.jpg,0.3191471688268993,0.4834957965859208,0.27269219744228934,0.18707196994979997,0.05101306656546887,1.457686031293011,35,15,8,15,0
73,Haute,DET-002-00010,IMG-002,satellite_002.jpg,2026-03-02T15:20:53Z,Porte-avions,0.78,True,ZONE-009,Base navale de Yokosuka,High,35.4,139.7,MIL-001,Zone militaire 2 - Port de Shanghai,Critical,1751.832,False,"0.6151162601660949,0.381366338255073,0.270129129955423,0.19218565866986007",2026-03-02,15:20:53,"35.4,139.7",Japan,1m,Sentinel-2,4,"Navire de soutien, Chalutier, Porte-avions, Navire de guerre",25.6,https://example.com/satellite_images/satellite_002.jpg,0.6151162601660949,0.381366338255073,0.270129129955423,0.19218565866986007,0.05191494476639919,1.4055634110527238,35,15,8,15,0
68,Moyenne,DET-031-00099,IMG-031,satellite_031.jpg,2026-09-19T00:02:21Z,Corvette,0.84,True,ZONE-004,Détroit de Malacca,Critical,3.0,101.0,MIL-001,Zone militaire 2 - Port de Shanghai,Critical,3801.407,False,"0.17338508348702356,0.44469087185449596,0.17199172652055988,0.2776028922721511",2026-09-19,00:02:21,"3.0,101.0",International,0.5m,Maxar,5,"Chalutier, Cargo, Corvette, Frégate, Navire civil",3.7,https://example.com/satellite_images/satellite_031.jpg,0.17338508348702356,0.44469087185449596,0.17199172652055988,0.2776028922721511,0.047745400728988266,0.6195602830821585,35,25,8,0,0
68,Moyenne,DET-080-00206,IMG-080,satellite_080.jpg,2026-05-10T18:25:00Z,Navire de guerre,0.84,True,ZONE-004,Détroit de Malacca,Critical,3.0,101.0,MIL-001,Zone militaire 2 - Port de Shanghai,Critical,3801.407,False,"0.22991543511052168,0.40903934227292793,0.20716399909774036,0.18553609374320812",2026-05-10,18:25:00,"3.0,101.0",International,0.5m,WorldView-3,2,"Sous-marin, Navire de guerre",43.7,https://example.com/satellite_images/satellite_080.jpg,0.22991543511052168,0.40903934227292793,0.20716399909774036,0.18553609374320812,0.03843639915681624,1.116569800076024,35,25,8,0,0
68,Moyenne,DET-011-00042,IMG-011,satellite_011.jpg,2026-11-10T05:50:18Z,Frégate,0.79,True,ZONE-004,Détroit de Malacca,Critical,3.0,101.0,MIL-001,Zone militaire 2 - Port de Shanghai,Critical,3801.407,False,"0.16403829413736376,0.4772817603582212,0.16009838604380464,0.23194755918871343",2026-11-10,05:50:18,"3.0,101.0",International,10m,Sentinel-2,4,"Pétrolier, Frégate, Navire de guerre, Chalutier",11.3,https://example.com/satellite_images/satellite_011.jpg,0.16403829413736376,0.4772817603582212,0.16009838604380464,0.23194755918871343,0.03713442987291287,0.690235269574654,35,25,8,0,0
68,Moyenne,DET-062-00165,IMG-062,satellite_062.jpg,2026-11-23T04:44:28Z,Frégate,0.78,True,ZONE-007,Mer de Chine Méridionale,Critical,15.0,110.0,MIL-001,Zone militaire 2 - Port de Shanghai,Critical,2147.87,False,"0.5018297396772777,0.38675926405890426,0.23399868681767724,0.09945887617471871",2026-11-23,04:44:28,"15.0,110.0",International,10m,Sentinel-2,5,"Sous-marin, Navire de guerre, Frégate, Navire civil, Croiseur",31.1,https://example.com/satellite_images/satellite_062.jpg,0.5018297396772777,0.38675926405890426,0.23399868681767724,0.09945887617471871,0.023273246417246145,2.3527179857392855,35,25,8,0,0
68,Moyenne,DET-073-00199,IMG-073,satellite_073.jpg,2026-06-29T00:59:57Z,Navire de guerre,0.77,True,ZONE-001,Port militaire de Toulon,High,43.12,5.9,MIL-010,Zone militaire 11 - Port militaire de Toulon,High,0.0,True,"0.5905560074904572,0.20052303695315876,0.2354627861170886,0.2707679080462052",2026-06-29,00:59:57,"43.12,5.9",France,5m,Landsat-8,5,"Navire civil, Navire de soutien, Sous-marin, Destroyer, Navire de guerre",46.8,https://example.com/satellite_images/satellite_073.jpg,0.5905560074904572,0.20052303695315876,0.2354627861170886,0.2707679080462052,0.06375576601965513,0.869611128645674,35,15,8,0,10
68,Moyenne,DET-067-00184,IMG-067,satellite_067.jpg,2026-10-11T21:36:25Z,Frégate,0.76,True,ZONE-001,Port militaire de Toulon,High,43.12,5.9,MIL-010,Zone militaire 11 - Port militaire de Toulon,High,0.0,True,"0.002722648564658581,0.5922517839448734,0.16489844717717117,0.10207053139601573",2026-10-11,21:36:25,"43.12,5.9",France,5m,Sentinel-2,5,"Destroyer, Pétrolier, Sous-marin, Navire de guerre, Frégate",15.5,https://example.com/satellite_images/satellite_067.jpg,0.002722648564658581,0.5922517839448734,0.16489844717717117,0.10207053139601573,0.01683127212975169,1.6155343263316047,35,15,8,0,10
65,Moyenne,DET-052-00145,IMG-052,satellite_052.jpg,2026-02-17T10:50:44Z,Corvette,0.98,True,ZONE-002,Base navale de Norfolk,High,36.9,-76.3,MIL-010,Zone militaire 11 - Port militaire de Toulon,High,6747.776,False,"0.1179747746482942,0.17541878555507637,0.16311522961341715,0.25990127495885296",2026-02-17,10:50:44,"36.9,-76.3",USA,10m,PlanetScope,5,"Porte-avions, Corvette, Bâtiment de débarquement, Navire de guerre, Chalutier",24.3,https://example.com/satellite_images/satellite_052.jpg,0.1179747746482942,0.17541878555507637,0.16311522961341715,0.25990127495885296,0.04239385614173317,0.62760457654254,35,15,15,0,0
65,Moyenne,DET-005-00018,IMG-005,satellite_005.jpg,2026-11-09T21:23:47Z,Frégate,0.97,True,ZONE-005,Base navale de Rota,High,36.6,-6.4,MIL-010,Zone militaire 11 - Port militaire de Toulon,High,1273.735,False,"0.6879133505955424,0.06291192476571572,0.22065095849921737,0.23125273986789177",2026-11-09,21:23:47,"36.6,-6.4",Spain,0.5m,WorldView-3,4,"Pétrolier, Destroyer, Cargo, Frégate",45.2,https://example.com/satellite_images/satellite_005.jpg,0.6879133505955424,0.06291192476571572,0.22065095849921737,0.23125273986789177,0.051026138707420496,0.9541550021213547,35,15,15,0,0
65,Moyenne,DET-029-00093,IMG-029,satellite_029.jpg,2026-02-13T11:27:00Z,Destroyer,0.97,True,ZONE-015,Mer Baltique,Medium,55.0,20.0,MIL-010,Zone militaire 11 - Port militaire de Toulon,High,1666.902,False,"0.6104398872725019,0.1562158873207724,0.0527097688269382,0.23542328443472907",2026-02-13,11:27:00,"55.0,20.0",International,10m,WorldView-3,4,"Cargo, Navire de guerre, Corvette, Destroyer",45.3,https://example.com/satellite_images/satellite_029.jpg,0.6104398872725019,0.1562158873207724,0.0527097688269382,0.23542328443472907,0.012409106899033087,0.22389360913683093,35,0,15,15,0
65,Moyenne,DET-088-00224,IMG-088,satellite_088.jpg,2026-02-10T17:03:44Z,Frégate,0.97,True,ZONE-002,Base navale de Norfolk,High,36.9,-76.3,MIL-010,Zone militaire 11 - Port militaire de Toulon,High,6747.776,False,"0.7357783294056279,0.5778059778290113,0.2810844285982065,0.03288936268755211",2026-02-10,17:03:44,"36.9,-76.3",USA,5m,PlanetScope,3,"Frégate, Destroyer, Cargo",16.5,https://example.com/satellite_images/satellite_088.jpg,0.7357783294056279,0.5778059778290113,0.2810844285982065,0.03288936268755211,0.009244687717989758,8.546362885425891,35,15,15,0,0
65,Moyenne,DET-004-00012,IMG-004,satellite_004.jpg,2026-10-03T08:53:49Z,Destroyer,0.96,True,ZONE-015,Mer Baltique,Medium,55.0,20.0,MIL-010,Zone militaire 11 - Port militaire de Toulon,High,1666.902,False,"0.7459333595512729,0.10487580225891656,0.051638289429665626,0.19395726910703068",2026-10-03,08:53:49,"55.0,20.0",International,1m,Sentinel-2,3,"Destroyer, Pétrolier, Frégate",32.7,https://example.com/satellite_images/satellite_004.jpg,0.7459333595512729,0.10487580225891656,0.051638289429665626,0.19395726910703068,0.010015621599136394,0.26623539126636325,35,0,15,15,0
65,Moyenne,DET-017-00058,IMG-017,satellite_017.jpg,2026-06-14T06:02:40Z,Destroyer,0.96,True,ZONE-015,Mer Baltique,Medium,55.0,20.0,MIL-010,Zone militaire 11 - Port militaire de Toulon,High,1666.902,False,"0.6845020505388564,0.5612767055683373,0.0891578059675679,0.054792363215503626",2026-06-14,06:02:40,"55.0,20.0",International,5m,PlanetScope,4,"Navire de guerre, Porte-avions, Destroyer, Chalutier",9.5,https://example.com/satellite_images/satellite_017.jpg,0.6845020505388564,0.5612767055683373,0.0891578059675679,0.054792363215503626,0.004885166888072377,1.6271940236799367,35,0,15,15,0
65,Moyenne,DET-050-00141,IMG-050,satellite_050.jpg,2026-03-07T18:56:42Z,Sous-marin,0.96,True,ZONE-014,Port de Singapour,Low,1.3,103.8,MIL-001,Zone militaire 2 - Port de Shanghai,Critical,3810.398,False,"0.5525390155570772,0.6601042354849485,0.11299064590663402,0.2030191898719918",2026-03-07,18:56:42,"1.3,103.8",Singapore,1m,Maxar,5,"Navire de guerre, Croiseur, Chalutier, Sous-marin, Bâtiment de débarquement",34.1,https://example.com/satellite_images/satellite_050.jpg,0.5525390155570772,0.6601042354849485,0.11299064590663402,0.2030191898719918,0.022939269395077923,0.5565515554361004,35,0,15,15,0
65,Moyenne,DET-063-00170,IMG-063,satellite_063.jpg,2026-06-16T18:23:46Z,Frégate,0.96,True,ZONE-005,Base navale de Rota,High,36.6,-6.4,MIL-010,Zone militaire 11 - Port militaire de Toulon,High,1273.735,False,"0.293966182568635,0.5268943251703789,0.18899129638482154,0.12227398503001088",2026-06-16,18:23:46,"36.6,-6.4",Spain,5m,Maxar,4,"Cargo, Corvette, Frégate, Sous-marin",29.6,https://example.com/satellite_images/satellite_063.jpg,0.293966182568635,0.5268943251703789,0.18899129638482154,0.12227398503001088,0.02310871894496002,1.545637825891056,35,15,15,0,0
65,Moyenne,DET-090-00231,IMG-090,satellite_090.jpg,2026-08-16T00:20:55Z,Corvette,0.95,True,ZONE-002,Base navale de Norfolk,High,36.9,-76.3,MIL-010,Zone militaire 11 - Port militaire de Toulon,High,6747.776,False,"0.4765458247099379,0.5977509305529317,0.24772650369197496,0.29683740379078655",2026-08-16,00:20:55,"36.9,-76.3",USA,10m,PlanetScope,4,"Bâtiment de débarquement, Cargo, Corvette, Sous-marin",44.0,https://example.com/satellite_images/satellite_090.jpg,0.4765458247099379,0.5977509305529317,0.24772650369197496,0.29683740379078655,0.07353449220609455,0.8345528579901428,35,15,15,0,0
65,Moyenne,DET-030-00094,IMG-030,satellite_030.jpg,2026-04-14T02:08:57Z,Navire de guerre,0.94,True,ZONE-009,Base navale de Yokosuka,High,35.4,139.7,MIL-001,Zone militaire 2 - Port de Shanghai,Critical,1751.832,False,"0.6544284329143117,0.545304427412506,0.2848842521895008,0.12010948422816879",2026-04-14,02:08:57,"35.4,139.7",Japan,0.5m,Maxar,3,"Navire de guerre, Cargo, Navire civil",46.7,https://example.com/satellite_images/satellite_030.jpg,0.6544284329143117,0.545304427412506,0.2848842521895008,0.12010948422816879,0.03421730059520851,2.3718714139868737,35,15,15,0,0
65,Moyenne,DET-097-00246,IMG-097,satellite_097.jpg,2026-10-18T19:57:16Z,Croiseur,0.94,True,ZONE-006,Port de Rotterdam,Low,51.9,4.5,MIL-010,Zone militaire 11 - Port militaire de Toulon,High,981.887,False,"0.31884787007304516,0.5894787502913726,0.2238722866145344,0.22007264218837122",2026-10-18,19:57:16,"51.9,4.5",Netherlands,10m,PlanetScope,4,"Navire de guerre, Navire de soutien, Pétrolier, Croiseur",15.8,https://example.com/satellite_images/satellite_097.jpg,0.31884787007304516,0.5894787502913726,0.2238722866145344,0.22007264218837122,0.049268165628012915,1.017265410131764,35,0,15,15,0
65,Moyenne,DET-063-00169,IMG-063,satellite_063.jpg,2026-06-16T18:23:46Z,Corvette,0.93,True,ZONE-005,Base navale de Rota,High,36.6,-6.4,MIL-010,Zone militaire 11 - Port militaire de Toulon,High,1273.735,False,"0.3673913998247198,0.12576936144059767,0.20278619038033702,0.24250306761067558",2026-06-16,18:23:46,"36.6,-6.4",Spain,5m,Maxar,4,"Cargo, Corvette, Frégate, Sous-marin",29.6,https://example.com/satellite_images/satellite_063.jpg,0.3673913998247198,0.12576936144059767,0.20278619038033702,0.24250306761067558,0.0491762732363142,0.836221134760647,35,15,15,0,0
65,Moyenne,DET-026-00083,IMG-026,satellite_026.jpg,2026-09-27T22:47:18Z,Navire de guerre,0.91,True,ZONE-005,Base navale de Rota,High,36.6,-6.4,MIL-010,Zone militaire 11 - Port militaire de Toulon,High,1273.735,False,"0.7376127315436073,0.4778698443732501,0.28224135972880354,0.1055613150659622",2026-09-27,22:47:18,"36.6,-6.4",Spain,5m,Maxar,3,"Navire de guerre, Navire civil, Pétrolier",19.6,https://example.com/satellite_images/satellite_026.jpg,0.7376127315436073,0.4778698443732501,0.28224135972880354,0.1055613150659622,0.029793769098977806,2.6737196249633604,35,15,15,0,0
65,Moyenne,DET-087-00222,IMG-087,satellite_087.jpg,2026-07-03T22:36:58Z,Croiseur,0.91,True,ZONE-014,Port de Singapour,Low,1.3,103.8,MIL-001,Zone militaire 2 - Port de Shanghai,Critical,3810.398,False,"0.10130585695889814,0.2085654838479216,0.21229038009072798,0.07965780705431597",2026-07-03,22:36:58,"1.3,103.8",Singapore,10m,WorldView-3,2,"Croiseur, Corvette",11.5,https://example.com/satellite_images/satellite_087.jpg,0.10130585695889814,0.2085654838479216,0.21229038009072798,0.07965780705431597,0.01691058613675461,2.6650291784454265,35,0,15,15,0
65,Moyenne,DET-015-00052,IMG-015,satellite_015.jpg,2026-02-22T00:41:47Z,Corvette,0.9,True,ZONE-002,Base navale de Norfolk,High,36.9,-76.3,MIL-010,Zone militaire 11 - Port militaire de Toulon,High,6747.776,False,"0.5007379854311166,0.5957804436751779,0.2053679763296323,0.1502678209758156",2026-02-22,00:41:47,"36.9,-76.3",USA,10m,PlanetScope,1,Corvette,37.3,https://example.com/satellite_images/satellite_015.jpg,0.5007379854311166,0.5957804436751779,0.2053679763296323,0.1502678209758156,0.030860198301266722,1.3666796723077834,35,15,15,0,0
65,Moyenne,DET-078-00202,IMG-078,satellite_078.jpg,2026-04-30T04:31:41Z,Croiseur,0.88,True,ZONE-014,Port de Singapour,Low,1.3,103.8,MIL-001,Zone militaire 2 - Port de Shanghai,Critical,3810.398,False,"0.625613344416472,0.15106464222922247,0.14860376978157167,0.15336685202127248",2026-04-30,04:31:41,"1.3,103.8",Singapore,5m,Maxar,2,"Croiseur, Sous-marin",32.1,https://example.com/satellite_images/satellite_078.jpg,0.625613344416472,0.15106464222922247,0.14860376978157167,0.15336685202127248,0.022790892369893546,0.9689432091946429,35,0,15,15,0
65,Moyenne,DET-084-00212,IMG-084,satellite_084.jpg,2026-12-10T05:15:09Z,Navire de guerre,0.88,True,ZONE-009,Base navale de Yokosuka,High,35.4,139.7,MIL-001,Zone militaire 2 - Port de Shanghai,Critical,1751.832,False,"0.5630425963760133,0.6059369759733428,0.1356065159199491,0.25945300852578196",2026-12-10,05:15:09,"35.4,139.7",Japan,10m,WorldView-3,2,"Navire de guerre, Bâtiment de débarquement",3.9,https://example.com/satellite_images/satellite_084.jpg,0.5630425963760133,0.6059369759733428,0.1356065159199491,0.25945300852578196,0.035183518531130144,0.5226631084005096,35,15,15,0,0
65,Moyenne,DET-017-00057,IMG-017,satellite_017.jpg,2026-06-14T06:02:40Z,Porte-avions,0.87,True,ZONE-015,Mer Baltique,Medium,55.0,20.0,MIL-010,Zone militaire 11 - Port militaire de Toulon,High,1666.902,False,"0.42786116627326093,0.3460316335015722,0.08180344464056337,0.15163135324170585",2026-06-14,06:02:40,"55.0,20.0",International,5m,PlanetScope,4,"Navire de guerre, Porte-avions, Destroyer, Chalutier",9.5,https://example.com/satellite_images/satellite_017.jpg,0.42786116627326093,0.3460316335015722,0.08180344464056337,0.15163135324170585,0.012403967010681593,0.5394889835888078,35,0,15,15,0
65,Moyenne,DET-053-00149,IMG-053,satellite_053.jpg,2026-05-30T12:04:38Z,Sous-marin,0.86,True,ZONE-010,Canal de Suez,Medium,30.0,32.5,MIL-011,Zone militaire 12 - Détroit d'Ormuz,High,2378.864,False,"0.1313137801850485,0.7385090128452011,0.08887401699920724,0.06087510563824662",2026-05-30,12:04:38,"30.0,32.5",Egypt,10m,PlanetScope,1,Sous-marin,36.4,https://example.com/satellite_images/satellite_053.jpg,0.1313137801850485,0.7385090128452011,0.08887401699920724,0.06087510563824662,0.005410215173322067,1.4599402509023238,35,0,15,15,0
65,Moyenne,DET-009-00034,IMG-009,satellite_009.jpg,2026-01-28T03:13:46Z,Destroyer,0.85,True,ZONE-015,Mer Baltique,Medium,55.0,20.0,MIL-010,Zone militaire 11 - Port militaire de Toulon,High,1666.902,False,"0.6431304339005923,0.0269089915507724,0.280996079698712,0.0483426815557199",2026-01-28,03:13:46,"55.0,20.0",International,10m,Sentinel-2,5,"Frégate, Navire de soutien, Chalutier, Destroyer, Navire de guerre",1.9,https://example.com/satellite_images/satellite_009.jpg,0.6431304339005923,0.0269089915507724,0.280996079698712,0.0483426815557199,0.013584103999280523,5.812587772460144,35,0,15,15,0
65,Moyenne,DET-036-00114,IMG-036,satellite_036.jpg,2026-06-20T06:08:55Z,Croiseur,0.85,True,ZONE-011,Port de Busan,Medium,35.1,129.0,MIL-001,Zone militaire 2 - Port de Shanghai,Critical,821.551,False,"0.6236808834894247,0.01404811738805849,0.11242412009602265,0.12318791724554215",2026-06-20,06:08:55,"35.1,129.0",South Korea,5m,Maxar,4,"Frégate, Pétrolier, Croiseur, Chalutier",45.5,https://example.com/satellite_images/satellite_036.jpg,0.6236808834894247,0.01404811738805849,0.11242412009602265,0.12318791724554215,0.01384929320279173,0.9126229471997261,35,0,15,15,0
65,Moyenne,DET-052-00147,IMG-052,satellite_052.jpg,2026-02-17T10:50:44Z,Navire de guerre,0.85,True,ZONE-002,Base navale de Norfolk,High,36.9,-76.3,MIL-010,Zone militaire 11 - Port militaire de Toulon,High,6747.776,False,"0.12580311538416772,0.13073650357059075,0.23825895987494944,0.17327878708430172",2026-02-17,10:50:44,"36.9,-76.3",USA,10m,PlanetScope,5,"Porte-avions, Corvette, Bâtiment de débarquement, Navire de guerre, Chalutier",24.3,https://example.com/satellite_images/satellite_052.jpg,0.12580311538416772,0.13073650357059075,0.23825895987494944,0.17327878708430172,0.04128522357909855,1.375003622105424,35,15,15,0,0
65,Moyenne,DET-059-00161,IMG-059,satellite_059.jpg,2026-06-15T01:01:51Z,Croiseur,0.85,True,ZONE-011,Port de Busan,Medium,35.1,129.0,MIL-001,Zone militaire 2 - Port de Shanghai,Critical,821.551,False,"0.6387945400074656,0.061346258251283196,0.28406442174593904,0.26015663863427085",2026-06-15,01:01:51,"35.1,129.0",South Korea,5m,Sentinel-2,2,"Cargo, Croiseur",15.8,https://example.com/satellite_images/satellite_059.jpg,0.6387945400074656,0.061346258251283196,0.28406442174593904,0.26015663863427085,0.07390124511701138,1.0918976476524893,35,0,15,15,0
60,Moyenne,DET-014-00048,IMG-014,satellite_014.jpg,2026-05-04T09:01:54Z,Frégate,0.74,True,ZONE-008,Golfe Persique,Critical,26.0,55.0,MIL-011,Zone militaire 12 - Détroit d'Ormuz,High,149.788,False,"0.02000427600465642,0.0852967586539485,0.24786865788197038,0.12697731538248858",2026-05-04,09:01:54,"26.0,55.0",International,0.5m,PlanetScope,4,"Frégate, Navire de guerre, Destroyer, Navire de soutien",29.3,https://example.com/satellite_images/satellite_014.jpg,0.02000427600465642,0.0852967586539485,0.24786865788197038,0.12697731538248858,0.03147369674531311,1.9520703925368539,35,25,0,0,0
60,Moyenne,DET-022-00071,IMG-022,satellite_022.jpg,2026-07-08T09:39:17Z,Corvette,0.72,True,ZONE-004,Détroit de Malacca,Critical,3.0,101.0,MIL-001,Zone militaire 2 - Port de Shanghai,Critical,3801.407,False,"0.1219055429661685,0.726922062813933,0.2396548178712163,0.036486714944022836",2026-07-08,09:39:17,"3.0,101.0",International,5m,PlanetScope,4,"Corvette, Pétrolier, Destroyer, Navire civil",4.3,https://example.com/satellite_images/satellite_022.jpg,0.1219055429661685,0.726922062813933,0.2396548178712163,0.036486714944022836,0.008744217024628778,6.568276103751455,35,25,0,0,0
58,Moyenne,DET-000-00001,IMG-000,satellite_000.jpg,2026-08-31T17:17:58Z,Navire de guerre,0.84,True,ZONE-002,Base navale de Norfolk,High,36.9,-76.3,MIL-010,Zone militaire 11 - Port militaire de Toulon,High,6747.776,False,"0.3766847153545144,0.602830810224785,0.2798675218303956,0.06677135003212305",2026-08-31,17:17:58,"36.9,-76.3",USA,1m,Sentinel-2,5,"Navire de guerre, Navire civil, Bâtiment de débarquement, Destroyer, Pétrolier",17.0,https://example.com/satellite_images/satellite_000.jpg,0.3766847153545144,0.602830810224785,0.2798675218303956,0.06677135003212305,0.018687132262760184,4.191431230546545,35,15,8,0,0
58,Moyenne,DET-002-00011,IMG-002,satellite_002.jpg,2026-03-02T15:20:53Z,Navire de guerre,0.83,True,ZONE-009,Base navale de Yokosuka,High,35.4,139.7,MIL-001,Zone militaire 2 - Port de Shanghai,Critical,1751.832,False,"0.30456345171686955,0.3764579548053819,0.2866799639158904,0.10155543062736225",2026-03-02,15:20:53,"35.4,139.7",Japan,1m,Sentinel-2,4,"Navire de soutien, Chalutier, Porte-avions, Navire de guerre",25.6,https://example.com/satellite_images/satellite_002.jpg,0.30456345171686955,0.3764579548053819,0.2866799639158904,0.10155543062736225,0.02911390718771492,2.8228915198814564,35,15,8,0,0
58,Moyenne,DET-001-00007,IMG-001,satellite_001.jpg,2026-04-17T04:54:56Z,Navire de guerre,0.82,True,ZONE-002,Base navale de Norfolk,High,36.9,-76.3,MIL-010,Zone militaire 11 - Port militaire de Toulon,High,6747.776,False,"0.3411762211653643,0.6161236185669328,0.047216533236275934,0.15767573297863702",2026-04-17,04:54:56,"36.9,-76.3",USA,10m,Maxar,2,"Destroyer, Navire de guerre",39.0,https://example.com/satellite_images/satellite_001.jpg,0.3411762211653643,0.6161236185669328,0.047216533236275934,0.15767573297863702,0.0074449014867399846,0.29945339301307167,35,15,8,0,0
58,Moyenne,DET-054-00150,IMG-054,satellite_054.jpg,2026-01-06T11:03:09Z,Sous-marin,0.82,True,ZONE-015,Mer Baltique,Medium,55.0,20.0,MIL-010,Zone militaire 11 - Port militaire de Toulon,High,1666.902,False,"0.3398516679385469,0.7863393994568803,0.10484281237478499,0.21519071708349907",2026-01-06,11:03:09,"55.0,20.0",International,5m,Maxar,3,"Sous-marin, Navire civil, Frégate",6.0,https://example.com/satellite_images/satellite_054.jpg,0.3398516679385469,0.7863393994568803,0.10484281237478499,0.21519071708349907,0.02256119997598073,0.4872088061963356,35,0,8,15,0
58,Moyenne,DET-070-00191,IMG-070,satellite_070.jpg,2026-10-08T12:35:10Z,Destroyer,0.81,True,ZONE-006,Port de Rotterdam,Low,51.9,4.5,MIL-010,Zone militaire 11 - Port militaire de Toulon,High,981.887,False,"0.35791156419089437,0.030481146533064597,0.26963197812680145,0.23738752204792443",2026-10-08,12:35:10,"51.9,4.5",Netherlands,10m,Landsat-8,5,"Navire de guerre, Destroyer, Chalutier, Navire de soutien, Cargo",6.2,https://example.com/satellite_images/satellite_070.jpg,0.35791156419089437,0.030481146533064597,0.26963197812680145,0.23738752204792443,0.06400726715240156,1.135830458992564,35,0,8,15,0
58,Moyenne,DET-021-00069,IMG-021,satellite_021.jpg,2026-06-23T11:20:18Z,Porte-avions,0.8,True,ZONE-006,Port de Rotterdam,Low,51.9,4.5,MIL-010,Zone militaire 11 - Port militaire de Toulon,High,981.887,False,"0.6066028157266927,0.10149634944437827,0.08631477615038566,0.2788799275032734",2026-06-23,11:20:18,"51.9,4.5",Netherlands,10m,PlanetScope,4,"Chalutier, Bâtiment de débarquement, Porte-avions, Pétrolier",6.2,https://example.com/satellite_images/satellite_021.jpg,0.6066028157266927,0.10149634944437827,0.08631477615038566,0.2788799275032734,0.024071458515280825,0.30950515844985843,35,0,8,15,0
58,Moyenne,DET-010-00036,IMG-010,satellite_010.jpg,2026-10-10T13:35:17Z,Sous-marin,0.78,True,ZONE-014,Port de Singapour,Low,1.3,103.8,MIL-001,Zone militaire 2 - Port de Shanghai,Critical,3810.398,False,"0.2760713813050738,0.6292109071254108,0.2552668424892788,0.15208309246454915",2026-10-10,13:35:17,"1.3,103.8",Singapore,5m,WorldView-3,5,"Sous-marin, Chalutier, Navire civil, Navire de guerre, Navire de soutien",43.7,https://example.com/satellite_images/satellite_010.jpg,0.2760713813050738,0.6292109071254108,0.2552668424892788,0.15208309246454915,0.038821770809430486,1.6784695678698272,35,0,8,15,0
58,Moyenne,DET-044-00129,IMG-044,satellite_044.jpg,2026-03-31T04:23:18Z,Croiseur,0.78,True,ZONE-006,Port de Rotterdam,Low,51.9,4.5,MIL-010,Zone militaire 11 - Port militaire de Toulon,High,981.887,False,"0.18281788358366297,0.18014542978473458,0.1565062525636734,0.20711162511944609",2026-03-31,04:23:18,"51.9,4.5",Netherlands,0.5m,Maxar,3,"Navire civil, Croiseur, Bâtiment de débarquement",10.7,https://example.com/satellite_images/satellite_044.jpg,0.18281788358366297,0.18014542978473458,0.1565062525636734,0.20711162511944609,0.03241426430981687,0.7556613612268872,35,0,8,15,0
58,Moyenne,DET-046-00131,IMG-046,satellite_046.jpg,2026-03-21T01:52:38Z,Porte-avions,0.76,True,ZONE-006,Port de Rotterdam,Low,51.9,4.5,MIL-010,Zone militaire 11 - Port militaire de Toulon,High,981.887,False,"0.5380520436590089,0.6229409546340196,0.29579642785380394,0.11559196500260188",2026-03-21,01:52:38,"51.9,4.5",Netherlands,0.5m,PlanetScope,2,"Porte-avions, Navire civil",12.2,https://example.com/satellite_images/satellite_046.jpg,0.5380520436590089,0.6229409546340196,0.29579642785380394,0.11559196500260188,0.03419169033637156,2.55897049459403,35,0,8,15,0
58,Moyenne,DET-064-00173,IMG-064,satellite_064.jpg,2026-03-12T14:37:19Z,Corvette,0.75,True,ZONE-005,Base navale de Rota,High,36.6,-6.4,MIL-010,Zone militaire 11 - Port militaire de Toulon,High,1273.735,False,"0.08331880082114936,0.02318665499229793,0.08407819476737194,0.2736915841498575",2026-03-12,14:37:19,"36.6,-6.4",Spain,1m,WorldView-3,4,"Navire de soutien, Corvette, Cargo, Bâtiment de débarquement",38.7,https://example.com/satellite_images/satellite_064.jpg,0.08331880082114936,0.02318665499229793,0.08407819476737194,0.2736915841498575,0.023011494318342287,0.3072005119504721,35,15,8,0,0
58,Moyenne,DET-078-00203,IMG-078,satellite_078.jpg,2026-04-30T04:31:41Z,Sous-marin,0.75,True,ZONE-014,Port de Singapour,Low,1.3,103.8,MIL-001,Zone militaire 2 - Port de Shanghai,Critical,3810.398,False,"0.02224302843686612,0.23783000556389258,0.11113649573143823,0.027210532925129483",2026-04-30,04:31:41,"1.3,103.8",Singapore,5m,Maxar,2,"Croiseur, Sous-marin",32.1,https://example.com/satellite_images/satellite_078.jpg,0.02224302843686612,0.23783000556389258,0.11113649573143823,0.027210532925129483,0.003024083276283812,4.084318967115907,35,0,8,15,0
53,Moyenne,DET-058-00159,IMG-058,satellite_058.jpg,2026-05-23T19:07:48Z,Frégate,0.83,True,ZONE-003,Port de Shanghai,Medium,31.2,121.5,MIL-001,Zone militaire 2 - Port de Shanghai,Critical,0.0,True,"0.7316242107089259,0.7531530073313393,0.03198787352013434,0.054313317480417095",2026-05-23,19:07:48,"31.2,121.5",China,5m,PlanetScope,2,"Cargo, Frégate",37.5,https://example.com/satellite_images/satellite_058.jpg,0.7316242107089259,0.7531530073313393,0.03198787352013434,0.054313317480417095,0.0017373675300224834,0.5889508320250868,35,0,8,0,10
53,Moyenne,DET-037-00117,IMG-037,satellite_037.jpg,2026-05-03T20:00:00Z,Corvette,0.79,True,ZONE-003,Port de Shanghai,Medium,31.2,121.5,MIL-001,Zone militaire 2 - Port de Shanghai,Critical,0.0,True,"0.47804213404009466,0.1398971181387041,0.11920513888057802,0.08265913805721634",2026-05-03,20:00:00,"31.2,121.5",China,10m,Landsat-8,5,"Navire de soutien, Corvette, Navire de guerre, Bâtiment de débarquement, Cargo",7.0,https://example.com/satellite_images/satellite_037.jpg,0.47804213404009466,0.1398971181387041,0.11920513888057802,0.08265913805721634,0.009853394031859345,1.442128985159084,35,0,8,0,10
53,Moyenne,DET-037-00118,IMG-037,satellite_037.jpg,2026-05-03T20:00:00Z,Navire de guerre,0.76,True,ZONE-003,Port de Shanghai,Medium,31.2,121.5,MIL-001,Zone militaire 2 - Port de Shanghai,Critical,0.0,True,"0.5017843581004148,0.5288846956416352,0.24136010722646295,0.08870742497334128",2026-05-03,20:00:00,"31.2,121.5",China,10m,Landsat-8,5,"Navire de soutien, Corvette, Navire de guerre, Bâtiment de débarquement, Cargo",7.0,https://example.com/satellite_images/satellite_037.jpg,0.5017843581004148,0.5288846956416352,0.24136010722646295,0.08870742497334128,0.021410433603349068,2.7208557490987646,35,0,8,0,10
50,Moyenne,DET-048-00134,IMG-048,satellite_048.jpg,2026-03-09T00:27:29Z,Corvette,1.0,True,ZONE-006,Port de Rotterdam,Low,51.9,4.5,MIL-010,Zone militaire 11 - Port militaire de Toulon,High,981.887,False,"0.4677079270446455,0.09195611868191725,0.17486131105388825,0.297984745266856",2026-03-09,00:27:29,"51.9,4.5",Netherlands,1m,Maxar,1,Corvette,45.6,https://example.com/satellite_images/satellite_048.jpg,0.4677079270446455,0.09195611868191725,0.17486131105388825,0.297984745266856,0.05210600323142136,0.5868129621779589,35,0,15,0,0
50,Moyenne,DET-097-00243,IMG-097,satellite_097.jpg,2026-10-18T19:57:16Z,Navire de guerre,0.97,True,ZONE-006,Port de Rotterdam,Low,51.9,4.5,MIL-010,Zone militaire 11 - Port militaire de Toulon,High,981.887,False,"0.17078880473874858,0.3440136191217101,0.09552387614868389,0.20942872602879217",2026-10-18,19:57:16,"51.9,4.5",Netherlands,10m,PlanetScope,4,"Navire de guerre, Navire de soutien, Pétrolier, Croiseur",15.8,https://example.com/satellite_images/satellite_097.jpg,0.17078880473874858,0.3440136191217101,0.09552387614868389,0.20942872602879217,0.020005443687150994,0.4561163979747043,35,0,15,0,0
50,Moyenne,DET-004-00014,IMG-004,satellite_004.jpg,2026-10-03T08:53:49Z,Frégate,0.96,True,ZONE-015,Mer Baltique,Medium,55.0,20.0,MIL-010,Zone militaire 11 - Port militaire de Toulon,High,1666.902,False,"0.5868673096084751,0.42216123624283974,0.02584597465863368,0.26667474155647475",2026-10-03,08:53:49,"55.0,20.0",International,1m,Sentinel-2,3,"Destroyer, Pétrolier, Frégate",32.7,https://example.com/satellite_images/satellite_004.jpg,0.5868673096084751,0.42216123624283974,0.02584597465863368,0.26667474155647475,0.006892468612366332,0.09691947016721933,35,0,15,0,0
50,Moyenne,DET-025-00082,IMG-025,satellite_025.jpg,2026-03-29T01:02:14Z,Navire de guerre,0.96,True,ZONE-006,Port de Rotterdam,Low,51.9,4.5,MIL-010,Zone militaire 11 - Port militaire de Toulon,High,981.887,False,"0.712508864280794,0.5571407140933696,0.21169649742441327,0.10631328065570397",2026-03-29,01:02:14,"51.9,4.5",Netherlands,0.5m,Maxar,3,"Navire de soutien, Cargo, Navire de guerre",44.8,https://example.com/satellite_images/satellite_025.jpg,0.712508864280794,0.5571407140933696,0.21169649742441327,0.10631328065570397,0.02250614914451116,1.9912516678889187,35,0,15,0,0
50,Moyenne,DET-093-00239,IMG-093,satellite_093.jpg,2026-08-26T03:30:21Z,Navire de guerre,0.95,True,ZONE-015,Mer Baltique,Medium,55.0,20.0,MIL-010,Zone militaire 11 - Port militaire de Toulon,High,1666.902,False,"0.040684317885415135,0.7860105216115326,0.03943937835935639,0.04692849369022119",2026-08-26,03:30:21,"55.0,20.0",International,10m,Sentinel-2,2,"Chalutier, Navire de guerre",43.9,https://example.com/satellite_images/satellite_093.jpg,0.040684317885415135,0.7860105216115326,0.03943937835935639,0.04692849369022119,0.0018508306184833023,0.8404143252433999,35,0,15,0,0
50,Moyenne,DET-036-00112,IMG-036,satellite_036.jpg,2026-06-20T06:08:55Z,Frégate,0.94,True,ZONE-011,Port de Busan,Medium,35.1,129.0,MIL-001,Zone militaire 2 - Port de Shanghai,Critical,821.551,False,"0.3335012349460372,0.7297826561013411,0.1810846006318152,0.16693860824794657",2026-06-20,06:08:55,"35.1,129.0",South Korea,5m,Maxar,4,"Frégate, Pétrolier, Croiseur, Chalutier",45.5,https://example.com/satellite_images/satellite_036.jpg,0.3335012349460372,0.7297826561013411,0.1810846006318152,0.16693860824794657,0.030230011204610455,1.0847376920913239,35,0,15,0,0
50,Moyenne,DET-009-00031,IMG-009,satellite_009.jpg,2026-01-28T03:13:46Z,Frégate,0.93,True,ZONE-015,Mer Baltique,Medium,55.0,20.0,MIL-010,Zone militaire 11 - Port militaire de Toulon,High,1666.902,False,"0.5806046350241214,0.4019280210704258,0.17250443531331297,0.1676337518855597",2026-01-28,03:13:46,"55.0,20.0",International,10m,Sentinel-2,5,"Frégate, Navire de soutien, Chalutier, Destroyer, Navire de guerre",1.9,https://example.com/satellite_images/satellite_009.jpg,0.5806046350241214,0.4019280210704258,0.17250443531331297,0.1676337518855597,0.02891756570847049,1.0290555056661763,35,0,15,0,0
50,Moyenne,DET-054-00152,IMG-054,satellite_054.jpg,2026-01-06T11:03:09Z,Frégate,0.91,True,ZONE-015,Mer Baltique,Medium,55.0,20.0,MIL-010,Zone militaire 11 - Port militaire de Toulon,High,1666.902,False,"0.7216011697799166,0.38660563867083886,0.18066924251345404,0.06998580442225212",2026-01-06,11:03:09,"55.0,20.0",International,5m,Maxar,3,"Sous-marin, Navire civil, Frégate",6.0,https://example.com/satellite_images/satellite_054.jpg,0.7216011697799166,0.38660563867083886,0.18066924251345404,0.06998580442225212,0.012644282271663032,2.5815126939658337,35,0,15,0,0
50,Moyenne,DET-070-00190,IMG-070,satellite_070.jpg,2026-10-08T12:35:10Z,Navire de guerre,0.91,True,ZONE-006,Port de Rotterdam,Low,51.9,4.5,MIL-010,Zone militaire 11 - Port militaire de Toulon,High,981.887,False,"0.3370364814651254,0.4338078266533149,0.025100436631307878,0.17991232809565363",2026-10-08,12:35:10,"51.9,4.5",Netherlands,10m,Landsat-8,5,"Navire de guerre, Destroyer, Chalutier, Navire de soutien, Cargo",6.2,https://example.com/satellite_images/satellite_070.jpg,0.3370364814651254,0.4338078266533149,0.025100436631307878,0.17991232809565363,0.004515877990556026,0.1395148231196407,35,0,15,0,0
50,Moyenne,DET-009-00035,IMG-009,satellite_009.jpg,2026-01-28T03:13:46Z,Navire de guerre,0.9,True,ZONE-015,Mer Baltique,Medium,55.0,20.0,MIL-010,Zone militaire 11 - Port militaire de Toulon,High,1666.902,False,"0.7107678508820067,0.101818531744832,0.19836334924357218,0.10744212650278184",2026-01-28,03:13:46,"55.0,20.0",International,10m,Sentinel-2,5,"Frégate, Navire de soutien, Chalutier, Destroyer, Navire de guerre",1.9,https://example.com/satellite_images/satellite_009.jpg,0.7107678508820067,0.101818531744832,0.19836334924357218,0.10744212650278184,0.021312580062943377,1.8462343933451117,35,0,15,0,0
50,Moyenne,DET-024-00078,IMG-024,satellite_024.jpg,2026-10-15T16:55:22Z,Navire de soutien,0.9,False,ZONE-012,Détroit d'Ormuz,Critical,25.0,56.0,MIL-011,Zone militaire 12 - Détroit d'Ormuz,High,0.0,True,"0.13601279370013505,0.15858622437236836,0.1687603410889934,0.14433350395672026",2026-10-15,16:55:22,"25.0,56.0",International,0.5m,Sentinel-2,3,"Porte-avions, Navire de soutien, Destroyer",25.9,https://example.com/satellite_images/satellite_024.jpg,0.13601279370013505,0.15858622437236836,0.1687603410889934,0.14433350395672026,0.02435777135830569,1.1692388562782883,0,25,15,0,10
50,Moyenne,DET-029-00092,IMG-029,satellite_029.jpg,2026-02-13T11:27:00Z,Corvette,0.89,True,ZONE-015,Mer Baltique,Medium,55.0,20.0,MIL-010,Zone militaire 11 - Port militaire de Toulon,High,1666.902,False,"0.033337111370055975,0.4059120090955305,0.1110866823410296,0.2505971413545173",2026-02-13,11:27:00,"55.0,20.0",International,10m,WorldView-3,4,"Cargo, Navire de guerre, Corvette, Destroyer",45.3,https://example.com/satellite_images/satellite_029.jpg,0.033337111370055975,0.4059120090955305,0.1110866823410296,0.2505971413545173,0.02783800503721936,0.4432879071987352,35,0,15,0,0
50,Moyenne,DET-017-00056,IMG-017,satellite_017.jpg,2026-06-14T06:02:40Z,Navire de guerre,0.88,True,ZONE-015,Mer Baltique,Medium,55.0,20.0,MIL-010,Zone militaire 11 - Port militaire de Toulon,High,1666.902,False,"0.6656479842270441,0.01846518992509303,0.11465390424505272,0.2650480955990544",2026-06-14,06:02:40,"55.0,20.0",International,5m,PlanetScope,4,"Navire de guerre, Porte-avions, Destroyer, Chalutier",9.5,https://example.com/satellite_images/satellite_017.jpg,0.6656479842270441,0.01846518992509303,0.11465390424505272,0.2650480955990544,0.03038879897314756,0.4325777326787243,35,0,15,0,0
50,Moyenne,DET-049-00137,IMG-049,satellite_049.jpg,2026-04-10T18:36:32Z,Pétrolier,0.88,False,ZONE-012,Détroit d'Ormuz,Critical,25.0,56.0,MIL-011,Zone militaire 12 - Détroit d'Ormuz,High,0.0,True,"0.22879254886312764,0.7669115900825608,0.08459007695659401,0.029299890220392637",2026-04-10,18:36:32,"25.0,56.0",International,10m,Maxar,3,"Destroyer, Croiseur, Pétrolier",38.2,https://example.com/satellite_images/satellite_049.jpg,0.22879254886312764,0.7669115900825608,0.08459007695659401,0.029299890220392637,0.0024784799685627695,2.887044160244654,0,25,15,0,10
50,Moyenne,DET-065-00179,IMG-065,satellite_065.jpg,2026-02-20T20:07:34Z,Navire de guerre,0.88,True,ZONE-015,Mer Baltique,Medium,55.0,20.0,MIL-010,Zone militaire 11 - Port militaire de Toulon,High,1666.902,False,"0.4639192520829741,0.5614584774502432,0.040971844570288886,0.09071993011741475",2026-02-20,20:07:34,"55.0,20.0",International,1m,Sentinel-2,4,"Bâtiment de débarquement, Frégate, Cargo, Navire de guerre",8.4,https://example.com/satellite_images/satellite_065.jpg,0.4639192520829741,0.5614584774502432,0.040971844570288886,0.09071993011741475,0.003716962876198187,0.45163002790302925,35,0,15,0,0
50,Moyenne,DET-008-00028,IMG-008,satellite_008.jpg,2026-10-21T20:26:19Z,Chalutier,0.85,False,ZONE-012,Détroit d'Ormuz,Critical,25.0,56.0,MIL-011,Zone militaire 12 - Détroit d'Ormuz,High,0.0,True,"0.5682357050993878,0.056430093648470514,0.13345396211281146,0.10620442634114431",2026-10-21,20:26:19,"25.0,56.0",International,5m,WorldView-3,3,"Chalutier, Porte-avions, Navire de guerre",43.8,https://example.com/satellite_images/satellite_008.jpg,0.5682357050993878,0.056430093648470514,0.13345396211281146,0.10620442634114431,0.014173401489143948,1.256576271916743,0,25,15,0,10
50,Moyenne,DET-039-00125,IMG-039,satellite_039.jpg,2026-02-25T09:12:06Z,Frégate,0.72,True,ZONE-005,Base navale de Rota,High,36.6,-6.4,MIL-010,Zone militaire 11 - Port militaire de Toulon,High,1273.735,False,"0.13450367913410188,0.216868239777701,0.09678877789643188,0.24239342556511753",2026-02-25,09:12:06,"36.6,-6.4",Spain,0.5m,Maxar,5,"Navire de soutien, Navire civil, Porte-avions, Cargo, Frégate",8.8,https://example.com/satellite_images/satellite_039.jpg,0.13450367913410188,0.216868239777701,0.09678877789643188,0.24239342556511753,0.023460963430577454,0.39930446822465554,35,15,0,0,0
50,Moyenne,DET-050-00139,IMG-050,satellite_050.jpg,2026-03-07T18:56:42Z,Croiseur,0.71,True,ZONE-014,Port de Singapour,Low,1.3,103.8,MIL-001,Zone militaire 2 - Port de Shanghai,Critical,3810.398,False,"0.4616976278025335,0.04810354547931635,0.26749471602706865,0.29868852342483926",2026-03-07,18:56:42,"1.3,103.8",Singapore,1m,Maxar,5,"Navire de guerre, Croiseur, Chalutier, Sous-marin, Bâtiment de débarquement",34.1,https://example.com/satellite_images/satellite_050.jpg,0.4616976278025335,0.04810354547931635,0.26749471602706865,0.29868852342483926,0.07989760175407182,0.8955640911806908,35,0,0,15,0
45,Moyenne,DET-007-00024,IMG-007,satellite_007.jpg,2026-04-06T03:08:14Z,Navire de guerre,0.72,True,ZONE-003,Port de Shanghai,Medium,31.2,121.5,MIL-001,Zone militaire 2 - Port de Shanghai,Critical,0.0,True,"0.016630245559289138,0.6261170766235215,0.1213290512433881,0.025769815534018553",2026-04-06,03:08:14,"31.2,121.5",China,5m,WorldView-3,5,"Croiseur, Navire de guerre, Chalutier, Pétrolier, Destroyer",21.1,https://example.com/satellite_images/satellite_007.jpg,0.016630245559289138,0.6261170766235215,0.1213290512433881,0.025769815534018553,0.0031266272694595956,4.708184700942948,35,0,0,0,10
43,Moyenne,DET-050-00138,IMG-050,satellite_050.jpg,2026-03-07T18:56:42Z,Navire de guerre,0.83,True,ZONE-014,Port de Singapour,Low,1.3,103.8,MIL-001,Zone militaire 2 - Port de Shanghai,Critical,3810.398,False,"0.40232605539639305,0.3699573556782915,0.10620851639930266,0.04481123588556532",2026-03-07,18:56:42,"1.3,103.8",Singapore,1m,Maxar,5,"Navire de guerre, Croiseur, Chalutier, Sous-marin, Bâtiment de débarquement",34.1,https://example.com/satellite_images/satellite_050.jpg,0.40232605539639305,0.3699573556782915,0.10620851639930266,0.04481123588556532,0.0047593348814250844,2.370131381123428,35,0,8,0,0
43,Moyenne,DET-065-00177,IMG-065,satellite_065.jpg,2026-02-20T20:07:34Z,Frégate,0.8,True,ZONE-015,Mer Baltique,Medium,55.0,20.0,MIL-010,Zone militaire 11 - Port militaire de Toulon,High,1666.902,False,"0.5478299485221089,0.6843560681703954,0.26636929845263885,0.06794866735838906",2026-02-20,20:07:34,"55.0,20.0",International,1m,Sentinel-2,4,"Bâtiment de débarquement, Frégate, Cargo, Navire de guerre",8.4,https://example.com/satellite_images/satellite_065.jpg,0.5478299485221089,0.6843560681703954,0.26636929845263885,0.06794866735838906,0.018099438855045814,3.9201548581916734,35,0,8,0,0
43,Moyenne,DET-010-00039,IMG-010,satellite_010.jpg,2026-10-10T13:35:17Z,Navire de guerre,0.79,True,ZONE-014,Port de Singapour,Low,1.3,103.8,MIL-001,Zone militaire 2 - Port de Shanghai,Critical,3810.398,False,"0.4425523775101121,0.5069974065567486,0.25327111911344086,0.1818735170202606",2026-10-10,13:35:17,"1.3,103.8",Singapore,5m,WorldView-3,5,"Sous-marin, Chalutier, Navire civil, Navire de guerre, Navire de soutien",43.7,https://example.com/satellite_images/satellite_010.jpg,0.4425523775101121,0.5069974065567486,0.25327111911344086,0.1818735170202606,0.04606330919281884,1.3925673361516762,35,0,8,0,0
43,Moyenne,DET-029-00091,IMG-029,satellite_029.jpg,2026-02-13T11:27:00Z,Navire de guerre,0.79,True,ZONE-015,Mer Baltique,Medium,55.0,20.0,MIL-010,Zone militaire 11 - Port militaire de Toulon,High,1666.902,False,"0.5797859025873303,0.6762124831585614,0.12246154273459305,0.06702011635463924",2026-02-13,11:27:00,"55.0,20.0",International,10m,WorldView-3,4,"Cargo, Navire de guerre, Corvette, Destroyer",45.3,https://example.com/satellite_images/satellite_029.jpg,0.5797859025873303,0.6762124831585614,0.12246154273459305,0.06702011635463924,0.00820738684304105,1.827235603211782,35,0,8,0,0
43,Moyenne,DET-020-00065,IMG-020,satellite_020.jpg,2026-10-22T12:31:57Z,Frégate,0.78,True,ZONE-014,Port de Singapour,Low,1.3,103.8,MIL-001,Zone militaire 2 - Port de Shanghai,Critical,3810.398,False,"0.12698987497108655,0.5904713697719989,0.07874069551564668,0.21505704421787378",2026-10-22,12:31:57,"1.3,103.8",Singapore,0.5m,Sentinel-2,5,"Navire civil, Chalutier, Pétrolier, Frégate, Cargo",14.0,https://example.com/satellite_images/satellite_020.jpg,0.12698987497108655,0.5904713697719989,0.07874069551564668,0.21505704421787378,0.016933741237254562,0.3661386484781901,35,0,8,0,0
43,Moyenne,DET-077-00201,IMG-077,satellite_077.jpg,2026-11-19T19:07:51Z,Frégate,0.77,True,ZONE-006,Port de Rotterdam,Low,51.9,4.5,MIL-010,Zone militaire 11 - Port militaire de Toulon,High,981.887,False,"0.20288779907512994,0.4841064886328031,0.18913521756928317,0.26380727923820146",2026-11-19,19:07:51,"51.9,4.5",Netherlands,1m,Maxar,1,Frégate,30.9,https://example.com/satellite_images/satellite_077.jpg,0.20288779907512994,0.4841064886328031,0.18913521756928317,0.26380727923820146,0.04989524715507787,0.7169446503350876,35,0,8,0,0
43,Moyenne,DET-019-00060,IMG-019,satellite_019.jpg,2026-04-18T06:16:15Z,Frégate,0.76,True,ZONE-006,Port de Rotterdam,Low,51.9,4.5,MIL-010,Zone militaire 11 - Port militaire de Toulon,High,981.887,False,"0.41377400887428284,0.31153599717276426,0.06606173136810756,0.0625007357705184",2026-04-18,06:16:15,"51.9,4.5",Netherlands,10m,PlanetScope,2,"Frégate, Chalutier",11.0,https://example.com/satellite_images/satellite_019.jpg,0.41377400887428284,0.31153599717276426,0.06606173136810756,0.0625007357705184,0.004128906816781058,1.0569752588299748,35,0,8,0,0
40,Moyenne,DET-011-00044,IMG-011,satellite_011.jpg,2026-11-10T05:50:18Z,Chalutier,1.0,False,ZONE-004,Détroit de Malacca,Critical,3.0,101.0,MIL-001,Zone militaire 2 - Port de Shanghai,Critical,3801.407,False,"0.07735604319268718,0.7292535392147708,0.290398780627763,0.10672943471634694",2026-11-10,05:50:18,"3.0,101.0",International,10m,Sentinel-2,4,"Pétrolier, Frégate, Navire de guerre, Chalutier",11.3,https://example.com/satellite_images/satellite_011.jpg,0.07735604319268718,0.7292535392147708,0.290398780627763,0.10672943471634694,0.030994097698717585,2.720887460891656,0,25,15,0,0
40,Moyenne,DET-027-00087,IMG-027,satellite_027.jpg,2026-11-08T02:42:32Z,Pétrolier,0.99,False,ZONE-007,Mer de Chine Méridionale,Critical,15.0,110.0,MIL-001,Zone militaire 2 - Port de Shanghai,Critical,2147.87,False,"0.012788796225863664,0.740694245801479,0.13628394845542274,0.27373498622665615",2026-11-08,02:42:32,"15.0,110.0",International,1m,Landsat-8,4,"Bâtiment de débarquement, Pétrolier, Destroyer, Navire civil",40.0,https://example.com/satellite_images/satellite_027.jpg,0.012788796225863664,0.740694245801479,0.13628394845542274,0.27373498622665615,0.037305684753359464,0.4978682130992852,0,25,15,0,0
40,Moyenne,DET-069-00188,IMG-069,satellite_069.jpg,2026-04-18T17:08:26Z,Navire de soutien,0.99,False,ZONE-007,Mer de Chine Méridionale,Critical,15.0,110.0,MIL-001,Zone militaire 2 - Port de Shanghai,Critical,2147.87,False,"0.5345043498400103,0.3733557166164279,0.20318872957960238,0.04157277493181512",2026-04-18,17:08:26,"15.0,110.0",International,0.5m,Landsat-8,4,"Chalutier, Navire civil, Navire de soutien, Porte-avions",18.1,https://example.com/satellite_images/satellite_069.jpg,0.5345043498400103,0.3733557166164279,0.20318872957960238,0.04157277493181512,0.008447119323494255,4.887543107547161,0,25,15,0,0
40,Moyenne,DET-034-00110,IMG-034,satellite_034.jpg,2026-06-24T03:02:12Z,Chalutier,0.98,False,ZONE-007,Mer de Chine Méridionale,Critical,15.0,110.0,MIL-001,Zone militaire 2 - Port de Shanghai,Critical,2147.87,False,"0.7633393316808137,0.4348386224011429,0.1371912104421303,0.2261207361599871",2026-06-24,03:02:12,"15.0,110.0",International,5m,Maxar,4,"Sous-marin, Porte-avions, Chalutier, Bâtiment de débarquement",8.8,https://example.com/satellite_images/satellite_034.jpg,0.7633393316808137,0.4348386224011429,0.1371912104421303,0.2261207361599871,0.031021777499854214,0.6067166274616383,0,25,15,0,0
40,Moyenne,DET-083-00210,IMG-083,satellite_083.jpg,2026-04-16T20:48:47Z,Pétrolier,0.98,False,ZONE-007,Mer de Chine Méridionale,Critical,15.0,110.0,MIL-001,Zone militaire 2 - Port de Shanghai,Critical,2147.87,False,"0.42181894460345887,0.5040554651665822,0.2645610933445882,0.045220513256319345",2026-04-16,20:48:47,"15.0,110.0",International,1m,Landsat-8,4,"Destroyer, Croiseur, Pétrolier, Bâtiment de débarquement",4.3,https://example.com/satellite_images/satellite_083.jpg,0.42181894460345887,0.5040554651665822,0.2645610933445882,0.045220513256319345,0.011963588428695292,5.85046639884427,0,25,15,0,0
40,Moyenne,DET-091-00233,IMG-091,satellite_091.jpg,2026-11-19T17:22:24Z,Chalutier,0.97,False,ZONE-004,Détroit de Malacca,Critical,3.0,101.0,MIL-001,Zone militaire 2 - Port de Shanghai,Critical,3801.407,False,"0.7730450316484072,0.1986904968049605,0.2480544795326051,0.09954394669802102",2026-11-19,17:22:24,"3.0,101.0",International,5m,Maxar,4,"Chalutier, Bâtiment de débarquement, Pétrolier, Destroyer",2.5,https://example.com/satellite_images/satellite_091.jpg,0.7730450316484072,0.1986904968049605,0.2480544795326051,0.09954394669802102,0.02469232188879899,2.4919092296501897,0,25,15,0,0
40,Moyenne,DET-027-00086,IMG-027,satellite_027.jpg,2026-11-08T02:42:32Z,Bâtiment de débarquement,0.95,False,ZONE-007,Mer de Chine Méridionale,Critical,15.0,110.0,MIL-001,Zone militaire 2 - Port de Shanghai,Critical,2147.87,False,"0.5882989046212254,0.283205970929879,0.20668237772310413,0.14105279733001885",2026-11-08,02:42:32,"15.0,110.0",International,1m,Landsat-8,4,"Bâtiment de débarquement, Pétrolier, Destroyer, Navire civil",40.0,https://example.com/satellite_images/satellite_027.jpg,0.5882989046212254,0.283205970929879,0.20668237772310413,0.14105279733001885,0.02915312753666341,1.465283791852301,0,25,15,0,0
40,Moyenne,DET-073-00195,IMG-073,satellite_073.jpg,2026-06-29T00:59:57Z,Navire civil,0.95,False,ZONE-001,Port militaire de Toulon,High,43.12,5.9,MIL-010,Zone militaire 11 - Port militaire de Toulon,High,0.0,True,"0.38365076842785983,0.4237092925898934,0.23106265007204194,0.2398354433985384",2026-06-29,00:59:57,"43.12,5.9",France,5m,Landsat-8,5,"Navire civil, Navire de soutien, Sous-marin, Destroyer, Navire de guerre",46.8,https://example.com/satellite_images/satellite_073.jpg,0.38365076842785983,0.4237092925898934,0.23106265007204194,0.2398354433985384,0.0554170131328695,0.9634216144111837,0,15,15,0,10
40,Moyenne,DET-083-00211,IMG-083,satellite_083.jpg,2026-04-16T20:48:47Z,Bâtiment de débarquement,0.95,False,ZONE-007,Mer de Chine Méridionale,Critical,15.0,110.0,MIL-001,Zone militaire 2 - Port de Shanghai,Critical,2147.87,False,"0.4865917385255573,0.37286506647336054,0.07040149483165731,0.23455950687330712",2026-04-16,20:48:47,"15.0,110.0",International,1m,Landsat-8,4,"Destroyer, Croiseur, Pétrolier, Bâtiment de débarquement",4.3,https://example.com/satellite_images/satellite_083.jpg,0.4865917385255573,0.37286506647336054,0.07040149483165731,0.23455950687330712,0.016513339910857218,0.30014342957193946,0,25,15,0,0
40,Moyenne,DET-022-00074,IMG-022,satellite_022.jpg,2026-07-08T09:39:17Z,Navire civil,0.94,False,ZONE-004,Détroit de Malacca,Critical,3.0,101.0,MIL-001,Zone militaire 2 - Port de Shanghai,Critical,3801.407,False,"0.6262808922151003,0.3733693989074116,0.16769949615470392,0.2663183665097264",2026-07-08,09:39:17,"3.0,101.0",International,5m,PlanetScope,4,"Corvette, Pétrolier, Destroyer, Navire civil",4.3,https://example.com/satellite_images/satellite_022.jpg,0.6262808922151003,0.3733693989074116,0.16769949615470392,0.2663183665097264,0.04466145588042489,0.6296955720798146,0,25,15,0,0
40,Moyenne,DET-031-00097,IMG-031,satellite_031.jpg,2026-09-19T00:02:21Z,Chalutier,0.94,False,ZONE-004,Détroit de Malacca,Critical,3.0,101.0,MIL-001,Zone militaire 2 - Port de Shanghai,Critical,3801.407,False,"0.3196534465612989,0.6529293040915365,0.11570325710682308,0.2278487542870161",2026-09-19,00:02:21,"3.0,101.0",International,0.5m,Maxar,5,"Chalutier, Cargo, Corvette, Frégate, Navire civil",3.7,https://example.com/satellite_images/satellite_031.jpg,0.3196534465612989,0.6529293040915365,0.11570325710682308,0.2278487542870161,0.02636284299873998,0.5078072841296917,0,25,15,0,0
40,Moyenne,DET-031-00101,IMG-031,satellite_031.jpg,2026-09-19T00:02:21Z,Navire civil,0.94,False,ZONE-004,Détroit de Malacca,Critical,3.0,101.0,MIL-001,Zone militaire 2 - Port de Shanghai,Critical,3801.407,False,"0.26924874427097656,0.2659237829634033,0.2946851595593912,0.06840524848636988",2026-09-19,00:02:21,"3.0,101.0",International,0.5m,Maxar,5,"Chalutier, Cargo, Corvette, Frégate, Navire civil",3.7,https://example.com/satellite_images/satellite_031.jpg,0.26924874427097656,0.2659237829634033,0.2946851595593912,0.06840524848636988,0.02015801156490571,4.307932009312251,0,25,15,0,0
40,Moyenne,DET-034-00111,IMG-034,satellite_034.jpg,2026-06-24T03:02:12Z,Bâtiment de débarquement,0.92,False,ZONE-007,Mer de Chine Méridionale,Critical,15.0,110.0,MIL-001,Zone militaire 2 - Port de Shanghai,Critical,2147.87,False,"0.6969152288428241,0.2923062404837767,0.23079697869332277,0.294833708804491",2026-06-24,03:02:12,"15.0,110.0",International,5m,Maxar,4,"Sous-marin, Porte-avions, Chalutier, Bâtiment de débarquement",8.8,https://example.com/satellite_images/satellite_034.jpg,0.6969152288428241,0.2923062404837767,0.23079697869332277,0.294833708804491,0.06804672920902344,0.7828039053918627,0,25,15,0,0
40,Moyenne,DET-033-00107,IMG-033,satellite_033.jpg,2026-01-13T19:16:01Z,Cargo,0.91,False,ZONE-004,Détroit de Malacca,Critical,3.0,101.0,MIL-001,Zone militaire 2 - Port de Shanghai,Critical,3801.407,False,"0.14967514604025098,0.5864506929035321,0.15717817260068617,0.275162200983712",2026-01-13,19:16:01,"3.0,101.0",International,5m,Maxar,5,"Destroyer, Frégate, Navire de guerre, Corvette, Cargo",39.2,https://example.com/satellite_images/satellite_033.jpg,0.14967514604025098,0.5864506929035321,0.15717817260068617,0.275162200983712,0.04324949191940259,0.5712200732468709,0,25,15,0,0
40,Moyenne,DET-079-00204,IMG-079,satellite_079.jpg,2026-05-17T15:07:23Z,Navire civil,0.91,False,ZONE-008,Golfe Persique,Critical,26.0,55.0,MIL-011,Zone militaire 12 - Détroit d'Ormuz,High,149.788,False,"0.4375590223739891,0.23037475973026453,0.09224816508832034,0.253908742577701",2026-05-17,15:07:23,"26.0,55.0",International,0.5m,PlanetScope,1,Navire civil,41.3,https://example.com/satellite_images/satellite_079.jpg,0.4375590223739891,0.23037475973026453,0.09224816508832034,0.253908742577701,0.023422615602675598,0.3633122835858659,0,25,15,0,0
40,Moyenne,DET-099-00255,IMG-099,satellite_099.jpg,2026-04-28T20:53:55Z,Bâtiment de débarquement,0.91,False,ZONE-007,Mer de Chine Méridionale,Critical,15.0,110.0,MIL-001,Zone militaire 2 - Port de Shanghai,Critical,2147.87,False,"0.614018009602666,0.379968599802588,0.09401464720998606,0.21344296521711362",2026-04-28,20:53:55,"15.0,110.0",International,10m,Landsat-8,5,"Navire de soutien, Cargo, Corvette, Bâtiment de débarquement, Navire de guerre",47.5,https://example.com/satellite_images/satellite_099.jpg,0.614018009602666,0.379968599802588,0.09401464720998606,0.21344296521711362,0.020066765074340263,0.44046730288981234,0,25,15,0,0
40,Moyenne,DET-022-00072,IMG-022,satellite_022.jpg,2026-07-08T09:39:17Z,Pétrolier,0.9,False,ZONE-004,Détroit de Malacca,Critical,3.0,101.0,MIL-001,Zone militaire 2 - Port de Shanghai,Critical,3801.407,False,"0.791459446297465,0.29881632667403324,0.07917525018573693,0.1857686217315626",2026-07-08,09:39:17,"3.0,101.0",International,5m,PlanetScope,4,"Corvette, Pétrolier, Destroyer, Navire civil",4.3,https://example.com/satellite_images/satellite_022.jpg,0.791459446297465,0.29881632667403324,0.07917525018573693,0.1857686217315626,0.014708277102255996,0.42620357220578353,0,25,15,0,0
40,Moyenne,DET-069-00187,IMG-069,satellite_069.jpg,2026-04-18T17:08:26Z,Navire civil,0.9,False,ZONE-007,Mer de Chine Méridionale,Critical,15.0,110.0,MIL-001,Zone militaire 2 - Port de Shanghai,Critical,2147.87,False,"0.36545786074096676,0.12007060004905963,0.17425496610202124,0.026857305218512352",2026-04-18,17:08:26,"15.0,110.0",International,0.5m,Landsat-8,4,"Chalutier, Navire civil, Navire de soutien, Porte-avions",18.1,https://example.com/satellite_images/satellite_069.jpg,0.36545786074096676,0.12007060004905963,0.17425496610202124,0.026857305218512352,0.004680018810443508,6.488177599512471,0,25,15,0,0
40,Moyenne,DET-067-00181,IMG-067,satellite_067.jpg,2026-10-11T21:36:25Z,Pétrolier,0.89,False,ZONE-001,Port militaire de Toulon,High,43.12,5.9,MIL-010,Zone militaire 11 - Port militaire de Toulon,High,0.0,True,"0.7702076668106654,0.5660908404061836,0.144032111544877,0.24206421890907245",2026-10-11,21:36:25,"43.12,5.9",France,5m,Sentinel-2,5,"Destroyer, Pétrolier, Sous-marin, Navire de guerre, Frégate",15.5,https://example.com/satellite_images/satellite_067.jpg,0.7702076668106654,0.5660908404061836,0.144032111544877,0.24206421890907245,0.03486502057893505,0.5950161167726336,0,15,15,0,10
40,Moyenne,DET-012-00047,IMG-012,satellite_012.jpg,2026-07-19T23:00:19Z,Navire civil,0.88,False,ZONE-007,Mer de Chine Méridionale,Critical,15.0,110.0,MIL-001,Zone militaire 2 - Port de Shanghai,Critical,2147.87,False,"0.17836240022424452,0.3277422663572437,0.2980499980650043,0.0905399598854102",2026-07-19,23:00:19,"15.0,110.0",International,5m,PlanetScope,3,"Pétrolier, Croiseur, Navire civil",43.9,https://example.com/satellite_images/satellite_012.jpg,0.17836240022424452,0.3277422663572437,0.2980499980650043,0.0905399598854102,0.02698543486865208,3.291916612755565,0,25,15,0,0
40,Moyenne,DET-014-00051,IMG-014,satellite_014.jpg,2026-05-04T09:01:54Z,Navire de soutien,0.88,False,ZONE-008,Golfe Persique,Critical,26.0,55.0,MIL-011,Zone militaire 12 - Détroit d'Ormuz,High,149.788,False,"0.39385663956878675,0.2532552901122364,0.07500505137050066,0.13279185596725723",2026-05-04,09:01:54,"26.0,55.0",International,0.5m,PlanetScope,4,"Frégate, Navire de guerre, Destroyer, Navire de soutien",29.3,https://example.com/satellite_images/satellite_014.jpg,0.39385663956878675,0.2532552901122364,0.07500505137050066,0.13279185596725723,0.009960059978408254,0.5648317121871903,0,25,15,0,0
40,Moyenne,DET-062-00166,IMG-062,satellite_062.jpg,2026-11-23T04:44:28Z,Navire civil,0.88,False,ZONE-007,Mer de Chine Méridionale,Critical,15.0,110.0,MIL-001,Zone militaire 2 - Port de Shanghai,Critical,2147.87,False,"0.2677371747634818,0.42072862383931897,0.07990600598117746,0.05592213786124675",2026-11-23,04:44:28,"15.0,110.0",International,10m,Sentinel-2,5,"Sous-marin, Navire de guerre, Frégate, Navire civil, Croiseur",31.1,https://example.com/satellite_images/satellite_062.jpg,0.2677371747634818,0.42072862383931897,0.07990600598117746,0.05592213786124675,0.004468514682421014,1.428879671579065,0,25,15,0,0
40,Moyenne,DET-081-00207,IMG-081,satellite_081.jpg,2026-02-18T19:25:38Z,Bâtiment de débarquement,0.86,False,ZONE-013,Base navale de Pearl Harbor,High,21.4,-157.9,MIL-004,Zone militaire 5 - Base navale de Pearl Harbor,Critical,0.0,True,"0.7014205784380457,0.7930468616691804,0.11573945671784762,0.19745450489432334",2026-02-18,19:25:38,"21.4,-157.9",USA,1m,WorldView-3,1,Bâtiment de débarquement,23.3,https://example.com/satellite_images/satellite_081.jpg,0.7014205784380457,0.7930468616691804,0.11573945671784762,0.19745450489432334,0.022853277122960567,0.5861575899713749,0,15,15,0,10
40,Moyenne,DET-099-00253,IMG-099,satellite_099.jpg,2026-04-28T20:53:55Z,Cargo,0.86,False,ZONE-007,Mer de Chine Méridionale,Critical,15.0,110.0,MIL-001,Zone militaire 2 - Port de Shanghai,Critical,2147.87,False,"0.7824461722758872,0.1098750022666394,0.1677335758489007,0.27028958921030855",2026-04-28,20:53:55,"15.0,110.0",International,10m,Landsat-8,5,"Navire de soutien, Cargo, Corvette, Bâtiment de débarquement, Navire de guerre",47.5,https://example.com/satellite_images/satellite_099.jpg,0.7824461722758872,0.1098750022666394,0.1677335758489007,0.27028958921030855,0.0453366393129755,0.6205698722579712,0,25,15,0,0
40,Moyenne,DET-027-00089,IMG-027,satellite_027.jpg,2026-11-08T02:42:32Z,Navire civil,0.85,False,ZONE-007,Mer de Chine Méridionale,Critical,15.0,110.0,MIL-001,Zone militaire 2 - Port de Shanghai,Critical,2147.87,False,"0.666682616772394,0.7282358344379352,0.2714207443813745,0.0200053483481778",2026-11-08,02:42:32,"15.0,110.0",International,1m,Landsat-8,4,"Bâtiment de débarquement, Pétrolier, Destroyer, Navire civil",40.0,https://example.com/satellite_images/satellite_027.jpg,0.666682616772394,0.7282358344379352,0.2714207443813745,0.0200053483481778,0.005429866540271118,13.567409057693165,0,25,15,0,0
35,Faible,DET-087-00223,IMG-087,satellite_087.jpg,2026-07-03T22:36:58Z,Corvette,0.73,True,ZONE-014,Port de Singapour,Low,1.3,103.8,MIL-001,Zone militaire 2 - Port de Shanghai,Critical,3810.398,False,"0.03379304303849828,0.08255270655664448,0.28201065597322716,0.1261570715919966",2026-07-03,22:36:58,"1.3,103.8",Singapore,10m,WorldView-3,2,"Croiseur, Corvette",11.5,https://example.com/satellite_images/satellite_087.jpg,0.03379304303849828,0.08255270655664448,0.28201065597322716,0.1261570715919966,0.035577638515320344,2.235393168329677,35,0,0,0,0
35,Faible,DET-040-00126,IMG-040,satellite_040.jpg,2026-05-16T09:38:31Z,Cargo,0.7,False,ZONE-012,Détroit d'Ormuz,Critical,25.0,56.0,MIL-011,Zone militaire 12 - Détroit d'Ormuz,High,0.0,True,"0.34638907828768783,0.5881204485540943,0.04655147344997857,0.05504293088166819",2026-05-16,09:38:31,"25.0,56.0",International,1m,Maxar,1,Cargo,14.8,https://example.com/satellite_images/satellite_040.jpg,0.34638907828768783,0.5881204485540943,0.04655147344997857,0.05504293088166819,0.002562329535546982,0.8457302818786189,0,25,0,0,10
33,Faible,DET-073-00196,IMG-073,satellite_073.jpg,2026-06-29T00:59:57Z,Navire de soutien,0.84,False,ZONE-001,Port militaire de Toulon,High,43.12,5.9,MIL-010,Zone militaire 11 - Port militaire de Toulon,High,0.0,True,"0.0033668467355748356,0.6991743383988887,0.24842202197338947,0.021101603770710953",2026-06-29,00:59:57,"43.12,5.9",France,5m,Landsat-8,5,"Navire civil, Navire de soutien, Sous-marin, Destroyer, Navire de guerre",46.8,https://example.com/satellite_images/satellite_073.jpg,0.0033668467355748356,0.6991743383988887,0.24842202197338947,0.021101603770710953,0.005242103075601315,11.772660726299842,0,15,8,0,10
33,Faible,DET-085-00215,IMG-085,satellite_085.jpg,2026-05-05T06:59:15Z,Bâtiment de débarquement,0.84,False,ZONE-013,Base navale de Pearl Harbor,High,21.4,-157.9,MIL-004,Zone militaire 5 - Base navale de Pearl Harbor,Critical,0.0,True,"0.48840774803421844,0.24260357598253368,0.12446935820787106,0.1412922108459593",2026-05-05,06:59:15,"21.4,-157.9",USA,5m,Maxar,5,"Corvette, Bâtiment de débarquement, Cargo, Porte-avions, Croiseur",43.1,https://example.com/satellite_images/satellite_085.jpg,0.48840774803421844,0.24260357598253368,0.12446935820787106,0.1412922108459593,0.017586550803767753,0.8809357392218246,0,15,8,0,10
33,Faible,DET-011-00041,IMG-011,satellite_011.jpg,2026-11-10T05:50:18Z,Pétrolier,0.81,False,ZONE-004,Détroit de Malacca,Critical,3.0,101.0,MIL-001,Zone militaire 2 - Port de Shanghai,Critical,3801.407,False,"0.002853201722701382,0.47321301710178854,0.2815044529575567,0.061852663895470325",2026-11-10,05:50:18,"3.0,101.0",International,10m,Sentinel-2,4,"Pétrolier, Frégate, Navire de guerre, Chalutier",11.3,https://example.com/satellite_images/satellite_011.jpg,0.002853201722701382,0.47321301710178854,0.2815044529575567,0.061852663895470325,0.017411800313861994,4.551209846568503,0,25,8,0,0
33,Faible,DET-069-00186,IMG-069,satellite_069.jpg,2026-04-18T17:08:26Z,Chalutier,0.8,False,ZONE-007,Mer de Chine Méridionale,Critical,15.0,110.0,MIL-001,Zone militaire 2 - Port de Shanghai,Critical,2147.87,False,"0.23142999576821685,0.1802475556863355,0.2636653219191574,0.1629758609466999",2026-04-18,17:08:26,"15.0,110.0",International,0.5m,Landsat-8,4,"Chalutier, Navire civil, Navire de soutien, Porte-avions",18.1,https://example.com/satellite_images/satellite_069.jpg,0.23142999576821685,0.1802475556863355,0.2636653219191574,0.1629758609466999,0.04297108284156347,1.6178182485895092,0,25,8,0,0
33,Faible,DET-099-00252,IMG-099,satellite_099.jpg,2026-04-28T20:53:55Z,Navire de soutien,0.8,False,ZONE-007,Mer de Chine Méridionale,Critical,15.0,110.0,MIL-001,Zone militaire 2 - Port de Shanghai,Critical,2147.87,False,"0.5035391039487441,0.24944555504996055,0.05041607811266438,0.2440150907916329",2026-04-28,20:53:55,"15.0,110.0",International,10m,Landsat-8,5,"Navire de soutien, Cargo, Corvette, Bâtiment de débarquement, Navire de guerre",47.5,https://example.com/satellite_images/satellite_099.jpg,0.5035391039487441,0.24944555504996055,0.05041607811266438,0.2440150907916329,0.012302283878019855,0.2066104926097182,0,25,8,0,0
33,Faible,DET-012-00045,IMG-012,satellite_012.jpg,2026-07-19T23:00:19Z,Pétrolier,0.79,False,ZONE-007,Mer de Chine Méridionale,Critical,15.0,110.0,MIL-001,Zone militaire 2 - Port de Shanghai,Critical,2147.87,False,"0.7571997734731157,0.6708688536222536,0.284742743242702,0.2785440533829448",2026-07-19,23:00:19,"15.0,110.0",International,5m,PlanetScope,3,"Pétrolier, Croiseur, Navire civil",43.9,https://example.com/satellite_images/satellite_012.jpg,0.7571997734731157,0.6708688536222536,0.284742743242702,0.2785440533829448,0.07931339787420133,1.0222538940769816,0,25,8,0,0
33,Faible,DET-085-00216,IMG-085,satellite_085.jpg,2026-05-05T06:59:15Z,Cargo,0.77,False,ZONE-013,Base navale de Pearl Harbor,High,21.4,-157.9,MIL-004,Zone militaire 5 - Base navale de Pearl Harbor,Critical,0.0,True,"0.2678929491858799,0.6452259856329549,0.06418839608805971,0.13582306242537515",2026-05-05,06:59:15,"21.4,-157.9",USA,5m,Maxar,5,"Corvette, Bâtiment de débarquement, Cargo, Porte-avions, Croiseur",43.1,https://example.com/satellite_images/satellite_085.jpg,0.2678929491858799,0.6452259856329549,0.06418839608805971,0.13582306242537515,0.008718264528853239,0.4725883435541482,0,15,8,0,10
33,Faible,DET-091-00234,IMG-091,satellite_091.jpg,2026-11-19T17:22:24Z,Bâtiment de débarquement,0.76,False,ZONE-004,Détroit de Malacca,Critical,3.0,101.0,MIL-001,Zone militaire 2 - Port de Shanghai,Critical,3801.407,False,"0.2966042565081649,0.7161286059300974,0.18490879432605267,0.1113342587312741",2026-11-19,17:22:24,"3.0,101.0",International,5m,Maxar,4,"Chalutier, Bâtiment de débarquement, Pétrolier, Destroyer",2.5,https://example.com/satellite_images/satellite_091.jpg,0.2966042565081649,0.7161286059300974,0.18490879432605267,0.1113342587312741,0.020586683549184696,1.6608436292045952,0,25,8,0,0
30,Faible,DET-060-00162,IMG-060,satellite_060.jpg,2026-05-21T03:35:09Z,Navire civil,0.99,False,ZONE-009,Base navale de Yokosuka,High,35.4,139.7,MIL-001,Zone militaire 2 - Port de Shanghai,Critical,1751.832,False,"0.7384446236807054,0.02844296831050528,0.08011820384341872,0.17343608180742798",2026-05-21,03:35:09,"35.4,139.7",Japan,10m,Sentinel-2,1,Navire civil,28.9,https://example.com/satellite_images/satellite_060.jpg,0.7384446236807054,0.02844296831050528,0.08011820384341872,0.17343608180742798,0.01389538735605136,0.461946574256542,0,15,15,0,0
30,Faible,DET-030-00095,IMG-030,satellite_030.jpg,2026-04-14T02:08:57Z,Cargo,0.98,False,ZONE-009,Base navale de Yokosuka,High,35.4,139.7,MIL-001,Zone militaire 2 - Port de Shanghai,Critical,1751.832,False,"0.6305658858768726,0.34283119200877626,0.021907006309417335,0.20827948272021468",2026-04-14,02:08:57,"35.4,139.7",Japan,0.5m,Maxar,3,"Navire de guerre, Cargo, Navire civil",46.7,https://example.com/satellite_images/satellite_030.jpg,0.6305658858768726,0.34283119200877626,0.021907006309417335,0.20827948272021468,0.004562779942073922,0.10518081773251466,0,15,15,0,0
30,Faible,DET-052-00146,IMG-052,satellite_052.jpg,2026-02-17T10:50:44Z,Bâtiment de débarquement,0.98,False,ZONE-002,Base navale de Norfolk,High,36.9,-76.3,MIL-010,Zone militaire 11 - Port militaire de Toulon,High,6747.776,False,"0.34087068312659136,0.3058040302181877,0.26209903126506967,0.11740242695864288",2026-02-17,10:50:44,"36.9,-76.3",USA,10m,PlanetScope,5,"Porte-avions, Corvette, Bâtiment de débarquement, Navire de guerre, Chalutier",24.3,https://example.com/satellite_images/satellite_052.jpg,0.34087068312659136,0.3058040302181877,0.26209903126506967,0.11740242695864288,0.030771062374028397,2.2324839277589956,0,15,15,0,0
30,Faible,DET-000-00003,IMG-000,satellite_000.jpg,2026-08-31T17:17:58Z,Bâtiment de débarquement,0.96,False,ZONE-002,Base navale de Norfolk,High,36.9,-76.3,MIL-010,Zone militaire 11 - Port militaire de Toulon,High,6747.776,False,"0.3499607760017571,0.6063398574692226,0.2447065268620688,0.20174261872379287",2026-08-31,17:17:58,"36.9,-76.3",USA,1m,Sentinel-2,5,"Navire de guerre, Navire civil, Bâtiment de débarquement, Destroyer, Pétrolier",17.0,https://example.com/satellite_images/satellite_000.jpg,0.3499607760017571,0.6063398574692226,0.2447065268620688,0.20174261872379287,0.049367735547957925,1.2129639657205904,0,15,15,0,0
30,Faible,DET-043-00127,IMG-043,satellite_043.jpg,2026-09-27T05:58:11Z,Navire de soutien,0.95,False,ZONE-009,Base navale de Yokosuka,High,35.4,139.7,MIL-001,Zone militaire 2 - Port de Shanghai,Critical,1751.832,False,"0.6386032542836866,0.6508027152654061,0.22856466421896557,0.1414443771764224",2026-09-27,05:58:11,"35.4,139.7",Japan,1m,Maxar,1,Navire de soutien,10.5,https://example.com/satellite_images/satellite_043.jpg,0.6386032542836866,0.6508027152654061,0.22856466421896557,0.1414443771764224,0.0323291865749897,1.6159331942469426,0,15,15,0,0
30,Faible,DET-005-00017,IMG-005,satellite_005.jpg,2026-11-09T21:23:47Z,Cargo,0.94,False,ZONE-005,Base navale de Rota,High,36.6,-6.4,MIL-010,Zone militaire 11 - Port militaire de Toulon,High,1273.735,False,"0.7996517120342745,0.6710511683335185,0.18249000384571065,0.29269796554456673",2026-11-09,21:23:47,"36.6,-6.4",Spain,0.5m,WorldView-3,4,"Pétrolier, Destroyer, Cargo, Frégate",45.2,https://example.com/satellite_images/satellite_005.jpg,0.7996517120342745,0.6710511683335185,0.18249000384571065,0.29269796554456673,0.053414452857859666,0.6234754775496532,0,15,15,0,0
30,Faible,DET-002-00008,IMG-002,satellite_002.jpg,2026-03-02T15:20:53Z,Navire de soutien,0.92,False,ZONE-009,Base navale de Yokosuka,High,35.4,139.7,MIL-001,Zone militaire 2 - Port de Shanghai,Critical,1751.832,False,"0.3570633336965961,0.16965770339366504,0.2623386580750606,0.2540788751004039",2026-03-02,15:20:53,"35.4,139.7",Japan,1m,Sentinel-2,4,"Navire de soutien, Chalutier, Porte-avions, Navire de guerre",25.6,https://example.com/satellite_images/satellite_002.jpg,0.3570633336965961,0.16965770339366504,0.2623386580750606,0.2540788751004039,0.0666547111390609,1.0325087356097304,0,15,15,0,0
30,Faible,DET-039-00122,IMG-039,satellite_039.jpg,2026-02-25T09:12:06Z,Navire civil,0.92,False,ZONE-005,Base navale de Rota,High,36.6,-6.4,MIL-010,Zone militaire 11 - Port militaire de Toulon,High,1273.735,False,"0.1956492402510227,0.392175725225026,0.2930860071356882,0.05653625368620159",2026-02-25,09:12:06,"36.6,-6.4",Spain,0.5m,Maxar,5,"Navire de soutien, Navire civil, Porte-avions, Cargo, Frégate",8.8,https://example.com/satellite_images/satellite_039.jpg,0.1956492402510227,0.392175725225026,0.2930860071356882,0.05653625368620159,0.01656998485129916,5.1840365787664435,0,15,15,0,0
30,Faible,DET-064-00174,IMG-064,satellite_064.jpg,2026-03-12T14:37:19Z,Cargo,0.92,False,ZONE-005,Base navale de Rota,High,36.6,-6.4,MIL-010,Zone militaire 11 - Port militaire de Toulon,High,1273.735,False,"0.4823717108836758,0.4417402449581415,0.08819633820549373,0.1290342876052861",2026-03-12,14:37:19,"36.6,-6.4",Spain,1m,WorldView-3,4,"Navire de soutien, Corvette, Cargo, Bâtiment de débarquement",38.7,https://example.com/satellite_images/satellite_064.jpg,0.4823717108836758,0.4417402449581415,0.08819633820549373,0.1290342876052861,0.01138035166974076,0.6835108701904488,0,15,15,0,0
30,Faible,DET-000-00005,IMG-000,satellite_000.jpg,2026-08-31T17:17:58Z,Pétrolier,0.9,False,ZONE-002,Base navale de Norfolk,High,36.9,-76.3,MIL-010,Zone militaire 11 - Port militaire de Toulon,High,6747.776,False,"0.7200515440830189,0.2160546184846373,0.13562516846762174,0.26083222366657327",2026-08-31,17:17:58,"36.9,-76.3",USA,1m,Sentinel-2,5,"Navire de guerre, Navire civil, Bâtiment de débarquement, Destroyer, Pétrolier",17.0,https://example.com/satellite_images/satellite_000.jpg,0.7200515440830189,0.2160546184846373,0.13562516846762174,0.26083222366657327,0.03537541427656339,0.5199709091197027,0,15,15,0,0
30,Faible,DET-084-00213,IMG-084,satellite_084.jpg,2026-12-10T05:15:09Z,Bâtiment de débarquement,0.87,False,ZONE-009,Base navale de Yokosuka,High,35.4,139.7,MIL-001,Zone militaire 2 - Port de Shanghai,Critical,1751.832,False,"0.12807591130087365,0.39257797195330063,0.15607656899407985,0.2160947923335807",2026-12-10,05:15:09,"35.4,139.7",Japan,10m,WorldView-3,2,"Navire de guerre, Bâtiment de débarquement",3.9,https://example.com/satellite_images/satellite_084.jpg,0.12807591130087365,0.39257797195330063,0.15607656899407985,0.2160947923335807,0.033727333764913464,0.7222597421651324,0,15,15,0,0
30,Faible,DET-068-00185,IMG-068,satellite_068.jpg,2026-09-16T18:36:40Z,Navire civil,0.86,False,ZONE-009,Base navale de Yokosuka,High,35.4,139.7,MIL-001,Zone militaire 2 - Port de Shanghai,Critical,1751.832,False,"0.5927743033598024,0.5633461006272902,0.11149172242686624,0.20157628471889166",2026-09-16,18:36:40,"35.4,139.7",Japan,0.5m,WorldView-3,1,Navire civil,11.3,https://example.com/satellite_images/satellite_068.jpg,0.5927743033598024,0.5633461006272902,0.11149172242686624,0.20157628471889166,0.022474087183717628,0.5530994014615712,0,15,15,0,0
25,Faible,DET-037-00120,IMG-037,satellite_037.jpg,2026-05-03T20:00:00Z,Cargo,0.98,False,ZONE-003,Port de Shanghai,Medium,31.2,121.5,MIL-001,Zone militaire 2 - Port de Shanghai,Critical,0.0,True,"0.23255342358237716,0.392756016957651,0.12249715120315324,0.22893232977895825",2026-05-03,20:00:00,"31.2,121.5",China,10m,Landsat-8,5,"Navire de soutien, Corvette, Navire de guerre, Bâtiment de débarquement, Cargo",7.0,https://example.com/satellite_images/satellite_037.jpg,0.23255342358237716,0.392756016957651,0.12249715120315324,0.22893232977895825,0.028043558216223192,0.5350801755323431,0,0,15,0,10
25,Faible,DET-007-00025,IMG-007,satellite_007.jpg,2026-04-06T03:08:14Z,Chalutier,0.95,False,ZONE-003,Port de Shanghai,Medium,31.2,121.5,MIL-001,Zone militaire 2 - Port de Shanghai,Critical,0.0,True,"0.3285007396795342,0.5734258448954177,0.08389157781615651,0.2518065388923043",2026-04-06,03:08:14,"31.2,121.5",China,5m,WorldView-3,5,"Croiseur, Navire de guerre, Chalutier, Pétrolier, Destroyer",21.1,https://example.com/satellite_images/satellite_007.jpg,0.3285007396795342,0.5734258448954177,0.08389157781615651,0.2518065388923043,0.021124447852100787,0.3331588535595427,0,0,15,0,10
25,Faible,DET-098-00248,IMG-098,satellite_098.jpg,2026-04-20T05:53:49Z,Bâtiment de débarquement,0.89,False,ZONE-003,Port de Shanghai,Medium,31.2,121.5,MIL-001,Zone militaire 2 - Port de Shanghai,Critical,0.0,True,"0.738146295722887,0.7469940647304658,0.20130546727616025,0.16007287029441994",2026-04-20,05:53:49,"31.2,121.5",China,10m,Landsat-8,5,"Navire de soutien, Bâtiment de débarquement, Pétrolier, Navire civil, Cargo",45.3,https://example.com/satellite_images/satellite_098.jpg,0.738146295722887,0.7469940647304658,0.20130546727616025,0.16007287029441994,0.0322235439528544,1.257586416148481,0,0,15,0,10
25,Faible,DET-098-00250,IMG-098,satellite_098.jpg,2026-04-20T05:53:49Z,Navire civil,0.89,False,ZONE-003,Port de Shanghai,Medium,31.2,121.5,MIL-001,Zone militaire 2 - Port de Shanghai,Critical,0.0,True,"0.4666735355605913,0.5060548983206917,0.22594931594124026,0.14479834900471805",2026-04-20,05:53:49,"31.2,121.5",China,10m,Landsat-8,5,"Navire de soutien, Bâtiment de débarquement, Pétrolier, Navire civil, Cargo",45.3,https://example.com/satellite_images/satellite_098.jpg,0.4666735355605913,0.5060548983206917,0.22594931594124026,0.14479834900471805,0.032717087907037014,1.5604412446296472,0,0,15,0,10
25,Faible,DET-055-00153,IMG-055,satellite_055.jpg,2026-12-17T13:07:30Z,Navire civil,0.74,False,ZONE-004,Détroit de Malacca,Critical,3.0,101.0,MIL-001,Zone militaire 2 - Port de Shanghai,Critical,3801.407,False,"0.7295771285073845,0.4036922711409169,0.19084218091441457,0.17734657448084576",2026-12-17,13:07:30,"3.0,101.0",International,10m,Landsat-8,4,"Navire civil, Navire de soutien, Porte-avions, Sous-marin",44.5,https://example.com/satellite_images/satellite_055.jpg,0.7295771285073845,0.4036922711409169,0.19084218091441457,0.17734657448084576,0.03384520705162526,1.0760973617509957,0,25,0,0,0
25,Faible,DET-091-00235,IMG-091,satellite_091.jpg,2026-11-19T17:22:24Z,Pétrolier,0.74,False,ZONE-004,Détroit de Malacca,Critical,3.0,101.0,MIL-001,Zone militaire 2 - Port de Shanghai,Critical,3801.407,False,"0.10485587052551076,0.6306480908059066,0.1319720622262479,0.06294224209847384",2026-11-19,17:22:24,"3.0,101.0",International,5m,Maxar,4,"Chalutier, Bâtiment de débarquement, Pétrolier, Destroyer",2.5,https://example.com/satellite_images/satellite_091.jpg,0.10485587052551076,0.6306480908059066,0.1319720622262479,0.06294224209847384,0.00830661749087935,2.0967168919686108,0,25,0,0,0
25,Faible,DET-086-00219,IMG-086,satellite_086.jpg,2026-06-11T18:05:05Z,Pétrolier,0.73,False,ZONE-004,Détroit de Malacca,Critical,3.0,101.0,MIL-001,Zone militaire 2 - Port de Shanghai,Critical,3801.407,False,"0.10748849669603411,0.12706855922458785,0.22628269877156154,0.23328298185344395",2026-06-11,18:05:05,"3.0,101.0",International,10m,Maxar,3,"Pétrolier, Sous-marin, Croiseur",19.4,https://example.com/satellite_images/satellite_086.jpg,0.10748849669603411,0.12706855922458785,0.22628269877156154,0.23328298185344395,0.052787902711274516,0.9699923113710874,0,25,0,0,0
25,Faible,DET-006-00021,IMG-006,satellite_006.jpg,2026-01-04T02:10:50Z,Navire de soutien,0.72,False,ZONE-004,Détroit de Malacca,Critical,3.0,101.0,MIL-001,Zone militaire 2 - Port de Shanghai,Critical,3801.407,False,"0.6473196268288994,0.7532578867941723,0.19090812627627224,0.26351076973428644",2026-01-04,02:10:50,"3.0,101.0",International,1m,Sentinel-2,4,"Destroyer, Sous-marin, Navire de soutien, Porte-avions",10.0,https://example.com/satellite_images/satellite_006.jpg,0.6473196268288994,0.7532578867941723,0.19090812627627224,0.26351076973428644,0.050306347303590855,0.7244794073076263,0,25,0,0,0
25,Faible,DET-095-00240,IMG-095,satellite_095.jpg,2026-10-03T00:56:44Z,Navire de soutien,0.72,False,ZONE-004,Détroit de Malacca,Critical,3.0,101.0,MIL-001,Zone militaire 2 - Port de Shanghai,Critical,3801.407,False,"0.293208922522384,0.36483115207985845,0.11726826608248175,0.09961162088190227",2026-10-03,00:56:44,"3.0,101.0",International,0.5m,Landsat-8,2,"Navire de soutien, Croiseur",40.9,https://example.com/satellite_images/satellite_095.jpg,0.293208922522384,0.36483115207985845,0.11726826608248175,0.09961162088190227,0.011681282062486212,1.177254872918019,0,25,0,0,0
25,Faible,DET-031-00098,IMG-031,satellite_031.jpg,2026-09-19T00:02:21Z,Cargo,0.71,False,ZONE-004,Détroit de Malacca,Critical,3.0,101.0,MIL-001,Zone militaire 2 - Port de Shanghai,Critical,3801.407,False,"0.2402737958642571,0.12112113214721294,0.11365474894577711,0.25380111600804084",2026-09-19,00:02:21,"3.0,101.0",International,0.5m,Maxar,5,"Chalutier, Cargo, Corvette, Frégate, Navire civil",3.7,https://example.com/satellite_images/satellite_031.jpg,0.2402737958642571,0.12112113214721294,0.11365474894577711,0.25380111600804084,0.028845702122051932,0.4478102804803125,0,25,0,0,0
25,Faible,DET-055-00154,IMG-055,satellite_055.jpg,2026-12-17T13:07:30Z,Navire de soutien,0.71,False,ZONE-004,Détroit de Malacca,Critical,3.0,101.0,MIL-001,Zone militaire 2 - Port de Shanghai,Critical,3801.407,False,"0.6069176729913042,0.5233590713081073,0.2544619381737467,0.16019211081291884",2026-12-17,13:07:30,"3.0,101.0",International,10m,Landsat-8,4,"Navire civil, Navire de soutien, Porte-avions, Sous-marin",44.5,https://example.com/satellite_images/satellite_055.jpg,0.6069176729913042,0.5233590713081073,0.2544619381737467,0.16019211081291884,0.04076279499759893,1.5884798376302147,0,25,0,0,0
23,Faible,DET-026-00085,IMG-026,satellite_026.jpg,2026-09-27T22:47:18Z,Pétrolier,0.82,False,ZONE-005,Base navale de Rota,High,36.6,-6.4,MIL-010,Zone militaire 11 - Port militaire de Toulon,High,1273.735,False,"0.7333543915432549,0.33875396030978666,0.18826944298375026,0.23217291350793914",2026-09-27,22:47:18,"36.6,-6.4",Spain,5m,Maxar,3,"Navire de guerre, Navire civil, Pétrolier",19.6,https://example.com/satellite_images/satellite_026.jpg,0.7333543915432549,0.33875396030978666,0.18826944298375026,0.23217291350793914,0.04371106510205413,0.8109018409561906,0,15,8,0,0
23,Faible,DET-026-00084,IMG-026,satellite_026.jpg,2026-09-27T22:47:18Z,Navire civil,0.8,False,ZONE-005,Base navale de Rota,High,36.6,-6.4,MIL-010,Zone militaire 11 - Port militaire de Toulon,High,1273.735,False,"0.6598586260389244,0.5092345210870145,0.13011505108611868,0.12006366502793253",2026-09-27,22:47:18,"36.6,-6.4",Spain,5m,Maxar,3,"Navire de guerre, Navire civil, Pétrolier",19.6,https://example.com/satellite_images/satellite_026.jpg,0.6598586260389244,0.5092345210870145,0.13011505108611868,0.12006366502793253,0.015622089908696082,1.0837171350370465,0,15,8,0,0
23,Faible,DET-088-00226,IMG-088,satellite_088.jpg,2026-02-10T17:03:44Z,Cargo,0.8,False,ZONE-002,Base navale de Norfolk,High,36.9,-76.3,MIL-010,Zone militaire 11 - Port militaire de Toulon,High,6747.776,False,"0.43531635295253956,0.410490126019376,0.22427484012625393,0.29695100431079774",2026-02-10,17:03:44,"36.9,-76.3",USA,5m,PlanetScope,3,"Frégate, Destroyer, Cargo",16.5,https://example.com/satellite_images/satellite_088.jpg,0.43531635295253956,0.410490126019376,0.22427484012625393,0.29695100431079774,0.0665986390171347,0.7552587358536805,0,15,8,0,0
23,Faible,DET-002-00009,IMG-002,satellite_002.jpg,2026-03-02T15:20:53Z,Chalutier,0.77,False,ZONE-009,Base navale de Yokosuka,High,35.4,139.7,MIL-001,Zone militaire 2 - Port de Shanghai,Critical,1751.832,False,"0.5349294114832523,0.21950418726747145,0.2820321792049321,0.28068462845883985",2026-03-02,15:20:53,"35.4,139.7",Japan,1m,Sentinel-2,4,"Navire de soutien, Chalutier, Porte-avions, Navire de guerre",25.6,https://example.com/satellite_images/satellite_002.jpg,0.5349294114832523,0.21950418726747145,0.2820321792049321,0.28068462845883985,0.07916209743357332,1.0048009424438071,0,15,8,0,0
23,Faible,DET-039-00121,IMG-039,satellite_039.jpg,2026-02-25T09:12:06Z,Navire de soutien,0.77,False,ZONE-005,Base navale de Rota,High,36.6,-6.4,MIL-010,Zone militaire 11 - Port militaire de Toulon,High,1273.735,False,"0.07692792516543943,0.773599022815371,0.028706406928839603,0.07861996731134394",2026-02-25,09:12:06,"36.6,-6.4",Spain,0.5m,Maxar,5,"Navire de soutien, Navire civil, Porte-avions, Cargo, Frégate",8.8,https://example.com/satellite_images/satellite_039.jpg,0.07692792516543943,0.773599022815371,0.028706406928839603,0.07861996731134394,0.0022568967743715066,0.3651287059832904,0,15,8,0,0
23,Faible,DET-039-00124,IMG-039,satellite_039.jpg,2026-02-25T09:12:06Z,Cargo,0.77,False,ZONE-005,Base navale de Rota,High,36.6,-6.4,MIL-010,Zone militaire 11 - Port militaire de Toulon,High,1273.735,False,"0.38229571620266667,0.4079529943848271,0.10761353591826169,0.05959428360601017",2026-02-25,09:12:06,"36.6,-6.4",Spain,0.5m,Maxar,5,"Navire de soutien, Navire civil, Porte-avions, Cargo, Frégate",8.8,https://example.com/satellite_images/satellite_039.jpg,0.38229571620266667,0.4079529943848271,0.10761353591826169,0.05959428360601017,0.006413151579358449,1.8057694363727312,0,15,8,0,0
23,Faible,DET-063-00168,IMG-063,satellite_063.jpg,2026-06-16T18:23:46Z,Cargo,0.76,False,ZONE-005,Base navale de Rota,High,36.6,-6.4,MIL-010,Zone militaire 11 - Port militaire de Toulon,High,1273.735,False,"0.7212249131550832,0.5645889065473265,0.2438720411705924,0.08622207152418468",2026-06-16,18:23:46,"36.6,-6.4",Spain,5m,Maxar,4,"Cargo, Corvette, Frégate, Sous-marin",29.6,https://example.com/satellite_images/satellite_063.jpg,0.7212249131550832,0.5645889065473265,0.2438720411705924,0.08622207152418468,0.02102715257655973,2.828417792098489,0,15,8,0,0
23,Faible,DET-052-00148,IMG-052,satellite_052.jpg,2026-02-17T10:50:44Z,Chalutier,0.75,False,ZONE-002,Base navale de Norfolk,High,36.9,-76.3,MIL-010,Zone militaire 11 - Port militaire de Toulon,High,6747.776,False,"0.7681348547582588,0.018182723001084523,0.17688898244098775,0.237094477278688",2026-02-17,10:50:44,"36.9,-76.3",USA,10m,PlanetScope,5,"Porte-avions, Corvette, Bâtiment de débarquement, Navire de guerre, Chalutier",24.3,https://example.com/satellite_images/satellite_052.jpg,0.7681348547582588,0.018182723001084523,0.17688898244098775,0.237094477278688,0.041939400828205006,0.7460696025958762,0,15,8,0,0
18,Faible,DET-098-00249,IMG-098,satellite_098.jpg,2026-04-20T05:53:49Z,Pétrolier,0.84,False,ZONE-003,Port de Shanghai,Medium,31.2,121.5,MIL-001,Zone militaire 2 - Port de Shanghai,Critical,0.0,True,"0.2620551886431494,0.0011380567833149337,0.027541199119567407,0.21955839063724558",2026-04-20,05:53:49,"31.2,121.5",China,10m,Landsat-8,5,"Navire de soutien, Bâtiment de débarquement, Pétrolier, Navire civil, Cargo",45.3,https://example.com/satellite_images/satellite_098.jpg,0.2620551886431494,0.0011380567833149337,0.027541199119567407,0.21955839063724558,0.006046901354912145,0.1254390644767978,0,0,8,0,10
18,Faible,DET-007-00026,IMG-007,satellite_007.jpg,2026-04-06T03:08:14Z,Pétrolier,0.81,False,ZONE-003,Port de Shanghai,Medium,31.2,121.5,MIL-001,Zone militaire 2 - Port de Shanghai,Critical,0.0,True,"0.7157682058347914,0.7078832115539528,0.15432948009141417,0.28703024576428826",2026-04-06,03:08:14,"31.2,121.5",China,5m,WorldView-3,5,"Croiseur, Navire de guerre, Chalutier, Pétrolier, Destroyer",21.1,https://example.com/satellite_images/satellite_007.jpg,0.7157682058347914,0.7078832115539528,0.15432948009141417,0.28703024576428826,0.04429722859931344,0.5376767165441891,0,0,8,0,10
18,Faible,DET-058-00158,IMG-058,satellite_058.jpg,2026-05-23T19:07:48Z,Cargo,0.81,False,ZONE-003,Port de Shanghai,Medium,31.2,121.5,MIL-001,Zone militaire 2 - Port de Shanghai,Critical,0.0,True,"0.07844952462079276,0.21215844636785466,0.12749267156020927,0.10192713818616046",2026-05-23,19:07:48,"31.2,121.5",China,5m,PlanetScope,2,"Cargo, Frégate",37.5,https://example.com/satellite_images/satellite_058.jpg,0.07844952462079276,0.21215844636785466,0.12749267156020927,0.10192713818616046,0.012994963151840221,1.2508216538696078,0,0,8,0,10
18,Faible,DET-098-00251,IMG-098,satellite_098.jpg,2026-04-20T05:53:49Z,Cargo,0.81,False,ZONE-003,Port de Shanghai,Medium,31.2,121.5,MIL-001,Zone militaire 2 - Port de Shanghai,Critical,0.0,True,"0.4821861953945854,0.6580260789073002,0.04467216456383861,0.2032474018792138",2026-04-20,05:53:49,"31.2,121.5",China,10m,Landsat-8,5,"Navire de soutien, Bâtiment de débarquement, Pétrolier, Navire civil, Cargo",45.3,https://example.com/satellite_images/satellite_098.jpg,0.4821861953945854,0.6580260789073002,0.04467216456383861,0.2032474018792138,0.00907950138392088,0.21979205712251346,0,0,8,0,10
18,Faible,DET-037-00119,IMG-037,satellite_037.jpg,2026-05-03T20:00:00Z,Bâtiment de débarquement,0.79,False,ZONE-003,Port de Shanghai,Medium,31.2,121.5,MIL-001,Zone militaire 2 - Port de Shanghai,Critical,0.0,True,"0.4380590518121077,0.025378532826709946,0.24820814363495702,0.051318225976182366",2026-05-03,20:00:00,"31.2,121.5",China,10m,Landsat-8,5,"Navire de soutien, Corvette, Navire de guerre, Bâtiment de débarquement, Cargo",7.0,https://example.com/satellite_images/satellite_037.jpg,0.4380590518121077,0.025378532826709946,0.24820814363495702,0.051318225976182366,0.012737601604187455,4.8366469984787575,0,0,8,0,10
18,Faible,DET-098-00247,IMG-098,satellite_098.jpg,2026-04-20T05:53:49Z,Navire de soutien,0.78,False,ZONE-003,Port de Shanghai,Medium,31.2,121.5,MIL-001,Zone militaire 2 - Port de Shanghai,Critical,0.0,True,"0.7346732484447891,0.4406624961066383,0.07698022262416612,0.23817272400854614",2026-04-20,05:53:49,"31.2,121.5",China,10m,Landsat-8,5,"Navire de soutien, Bâtiment de débarquement, Pétrolier, Navire civil, Cargo",45.3,https://example.com/satellite_images/satellite_098.jpg,0.7346732484447891,0.4406624961066383,0.07698022262416612,0.23817272400854614,0.018334589317181956,0.32321174871982367,0,0,8,0,10
18,Faible,DET-047-00133,IMG-047,satellite_047.jpg,2026-01-29T17:19:53Z,Navire civil,0.75,False,ZONE-003,Port de Shanghai,Medium,31.2,121.5,MIL-001,Zone militaire 2 - Port de Shanghai,Critical,0.0,True,"0.24109895900114175,0.22069434811173327,0.20801047699149744,0.17221320062344309",2026-01-29,17:19:53,"31.2,121.5",China,1m,WorldView-3,1,Navire civil,2.8,https://example.com/satellite_images/satellite_047.jpg,0.24109895900114175,0.22069434811173327,0.20801047699149744,0.17221320062344309,0.03582215000591484,1.2078660418508087,0,0,8,0,10
15,Faible,DET-044-00128,IMG-044,satellite_044.jpg,2026-03-31T04:23:18Z,Navire civil,0.97,False,ZONE-006,Port de Rotterdam,Low,51.9,4.5,MIL-010,Zone militaire 11 - Port militaire de Toulon,High,981.887,False,"0.5492616398869591,0.5626382104069824,0.11565659897376772,0.12825798374384442",2026-03-31,04:23:18,"51.9,4.5",Netherlands,0.5m,Maxar,3,"Navire civil, Croiseur, Bâtiment de débarquement",10.7,https://example.com/satellite_images/satellite_044.jpg,0.5492616398869591,0.5626382104069824,0.11565659897376772,0.12825798374384442,0.014833882191045833,0.9017497047572176,0,0,15,0,0
15,Faible,DET-009-00033,IMG-009,satellite_009.jpg,2026-01-28T03:13:46Z,Chalutier,0.96,False,ZONE-015,Mer Baltique,Medium,55.0,20.0,MIL-010,Zone militaire 11 - Port militaire de Toulon,High,1666.902,False,"0.21682641619433154,0.15919966205739255,0.06448842180973047,0.030131438431776587",2026-01-28,03:13:46,"55.0,20.0",International,10m,Sentinel-2,5,"Frégate, Navire de soutien, Chalutier, Destroyer, Navire de guerre",1.9,https://example.com/satellite_images/satellite_009.jpg,0.21682641619433154,0.15919966205739255,0.06448842180973047,0.030131438431776587,0.001943128911322332,2.1402370801428794,0,0,15,0,0
15,Faible,DET-010-00037,IMG-010,satellite_010.jpg,2026-10-10T13:35:17Z,Chalutier,0.96,False,ZONE-014,Port de Singapour,Low,1.3,103.8,MIL-001,Zone militaire 2 - Port de Shanghai,Critical,3810.398,False,"0.6593332038819141,0.43478269223772287,0.07584263745257687,0.20672284931187407",2026-10-10,13:35:17,"1.3,103.8",Singapore,5m,WorldView-3,5,"Sous-marin, Chalutier, Navire civil, Navire de guerre, Navire de soutien",43.7,https://example.com/satellite_images/satellite_010.jpg,0.6593332038819141,0.43478269223772287,0.07584263745257687,0.20672284931187407,0.015678406113524144,0.3668807667127124,0,0,15,0,0
15,Faible,DET-036-00115,IMG-036,satellite_036.jpg,2026-06-20T06:08:55Z,Chalutier,0.96,False,ZONE-011,Port de Busan,Medium,35.1,129.0,MIL-001,Zone militaire 2 - Port de Shanghai,Critical,821.551,False,"0.7348029705879815,0.27626761531383065,0.030934842070086222,0.19644166164436666",2026-06-20,06:08:55,"35.1,129.0",South Korea,5m,Maxar,4,"Frégate, Pétrolier, Croiseur, Chalutier",45.5,https://example.com/satellite_images/satellite_036.jpg,0.7348029705879815,0.27626761531383065,0.030934842070086222,0.19644166164436666,0.0060768917789537965,0.15747597434850621,0,0,15,0,0
15,Faible,DET-070-00192,IMG-070,satellite_070.jpg,2026-10-08T12:35:10Z,Chalutier,0.95,False,ZONE-006,Port de Rotterdam,Low,51.9,4.5,MIL-010,Zone militaire 11 - Port militaire de Toulon,High,981.887,False,"0.5821975427633271,0.10470957525421715,0.04140709674762483,0.13170064038015813",2026-10-08,12:35:10,"51.9,4.5",Netherlands,10m,Landsat-8,5,"Navire de guerre, Destroyer, Chalutier, Navire de soutien, Cargo",6.2,https://example.com/satellite_images/satellite_070.jpg,0.5821975427633271,0.10470957525421715,0.04140709674762483,0.13170064038015813,0.0054533411579453525,0.31440315421475484,0,0,15,0,0
15,Faible,DET-097-00244,IMG-097,satellite_097.jpg,2026-10-18T19:57:16Z,Navire de soutien,0.95,False,ZONE-006,Port de Rotterdam,Low,51.9,4.5,MIL-010,Zone militaire 11 - Port militaire de Toulon,High,981.887,False,"0.3420075605806185,0.3750381978603934,0.1026491389393471,0.07219538923412663",2026-10-18,19:57:16,"51.9,4.5",Netherlands,10m,PlanetScope,4,"Navire de guerre, Navire de soutien, Pétrolier, Croiseur",15.8,https://example.com/satellite_images/satellite_097.jpg,0.3420075605806185,0.3750381978603934,0.1026491389393471,0.07219538923412663,0.0074107945402741085,1.4218240254437888,0,0,15,0,0
15,Faible,DET-021-00070,IMG-021,satellite_021.jpg,2026-06-23T11:20:18Z,Pétrolier,0.94,False,ZONE-006,Port de Rotterdam,Low,51.9,4.5,MIL-010,Zone militaire 11 - Port militaire de Toulon,High,981.887,False,"0.035799362396081946,0.668131790512513,0.03000571132904578,0.11856289701902055",2026-06-23,11:20:18,"51.9,4.5",Netherlands,10m,PlanetScope,4,"Chalutier, Bâtiment de débarquement, Porte-avions, Pétrolier",6.2,https://example.com/satellite_images/satellite_021.jpg,0.035799362396081946,0.668131790512513,0.03000571132904578,0.11856289701902055,0.003557564062288113,0.25307842574251616,0,0,15,0,0
15,Faible,DET-046-00132,IMG-046,satellite_046.jpg,2026-03-21T01:52:38Z,Navire civil,0.94,False,ZONE-006,Port de Rotterdam,Low,51.9,4.5,MIL-010,Zone militaire 11 - Port militaire de Toulon,High,981.887,False,"0.4038995097674414,0.6935097335765339,0.2217577984282623,0.03401462794111944",2026-03-21,01:52:38,"51.9,4.5",Netherlands,0.5m,PlanetScope,2,"Porte-avions, Navire civil",12.2,https://example.com/satellite_images/satellite_046.jpg,0.4038995097674414,0.6935097335765339,0.2217577984282623,0.03401462794111944,0.0075430090065791025,6.519483288546714,0,0,15,0,0
15,Faible,DET-059-00160,IMG-059,satellite_059.jpg,2026-06-15T01:01:51Z,Cargo,0.94,False,ZONE-011,Port de Busan,Medium,35.1,129.0,MIL-001,Zone militaire 2 - Port de Shanghai,Critical,821.551,False,"0.7426139185927384,0.43578182757112477,0.22944236488249226,0.2771968110236645",2026-06-15,01:01:51,"35.1,129.0",South Korea,5m,Sentinel-2,2,"Cargo, Croiseur",15.8,https://example.com/satellite_images/satellite_059.jpg,0.7426139185927384,0.43578182757112477,0.22944236488249226,0.2771968110236645,0.06360069185915489,0.8277236813626423,0,0,15,0,0
15,Faible,DET-050-00140,IMG-050,satellite_050.jpg,2026-03-07T18:56:42Z,Chalutier,0.92,False,ZONE-014,Port de Singapour,Low,1.3,103.8,MIL-001,Zone militaire 2 - Port de Shanghai,Critical,3810.398,False,"0.7222403361962936,0.35413540067116334,0.10849981609932129,0.19623272024277497",2026-03-07,18:56:42,"1.3,103.8",Singapore,1m,Maxar,5,"Navire de guerre, Croiseur, Chalutier, Sous-marin, Bâtiment de débarquement",34.1,https://example.com/satellite_images/satellite_050.jpg,0.7222403361962936,0.35413540067116334,0.10849981609932129,0.19623272024277497,0.021291214059010646,0.5529139888856843,0,0,15,0,0
15,Faible,DET-010-00040,IMG-010,satellite_010.jpg,2026-10-10T13:35:17Z,Navire de soutien,0.91,False,ZONE-014,Port de Singapour,Low,1.3,103.8,MIL-001,Zone militaire 2 - Port de Shanghai,Critical,3810.398,False,"0.3862367041626568,0.2455997518833849,0.1878310632610799,0.29389956891179553",2026-10-10,13:35:17,"1.3,103.8",Singapore,5m,WorldView-3,5,"Sous-marin, Chalutier, Navire civil, Navire de guerre, Navire de soutien",43.7,https://example.com/satellite_images/satellite_010.jpg,0.3862367041626568,0.2455997518833849,0.1878310632610799,0.29389956891179553,0.05520346852067558,0.6390994854349423,0,0,15,0,0
15,Faible,DET-020-00063,IMG-020,satellite_020.jpg,2026-10-22T12:31:57Z,Chalutier,0.91,False,ZONE-014,Port de Singapour,Low,1.3,103.8,MIL-001,Zone militaire 2 - Port de Shanghai,Critical,3810.398,False,"0.16626792921723546,0.22136738075620796,0.28090277839770966,0.06990179623191374",2026-10-22,12:31:57,"1.3,103.8",Singapore,0.5m,Sentinel-2,5,"Navire civil, Chalutier, Pétrolier, Frégate, Cargo",14.0,https://example.com/satellite_images/satellite_020.jpg,0.16626792921723546,0.22136738075620796,0.28090277839770966,0.06990179623191374,0.019635608776535123,4.018534480369522,0,0,15,0,0
15,Faible,DET-020-00066,IMG-020,satellite_020.jpg,2026-10-22T12:31:57Z,Cargo,0.91,False,ZONE-014,Port de Singapour,Low,1.3,103.8,MIL-001,Zone militaire 2 - Port de Shanghai,Critical,3810.398,False,"0.2005468031773388,0.4747243557392666,0.17777766616998664,0.12579877529011838",2026-10-22,12:31:57,"1.3,103.8",Singapore,0.5m,Sentinel-2,5,"Navire civil, Chalutier, Pétrolier, Frégate, Cargo",14.0,https://example.com/satellite_images/satellite_020.jpg,0.2005468031773388,0.4747243557392666,0.17777766616998664,0.12579877529011838,0.02236421267811983,1.4131907545204159,0,0,15,0,0
15,Faible,DET-056-00157,IMG-056,satellite_056.jpg,2026-01-27T02:47:12Z,Chalutier,0.91,False,ZONE-015,Mer Baltique,Medium,55.0,20.0,MIL-010,Zone militaire 11 - Port militaire de Toulon,High,1666.902,False,"0.18533818346852451,0.7873763579147717,0.05506466230305071,0.023816929212098107",2026-01-27,02:47:12,"55.0,20.0",International,5m,Sentinel-2,1,Chalutier,27.5,https://example.com/satellite_images/satellite_056.jpg,0.18533818346852451,0.7873763579147717,0.05506466230305071,0.023816929212098107,0.001311471164159846,2.311996723535624,0,0,15,0,0
15,Faible,DET-070-00194,IMG-070,satellite_070.jpg,2026-10-08T12:35:10Z,Cargo,0.91,False,ZONE-006,Port de Rotterdam,Low,51.9,4.5,MIL-010,Zone militaire 11 - Port militaire de Toulon,High,981.887,False,"0.058621132813479276,0.11362420868751749,0.20290069357559587,0.04588436143209333",2026-10-08,12:35:10,"51.9,4.5",Netherlands,10m,Landsat-8,5,"Navire de guerre, Destroyer, Chalutier, Navire de soutien, Cargo",6.2,https://example.com/satellite_images/satellite_070.jpg,0.058621132813479276,0.11362420868751749,0.20290069357559587,0.04588436143209333,0.009309968758845058,4.422001031350937,0,0,15,0,0
15,Faible,DET-021-00068,IMG-021,satellite_021.jpg,2026-06-23T11:20:18Z,Bâtiment de débarquement,0.89,False,ZONE-006,Port de Rotterdam,Low,51.9,4.5,MIL-010,Zone militaire 11 - Port militaire de Toulon,High,981.887,False,"0.07148159124955544,0.47990066859139546,0.03620501639629027,0.06000221620062436",2026-06-23,11:20:18,"51.9,4.5",Netherlands,10m,PlanetScope,4,"Chalutier, Bâtiment de débarquement, Porte-avions, Pétrolier",6.2,https://example.com/satellite_images/satellite_021.jpg,0.07148159124955544,0.47990066859139546,0.03620501639629027,0.06000221620062436,0.002172381221357359,0.6033946525447428,0,0,15,0,0
15,Faible,DET-020-00064,IMG-020,satellite_020.jpg,2026-10-22T12:31:57Z,Pétrolier,0.86,False,ZONE-014,Port de Singapour,Low,1.3,103.8,MIL-001,Zone militaire 2 - Port de Shanghai,Critical,3810.398,False,"0.14376866391572118,0.6825339609892205,0.24857411563856158,0.2737538685292681",2026-10-22,12:31:57,"1.3,103.8",Singapore,0.5m,Sentinel-2,5,"Navire civil, Chalutier, Pétrolier, Frégate, Cargo",14.0,https://example.com/satellite_images/satellite_020.jpg,0.14376866391572118,0.6825339609892205,0.24857411563856158,0.2737538685292681,0.06804812577229787,0.9080204673417631,0,0,15,0,0
15,Faible,DET-005-00015,IMG-005,satellite_005.jpg,2026-11-09T21:23:47Z,Pétrolier,0.74,False,ZONE-005,Base navale de Rota,High,36.6,-6.4,MIL-010,Zone militaire 11 - Port militaire de Toulon,High,1273.735,False,"0.37153706221803146,0.7979445277461746,0.2609122674268525,0.22392954239738191",2026-11-09,21:23:47,"36.6,-6.4",Spain,0.5m,WorldView-3,4,"Pétrolier, Destroyer, Cargo, Frégate",45.2,https://example.com/satellite_images/satellite_005.jpg,0.37153706221803146,0.7979445277461746,0.2609122674268525,0.22392954239738191,0.05842596465075841,1.165153398848293,0,15,0,0,0
15,Faible,DET-000-00002,IMG-000,satellite_000.jpg,2026-08-31T17:17:58Z,Navire civil,0.72,False,ZONE-002,Base navale de Norfolk,High,36.9,-76.3,MIL-010,Zone militaire 11 - Port militaire de Toulon,High,6747.776,False,"0.6730405409693083,0.37685587994514613,0.29411363227785164,0.23601876857461268",2026-08-31,17:17:58,"36.9,-76.3",USA,1m,Sentinel-2,5,"Navire de guerre, Navire civil, Bâtiment de débarquement, Destroyer, Pétrolier",17.0,https://example.com/satellite_images/satellite_000.jpg,0.6730405409693083,0.37685587994514613,0.29411363227785164,0.23601876857461268,0.069416337311225,1.2461451013158449,0,15,0,0,0
15,Faible,DET-090-00230,IMG-090,satellite_090.jpg,2026-08-16T00:20:55Z,Cargo,0.72,False,ZONE-002,Base navale de Norfolk,High,36.9,-76.3,MIL-010,Zone militaire 11 - Port militaire de Toulon,High,6747.776,False,"0.41473349004892274,0.03738119066997703,0.0977244190507257,0.140985735583229",2026-08-16,00:20:55,"36.9,-76.3",USA,10m,PlanetScope,4,"Bâtiment de débarquement, Cargo, Corvette, Sous-marin",44.0,https://example.com/satellite_images/satellite_090.jpg,0.41473349004892274,0.03738119066997703,0.0977244190507257,0.140985735583229,0.01377774910431028,0.6931511095534585,0,15,0,0,0
15,Faible,DET-030-00096,IMG-030,satellite_030.jpg,2026-04-14T02:08:57Z,Navire civil,0.71,False,ZONE-009,Base navale de Yokosuka,High,35.4,139.7,MIL-001,Zone militaire 2 - Port de Shanghai,Critical,1751.832,False,"0.7251122629525776,0.10018005911305564,0.04735108191806234,0.1940735915750732",2026-04-14,02:08:57,"35.4,139.7",Japan,0.5m,Maxar,3,"Navire de guerre, Cargo, Navire civil",46.7,https://example.com/satellite_images/satellite_030.jpg,0.7251122629525776,0.10018005911305564,0.04735108191806234,0.1940735915750732,0.009189594532803864,0.2439851889881967,0,15,0,0,0
15,Faible,DET-064-00175,IMG-064,satellite_064.jpg,2026-03-12T14:37:19Z,Bâtiment de débarquement,0.71,False,ZONE-005,Base navale de Rota,High,36.6,-6.4,MIL-010,Zone militaire 11 - Port militaire de Toulon,High,1273.735,False,"0.7826073172590303,0.5493455328516026,0.17180427215853325,0.2866135563637385",2026-03-12,14:37:19,"36.6,-6.4",Spain,1m,WorldView-3,4,"Navire de soutien, Corvette, Cargo, Bâtiment de débarquement",38.7,https://example.com/satellite_images/satellite_064.jpg,0.7826073172590303,0.5493455328516026,0.17180427215853325,0.2866135563637385,0.049241433441840836,0.5994282836381197,0,15,0,0,0
15,Faible,DET-090-00229,IMG-090,satellite_090.jpg,2026-08-16T00:20:55Z,Bâtiment de débarquement,0.71,False,ZONE-002,Base navale de Norfolk,High,36.9,-76.3,MIL-010,Zone militaire 11 - Port militaire de Toulon,High,6747.776,False,"0.21179265133215397,0.22399786438687067,0.28758809512546035,0.2321485203329295",2026-08-16,00:20:55,"36.9,-76.3",USA,10m,PlanetScope,4,"Bâtiment de débarquement, Cargo, Corvette, Sous-marin",44.0,https://example.com/satellite_images/satellite_090.jpg,0.21179265133215397,0.22399786438687067,0.28758809512546035,0.2321485203329295,0.0667631507487414,1.238810804019012,0,15,0,0,0
15,Faible,DET-064-00172,IMG-064,satellite_064.jpg,2026-03-12T14:37:19Z,Navire de soutien,0.7,False,ZONE-005,Base navale de Rota,High,36.6,-6.4,MIL-010,Zone militaire 11 - Port militaire de Toulon,High,1273.735,False,"0.3805046230936525,0.27558401057058424,0.29219092176456496,0.14042283828159607",2026-03-12,14:37:19,"36.6,-6.4",Spain,1m,WorldView-3,4,"Navire de soutien, Corvette, Cargo, Bâtiment de débarquement",38.7,https://example.com/satellite_images/satellite_064.jpg,0.3805046230936525,0.27558401057058424,0.29219092176456496,0.14042283828159607,0.041030278554295994,2.080793447420723,0,15,0,0,0
10,Faible,DET-037-00116,IMG-037,satellite_037.jpg,2026-05-03T20:00:00Z,Navire de soutien,0.74,False,ZONE-003,Port de Shanghai,Medium,31.2,121.5,MIL-001,Zone militaire 2 - Port de Shanghai,Critical,0.0,True,"0.4921277417767974,0.09243436437722999,0.2434621391154712,0.24009644625193954",2026-05-03,20:00:00,"31.2,121.5",China,10m,Landsat-8,5,"Navire de soutien, Corvette, Navire de guerre, Bâtiment de débarquement, Cargo",7.0,https://example.com/satellite_images/satellite_037.jpg,0.4921277417767974,0.09243436437722999,0.2434621391154712,0.24009644625193954,0.05845439439851996,1.0140180869649356,0,0,0,0,10
8,Faible,DET-019-00061,IMG-019,satellite_019.jpg,2026-04-18T06:16:15Z,Chalutier,0.84,False,ZONE-006,Port de Rotterdam,Low,51.9,4.5,MIL-010,Zone militaire 11 - Port militaire de Toulon,High,981.887,False,"0.15110194086714862,0.7612736744264605,0.14700354181099784,0.11964287087902968",2026-04-18,06:16:15,"51.9,4.5",Netherlands,10m,PlanetScope,2,"Frégate, Chalutier",11.0,https://example.com/satellite_images/satellite_019.jpg,0.15110194086714862,0.7612736744264605,0.14700354181099784,0.11964287087902968,0.017587925771653256,1.2286861785490955,0,0,8,0,0
8,Faible,DET-025-00081,IMG-025,satellite_025.jpg,2026-03-29T01:02:14Z,Cargo,0.84,False,ZONE-006,Port de Rotterdam,Low,51.9,4.5,MIL-010,Zone militaire 11 - Port militaire de Toulon,High,981.887,False,"0.7078707493935086,0.6408344308416747,0.22487487396333833,0.18875323334941305",2026-03-29,01:02:14,"51.9,4.5",Netherlands,0.5m,Maxar,3,"Navire de soutien, Cargo, Navire de guerre",44.8,https://example.com/satellite_images/satellite_025.jpg,0.7078707493935086,0.6408344308416747,0.22487487396333833,0.18875323334941305,0.042445859559621844,1.191369652179988,0,0,8,0,0
8,Faible,DET-089-00228,IMG-089,satellite_089.jpg,2026-03-29T18:55:56Z,Navire de soutien,0.84,False,ZONE-006,Port de Rotterdam,Low,51.9,4.5,MIL-010,Zone militaire 11 - Port militaire de Toulon,High,981.887,False,"0.5520672471673165,0.6350145969440297,0.13693829488649,0.1950078488990614",2026-03-29,18:55:56,"51.9,4.5",Netherlands,1m,Sentinel-2,2,"Navire civil, Navire de soutien",49.7,https://example.com/satellite_images/satellite_089.jpg,0.5520672471673165,0.6350145969440297,0.13693829488649,0.1950078488990614,0.026704042317719754,0.7022194012168764,0,0,8,0,0
8,Faible,DET-065-00178,IMG-065,satellite_065.jpg,2026-02-20T20:07:34Z,Cargo,0.83,False,ZONE-015,Mer Baltique,Medium,55.0,20.0,MIL-010,Zone militaire 11 - Port militaire de Toulon,High,1666.902,False,"0.27871027478403443,0.22421178898576619,0.11411230393905444,0.06559874600178961",2026-02-20,20:07:34,"55.0,20.0",International,1m,Sentinel-2,4,"Bâtiment de débarquement, Frégate, Cargo, Navire de guerre",8.4,https://example.com/satellite_images/satellite_065.jpg,0.27871027478403443,0.22421178898576619,0.11411230393905444,0.06559874600178961,0.007485624041777049,1.7395500812765738,0,0,8,0,0
8,Faible,DET-010-00038,IMG-010,satellite_010.jpg,2026-10-10T13:35:17Z,Navire civil,0.82,False,ZONE-014,Port de Singapour,Low,1.3,103.8,MIL-001,Zone militaire 2 - Port de Shanghai,Critical,3810.398,False,"0.04330968447123862,0.2947517457466443,0.14174220022047188,0.03501919472715861",2026-10-10,13:35:17,"1.3,103.8",Singapore,5m,WorldView-3,5,"Sous-marin, Chalutier, Navire civil, Navire de guerre, Navire de soutien",43.7,https://example.com/satellite_images/satellite_010.jpg,0.04330968447123862,0.2947517457466443,0.14174220022047188,0.03501919472715861,0.004963697710576608,4.047557384594736,0,0,8,0,0
8,Faible,DET-089-00227,IMG-089,satellite_089.jpg,2026-03-29T18:55:56Z,Navire civil,0.82,False,ZONE-006,Port de Rotterdam,Low,51.9,4.5,MIL-010,Zone militaire 11 - Port militaire de Toulon,High,981.887,False,"0.5530761192585337,0.662482727288524,0.1980326736011135,0.2882790154665064",2026-03-29,18:55:56,"51.9,4.5",Netherlands,1m,Sentinel-2,2,"Navire civil, Navire de soutien",49.7,https://example.com/satellite_images/satellite_089.jpg,0.5530761192585337,0.662482727288524,0.1980326736011135,0.2882790154665064,0.05708866417592902,0.6869479323031816,0,0,8,0,0
8,Faible,DET-097-00245,IMG-097,satellite_097.jpg,2026-10-18T19:57:16Z,Pétrolier,0.82,False,ZONE-006,Port de Rotterdam,Low,51.9,4.5,MIL-010,Zone militaire 11 - Port militaire de Toulon,High,981.887,False,"0.39253128846406987,0.3757915554949549,0.2819364162598869,0.2643901933104838",2026-10-18,19:57:16,"51.9,4.5",Netherlands,10m,PlanetScope,4,"Navire de guerre, Navire de soutien, Pétrolier, Croiseur",15.8,https://example.com/satellite_images/satellite_097.jpg,0.39253128846406987,0.3757915554949549,0.2819364162598869,0.2643901933104838,0.07454122359621652,1.0663648780981747,0,0,8,0,0
8,Faible,DET-025-00080,IMG-025,satellite_025.jpg,2026-03-29T01:02:14Z,Navire de soutien,0.8,False,ZONE-006,Port de Rotterdam,Low,51.9,4.5,MIL-010,Zone militaire 11 - Port militaire de Toulon,High,981.887,False,"0.7176067342451034,0.5646487876542692,0.14240813506095026,0.05657264113990401",2026-03-29,01:02:14,"51.9,4.5",Netherlands,0.5m,Maxar,3,"Navire de soutien, Cargo, Navire de guerre",44.8,https://example.com/satellite_images/satellite_025.jpg,0.7176067342451034,0.5646487876542692,0.14240813506095026,0.05657264113990401,0.008056404320206122,2.5172615630367208,0,0,8,0,0
8,Faible,DET-070-00193,IMG-070,satellite_070.jpg,2026-10-08T12:35:10Z,Navire de soutien,0.8,False,ZONE-006,Port de Rotterdam,Low,51.9,4.5,MIL-010,Zone militaire 11 - Port militaire de Toulon,High,981.887,False,"0.723673278123738,0.7160937693222476,0.21183037289889867,0.1555477636344295",2026-10-08,12:35:10,"51.9,4.5",Netherlands,10m,Landsat-8,5,"Navire de guerre, Destroyer, Chalutier, Navire de soutien, Cargo",6.2,https://example.com/satellite_images/satellite_070.jpg,0.723673278123738,0.7160937693222476,0.21183037289889867,0.1555477636344295,0.032949740774270944,1.3618348984865212,0,0,8,0,0
8,Faible,DET-050-00142,IMG-050,satellite_050.jpg,2026-03-07T18:56:42Z,Bâtiment de débarquement,0.78,False,ZONE-014,Port de Singapour,Low,1.3,103.8,MIL-001,Zone militaire 2 - Port de Shanghai,Critical,3810.398,False,"0.24550067626268907,0.3112505903786378,0.1587176455853026,0.06779261175752832",2026-03-07,18:56:42,"1.3,103.8",Singapore,1m,Maxar,5,"Navire de guerre, Croiseur, Chalutier, Sous-marin, Bâtiment de débarquement",34.1,https://example.com/satellite_images/satellite_050.jpg,0.24550067626268907,0.3112505903786378,0.1587176455853026,0.06779261175752832,0.010759883726233398,2.3412233497211017,0,0,8,0,0
8,Faible,DET-093-00238,IMG-093,satellite_093.jpg,2026-08-26T03:30:21Z,Chalutier,0.78,False,ZONE-015,Mer Baltique,Medium,55.0,20.0,MIL-010,Zone militaire 11 - Port militaire de Toulon,High,1666.902,False,"0.3441662550981172,0.6879442004805747,0.1085204698239626,0.13714964524181744",2026-08-26,03:30:21,"55.0,20.0",International,10m,Sentinel-2,2,"Chalutier, Navire de guerre",43.9,https://example.com/satellite_images/satellite_093.jpg,0.3441662550981172,0.6879442004805747,0.1085204698239626,0.13714964524181744,0.014883543937831825,0.7912559280238977,0,0,8,0,0
8,Faible,DET-036-00113,IMG-036,satellite_036.jpg,2026-06-20T06:08:55Z,Pétrolier,0.77,False,ZONE-011,Port de Busan,Medium,35.1,129.0,MIL-001,Zone militaire 2 - Port de Shanghai,Critical,821.551,False,"0.38069382994131234,0.08918405171436401,0.06656695206904031,0.2709936208118205",2026-06-20,06:08:55,"35.1,129.0",South Korea,5m,Maxar,4,"Frégate, Pétrolier, Croiseur, Chalutier",45.5,https://example.com/satellite_images/satellite_036.jpg,0.38069382994131234,0.08918405171436401,0.06656695206904031,0.2709936208118205,0.01803921936759614,0.24564029171470714,0,0,8,0,0
8,Faible,DET-065-00176,IMG-065,satellite_065.jpg,2026-02-20T20:07:34Z,Bâtiment de débarquement,0.76,False,ZONE-015,Mer Baltique,Medium,55.0,20.0,MIL-010,Zone militaire 11 - Port militaire de Toulon,High,1666.902,False,"0.2241821457928965,0.6770467074072856,0.2005383997688888,0.26316106520081134",2026-02-20,20:07:34,"55.0,20.0",International,1m,Sentinel-2,4,"Bâtiment de débarquement, Frégate, Cargo, Navire de guerre",8.4,https://example.com/satellite_images/satellite_065.jpg,0.2241821457928965,0.6770467074072856,0.2005383997688888,0.26316106520081134,0.052773898896846916,0.762036738283694,0,0,8,0,0
8,Faible,DET-054-00151,IMG-054,satellite_054.jpg,2026-01-06T11:03:09Z,Navire civil,0.75,False,ZONE-015,Mer Baltique,Medium,55.0,20.0,MIL-010,Zone militaire 11 - Port militaire de Toulon,High,1666.902,False,"0.19224125909716225,0.6832688149830758,0.22293623247242345,0.10338779011423971",2026-01-06,11:03:09,"55.0,20.0",International,5m,Maxar,3,"Sous-marin, Navire civil, Frégate",6.0,https://example.com/satellite_images/satellite_054.jpg,0.19224125909716225,0.6832688149830758,0.22293623247242345,0.10338779011423971,0.023048884411718266,2.1563110327253066,0,0,8,0,0
0,Faible,DET-004-00013,IMG-004,satellite_004.jpg,2026-10-03T08:53:49Z,Pétrolier,0.74,False,ZONE-015,Mer Baltique,Medium,55.0,20.0,MIL-010,Zone militaire 11 - Port militaire de Toulon,High,1666.902,False,"0.5715352270360203,0.6917271385955817,0.12473876484422532,0.2509732845198333",2026-10-03,08:53:49,"55.0,20.0",International,1m,Sentinel-2,3,"Destroyer, Pétrolier, Frégate",32.7,https://example.com/satellite_images/satellite_004.jpg,0.5715352270360203,0.6917271385955817,0.12473876484422532,0.2509732845198333,0.03130609751990234,0.49702009153236293,0,0,0,0,0
0,Faible,DET-021-00067,IMG-021,satellite_021.jpg,2026-06-23T11:20:18Z,Chalutier,0.74,False,ZONE-006,Port de Rotterdam,Low,51.9,4.5,MIL-010,Zone militaire 11 - Port militaire de Toulon,High,981.887,False,"0.34995556363263713,0.18344073600928967,0.18706628306358652,0.06791606060477112",2026-06-23,11:20:18,"51.9,4.5",Netherlands,10m,PlanetScope,4,"Chalutier, Bâtiment de débarquement, Porte-avions, Pétrolier",6.2,https://example.com/satellite_images/satellite_021.jpg,0.34995556363263713,0.18344073600928967,0.18706628306358652,0.06791606060477112,0.012704805017655812,2.754374759045507,0,0,0,0,0
0,Faible,DET-029-00090,IMG-029,satellite_029.jpg,2026-02-13T11:27:00Z,Cargo,0.74,False,ZONE-015,Mer Baltique,Medium,55.0,20.0,MIL-010,Zone militaire 11 - Port militaire de Toulon,High,1666.902,False,"0.09747902700711775,0.486628077308191,0.11841108698031835,0.02977521733460678",2026-02-13,11:27:00,"55.0,20.0",International,10m,WorldView-3,4,"Cargo, Navire de guerre, Corvette, Destroyer",45.3,https://example.com/satellite_images/satellite_029.jpg,0.09747902700711775,0.486628077308191,0.11841108698031835,0.02977521733460678,0.003525715849666006,3.976833675121254,0,0,0,0,0
0,Faible,DET-044-00130,IMG-044,satellite_044.jpg,2026-03-31T04:23:18Z,Bâtiment de débarquement,0.74,False,ZONE-006,Port de Rotterdam,Low,51.9,4.5,MIL-010,Zone militaire 11 - Port militaire de Toulon,High,981.887,False,"0.40334593793913137,0.6837540022635707,0.1263831833079486,0.12372605289402235",2026-03-31,04:23:18,"51.9,4.5",Netherlands,0.5m,Maxar,3,"Navire civil, Croiseur, Bâtiment de débarquement",10.7,https://example.com/satellite_images/satellite_044.jpg,0.40334593793913137,0.6837540022635707,0.1263831833079486,0.12372605289402235,0.01563689242287417,1.0214759167675236,0,0,0,0,0
0,Faible,DET-009-00032,IMG-009,satellite_009.jpg,2026-01-28T03:13:46Z,Navire de soutien,0.73,False,ZONE-015,Mer Baltique,Medium,55.0,20.0,MIL-010,Zone militaire 11 - Port militaire de Toulon,High,1666.902,False,"0.6518584273252466,0.2697678569856787,0.16175332688601296,0.13985543925755697",2026-01-28,03:13:46,"55.0,20.0",International,10m,Sentinel-2,5,"Frégate, Navire de soutien, Chalutier, Destroyer, Navire de guerre",1.9,https://example.com/satellite_images/satellite_009.jpg,0.6518584273252466,0.2697678569856787,0.16175332688601296,0.13985543925755697,0.022622082583014545,1.156575158926275,0,0,0,0,0
0,Faible,DET-092-00237,IMG-092,satellite_092.jpg,2026-01-17T08:57:22Z,Cargo,0.72,False,ZONE-011,Port de Busan,Medium,35.1,129.0,MIL-001,Zone militaire 2 - Port de Shanghai,Critical,821.551,False,"0.5111244443929567,0.44337869949869635,0.033982904402605346,0.1308772462216532",2026-01-17,08:57:22,"35.1,129.0",South Korea,1m,Landsat-8,1,Cargo,33.4,https://example.com/satellite_images/satellite_092.jpg,0.5111244443929567,0.44337869949869635,0.033982904402605346,0.1308772462216532,0.004447588946826683,0.25965479396664587,0,0,0,0,0
0,Faible,DET-017-00059,IMG-017,satellite_017.jpg,2026-06-14T06:02:40Z,Chalutier,0.71,False,ZONE-015,Mer Baltique,Medium,55.0,20.0,MIL-010,Zone militaire 11 - Port militaire de Toulon,High,1666.902,False,"0.15101099887549438,0.02024540428638515,0.08486357949370754,0.11014251100063252",2026-06-14,06:02:40,"55.0,20.0",International,5m,PlanetScope,4,"Navire de guerre, Porte-avions, Destroyer, Chalutier",9.5,https://example.com/satellite_images/satellite_017.jpg,0.15101099887549438,0.02024540428638515,0.08486357949370754,0.11014251100063252,0.009347087737938735,0.77048887593656,0,0,0,0,0
0,Faible,DET-020-00062,IMG-020,satellite_020.jpg,2026-10-22T12:31:57Z,Navire civil,0.71,False,ZONE-014,Port de Singapour,Low,1.3,103.8,MIL-001,Zone militaire 2 - Port de Shanghai,Critical,3810.398,False,"0.057542039680685254,0.5523510074786793,0.03866282753844327,0.27201418443302305",2026-10-22,12:31:57,"1.3,103.8",Singapore,0.5m,Sentinel-2,5,"Navire civil, Chalutier, Pétrolier, Frégate, Cargo",14.0,https://example.com/satellite_images/satellite_020.jpg,0.057542039680685254,0.5523510074786793,0.03866282753844327,0.27201418443302305,0.010516837500744272,0.14213533613708687,0,0,0,0,0
